name,meal_type,calories,protein_g,carbs_g,fat_g,fiber_g,sugar_g,sodium_mg,cholesterol_mg,category,n_observations,source,food_id,protein_density,fiber_density,protein_frac,carb_frac,fat_frac
Acai Bowl (1 serving),breakfast,350.0,5.0,60.0,12.0,10.0,30.0,40.0,0.0,Meal/Fruit,1,Kaggle Daily Food & Nutrition,acai_bowl_1_serving__breakfast,1.4285714285714286,2.857142857142857,0.05434782608695652,0.6521739130434783,0.29347826086956524
Almond Milk (Unsweetened 1 cup),breakfast,30.0,1.0,1.0,2.5,1.0,0.0,160.0,0.0,Beverage/Dairy-Alt,1,Kaggle Daily Food & Nutrition,almond_milk_unsweetened_1_cup__breakfast,3.3333333333333335,3.3333333333333335,0.13114754098360656,0.13114754098360656,0.7377049180327869
Avocado (1/2 fruit),breakfast,160.0,2.0,8.5,14.7,6.7,0.7,7.0,0.0,Fruit,1,Kaggle Daily Food & Nutrition,avocado_1_2_fruit__breakfast,1.25,4.1875,0.04589787722317843,0.19506597819850835,0.7590361445783133
Avocado Toast (1 slice),breakfast,260.0,7.0,28.0,15.0,10.0,1.0,350.0,0.0,Meal/Vegetarian,1,Kaggle Daily Food & Nutrition,avocado_toast_1_slice__breakfast,2.6923076923076925,3.8461538461538463,0.10181818181818182,0.4072727272727273,0.4909090909090909
Bacon (2 slices cooked),breakfast,86.0,6.0,0.2,6.8,0.0,0.1,330.0,18.0,Protein/Meat,2,Kaggle Daily Food & Nutrition,bacon_2_slices_cooked__breakfast,6.976744186046512,0.0,0.27906976744186046,0.009302325581395349,0.7116279069767442
Bagel (plain),breakfast,270.0,11.0,55.0,1.5,2.0,5.0,430.0,0.0,Grain,1,Kaggle Daily Food & Nutrition,bagel_plain__breakfast,4.074074074074074,0.7407407407407408,0.15855855855855855,0.7927927927927928,0.04864864864864865
Banana,breakfast,105.0,1.3,27.0,0.4,3.1,14.0,1.0,0.0,Fruit,1,Kaggle Daily Food & Nutrition,banana__breakfast,1.2380952380952381,2.9523809523809526,0.044520547945205484,0.9246575342465754,0.03082191780821918
Biscuits and Gravy (1 serving),breakfast,480.0,10.0,45.0,28.0,2.0,3.0,1100.0,35.0,Meal/Processed,1,Kaggle Daily Food & Nutrition,biscuits_and_gravy_1_serving__breakfast,2.083333333333333,0.4166666666666667,0.0847457627118644,0.3813559322033898,0.5338983050847458
Blueberries (1/2 cup),breakfast,42.0,0.5,11.0,0.2,1.8,7.0,1.0,0.0,Fruit,1,Kaggle Daily Food & Nutrition,blueberries_1_2_cup__breakfast,1.1904761904761905,4.285714285714286,0.041841004184100423,0.9205020920502093,0.03765690376569038
Bread with Dhal Curry,breakfast,330.0,12.0,52.0,8.0,6.0,3.0,480.0,0.0,Sri Lankan - Bread & Curry,1,"Curated regional (Sri Lankan, per serving)",bread_with_dhal_curry__breakfast,3.6363636363636362,1.8181818181818181,0.14634146341463414,0.6341463414634146,0.21951219512195122
Butter (1 tbsp),breakfast,100.0,0.1,0.0,11.0,0.0,0.0,82.0,30.0,Condiment/Dairy,1,Kaggle Daily Food & Nutrition,butter_1_tbsp__breakfast,0.1,0.0,0.004024144869215292,0.0,0.9959758551307847
Canadian Bacon (2 slices),breakfast,80.0,12.0,1.0,3.0,0.0,1.0,650.0,40.0,Protein/Meat,1,Kaggle Daily Food & Nutrition,canadian_bacon_2_slices__breakfast,15.0,0.0,0.6075949367088608,0.05063291139240506,0.34177215189873417
Century Egg (1 egg),breakfast,100.0,7.0,1.0,7.0,0.0,0.5,300.0,200.0,Protein,1,Kaggle Daily Food & Nutrition,century_egg_1_egg__breakfast,7.000000000000001,0.0,0.29473684210526313,0.042105263157894736,0.6631578947368421
Cereal (Frosted Flakes 1 cup),breakfast,130.0,2.0,31.0,0.0,1.0,11.0,190.0,0.0,Grain/Processed,1,Kaggle Daily Food & Nutrition,cereal_frosted_flakes_1_cup__breakfast,1.5384615384615385,0.7692307692307693,0.06060606060606061,0.9393939393939394,0.0
Cereal Bar (Fruit),breakfast,140.0,2.0,30.0,3.0,1.0,15.0,110.0,0.0,Snack/Processed,1,Kaggle Daily Food & Nutrition,cereal_bar_fruit__breakfast,1.4285714285714286,0.7142857142857143,0.05161290322580645,0.7741935483870968,0.17419354838709677
Cheese Danish,breakfast,340.0,7.0,38.0,18.0,2.0,16.0,300.0,55.0,Dessert,1,Kaggle Daily Food & Nutrition,cheese_danish__breakfast,2.0588235294117645,0.5882352941176471,0.08187134502923976,0.4444444444444444,0.47368421052631576
"Cheese, cottage, lowfat, 2% milkfat",breakfast,84.0,11.0,4.31,2.3,0.0,0.0,321.0,12.0,USDA,1,USDA FoodData Central (per 100 g),cheese_cottage_lowfat_2_milkfat__breakfast,13.095238095238097,0.0,0.5369782767878936,0.21039785208689282,0.25262387112521356
"Cheese, ricotta, whole milk",breakfast,157.0,7.81,6.86,11.0,0.0,0.0,105.0,48.0,USDA,1,USDA FoodData Central (per 100 g),cheese_ricotta_whole_milk__breakfast,4.97452229299363,0.0,0.19812278031456113,0.17402333840690004,0.6278538812785388
Cheesy Grits (1 cup),breakfast,210.0,6.0,34.0,6.0,2.0,1.0,550.0,20.0,Meal/Grain,1,Kaggle Daily Food & Nutrition,cheesy_grits_1_cup__breakfast,2.857142857142857,0.9523809523809524,0.11214953271028037,0.6355140186915887,0.2523364485981308
Chocolate Croissant,breakfast,350.0,6.0,40.0,19.0,3.0,15.0,300.0,40.0,Dessert,1,Kaggle Daily Food & Nutrition,chocolate_croissant__breakfast,1.7142857142857144,0.8571428571428572,0.0676056338028169,0.4507042253521127,0.48169014084507045
Chocolate Donut (1 medium),breakfast,300.0,4.0,35.0,17.0,2.0,18.0,230.0,20.0,Dessert,1,Kaggle Daily Food & Nutrition,chocolate_donut_1_medium__breakfast,1.3333333333333335,0.6666666666666667,0.05177993527508091,0.45307443365695793,0.49514563106796117
Coconut Flakes (1 tbsp topping),breakfast,35.0,0.3,1.5,3.3,0.7,0.5,1.0,0.0,Fruit,1,Kaggle Daily Food & Nutrition,coconut_flakes_1_tbsp_topping__breakfast,0.8571428571428572,2.0,0.032520325203252036,0.16260162601626016,0.8048780487804879
Coffee (with cream/sugar),breakfast,50.0,0.5,5.0,3.0,0.0,4.5,10.0,10.0,Beverage,2,Kaggle Daily Food & Nutrition,coffee_with_cream_sugar__breakfast,1.0,0.0,0.04081632653061224,0.40816326530612246,0.5510204081632653
Congee (1 cup plain),breakfast,130.0,2.5,28.0,1.0,1.0,0.5,300.0,0.0,Meal/Grain,1,Kaggle Daily Food & Nutrition,congee_1_cup_plain__breakfast,1.9230769230769231,0.7692307692307693,0.07633587786259542,0.8549618320610687,0.06870229007633588
"Cookies, oatmeal, soft, with raisins",breakfast,430.0,5.79,69.6,14.3,3.3,0.0,314.0,0.0,USDA,1,USDA FoodData Central (per 100 g),cookies_oatmeal_soft_with_raisins__breakfast,1.3465116279069769,0.7674418604651162,0.053827918003067916,0.6470506205550132,0.29912146144191887
Corn Flakes (1 cup),breakfast,100.0,2.0,24.0,0.0,1.0,3.0,200.0,0.0,Grain,1,Kaggle Daily Food & Nutrition,corn_flakes_1_cup__breakfast,2.0,1.0,0.07692307692307693,0.9230769230769231,0.0
Cranberry Juice (1 cup),breakfast,130.0,0.0,33.0,0.0,0.0,30.0,10.0,0.0,Beverage,1,Kaggle Daily Food & Nutrition,cranberry_juice_1_cup__breakfast,0.0,0.0,0.0,1.0,0.0
Cream Cheese (2 tbsp),breakfast,100.0,2.0,2.0,10.0,0.0,1.0,90.0,30.0,Dairy,1,Kaggle Daily Food & Nutrition,cream_cheese_2_tbsp__breakfast,2.0,0.0,0.07547169811320754,0.07547169811320754,0.8490566037735849
Crepe (1 plain),breakfast,90.0,3.5,14.0,2.0,0.5,3.0,100.0,25.0,Grain,1,Kaggle Daily Food & Nutrition,crepe_1_plain__breakfast,3.888888888888889,0.5555555555555556,0.1590909090909091,0.6363636363636364,0.20454545454545456
Danish (Cheese 1 medium),breakfast,340.0,7.0,38.0,18.0,2.0,16.0,300.0,55.0,Dessert,1,Kaggle Daily Food & Nutrition,danish_cheese_1_medium__breakfast,2.0588235294117645,0.5882352941176471,0.08187134502923976,0.4444444444444444,0.47368421052631576
Egg Hoppers (Bittara Appa),breakfast,300.0,12.0,34.0,13.0,2.0,3.0,260.0,186.0,Sri Lankan - Hoppers,1,"Curated regional (Sri Lankan, per serving)",egg_hoppers_bittara_appa__breakfast,4.0,0.6666666666666667,0.15946843853820597,0.45182724252491696,0.38870431893687707
"Egg, white, dried",breakfast,376.0,79.9,6.02,0.65,0.0,0.0,1250.0,17.0,USDA,1,USDA FoodData Central (per 100 g),egg_white_dried__breakfast,21.250000000000004,0.0,0.9143707264040283,0.06889251280290674,0.016736760793064975
"Egg, white, raw, frozen, pasteurized",breakfast,48.0,10.1,0.74,0.16,0.0,0.0,144.0,3.0,USDA,1,USDA FoodData Central (per 100 g),egg_white_raw_frozen_pasteurized__breakfast,21.041666666666668,0.0,0.9017857142857143,0.06607142857142857,0.03214285714285715
"Egg, whole, dried",breakfast,575.0,48.1,1.87,39.8,0.0,0.0,485.0,1700.0,USDA,1,USDA FoodData Central (per 100 g),egg_whole_dried__breakfast,8.365217391304348,0.0,0.34475344036697253,0.013403096330275232,0.6418434633027523
"Egg, whole, raw, frozen, pasteurized",breakfast,150.0,12.3,0.91,10.3,0.0,0.0,121.0,420.0,USDA,1,USDA FoodData Central (per 100 g),egg_whole_raw_frozen_pasteurized__breakfast,8.200000000000001,0.0,0.3380513948055517,0.025010306444963583,0.6369382987494846
"Egg, yolk, dried",breakfast,654.0,34.2,1.07,55.5,0.0,0.0,149.0,2340.0,USDA,1,USDA FoodData Central (per 100 g),egg_yolk_dried__breakfast,5.229357798165138,0.0,0.2135564644540885,0.006681444940522651,0.7797620906053888
"Egg, yolk, raw, frozen, pasteurized",breakfast,296.0,15.6,0.59,25.1,0.0,0.0,66.0,1000.0,USDA,1,USDA FoodData Central (per 100 g),egg_yolk_raw_frozen_pasteurized__breakfast,5.27027027027027,0.0,0.2146838230234638,0.008119452281015618,0.7771967246955205
Eggo Waffle (2 waffles),breakfast,180.0,4.0,30.0,5.0,1.0,4.0,400.0,0.0,Grain/Processed,1,Kaggle Daily Food & Nutrition,eggo_waffle_2_waffles__breakfast,2.2222222222222223,0.5555555555555556,0.08839779005524862,0.6629834254143646,0.24861878453038674
Eggs Benedict (1 serving),breakfast,600.0,25.0,30.0,40.0,3.0,4.0,1100.0,450.0,Meal/Protein,1,Kaggle Daily Food & Nutrition,eggs_benedict_1_serving__breakfast,4.166666666666666,0.5,0.1724137931034483,0.20689655172413793,0.6206896551724138
"Eggs, Grade A, Large, egg white",breakfast,55.0,10.7,2.36,0.0,0.0,0.0,0.0,0.0,USDA,1,USDA FoodData Central (per 100 g),eggs_grade_a_large_egg_white__breakfast,19.454545454545453,0.0,0.8192955589586524,0.18070444104134764,0.0
"Eggs, Grade A, Large, egg whole",breakfast,148.0,12.4,0.96,9.96,0.0,0.0,129.0,411.0,USDA,1,USDA FoodData Central (per 100 g),eggs_grade_a_large_egg_whole__breakfast,8.378378378378379,0.0,0.3466592116298574,0.02683813251327928,0.6265026558568634
"Eggs, Grade A, Large, egg yolk",breakfast,334.0,16.2,1.02,28.8,0.0,0.0,0.0,0.0,USDA,1,USDA FoodData Central (per 100 g),eggs_grade_a_large_egg_yolk__breakfast,4.850299401197605,0.0,0.19751280175566935,0.012435991221653257,0.7900512070226774
English Muffin (whole wheat),breakfast,134.0,6.0,26.0,1.0,4.4,1.0,210.0,0.0,Grain,2,Kaggle Daily Food & Nutrition,english_muffin_whole_wheat__breakfast,4.477611940298507,3.2835820895522394,0.17518248175182483,0.7591240875912408,0.06569343065693431
Granola (1/4 cup topping),breakfast,120.0,3.0,15.0,6.0,3.0,7.0,20.0,0.0,Grain,1,Kaggle Daily Food & Nutrition,granola_1_4_cup_topping__breakfast,2.5,2.5,0.09523809523809523,0.47619047619047616,0.42857142857142855
Grapefruit (1/2 medium),breakfast,52.0,1.1,13.2,0.2,2.0,8.5,0.0,0.0,Fruit,1,Kaggle Daily Food & Nutrition,grapefruit_1_2_medium__breakfast,2.1153846153846154,3.8461538461538463,0.0745762711864407,0.8949152542372882,0.03050847457627119
"Grapefruit juice, white, canned or bottled, unsweetened",breakfast,37.0,0.55,7.59,0.7,0.2,0.0,1.0,0.0,USDA,1,USDA FoodData Central (per 100 g),grapefruit_juice_white_canned_or_bottled_unsweetened__breakfast,1.4864864864864866,0.5405405405405406,0.05661348430262481,0.7812660833762224,0.16212043232115286
Grits (1 cup cooked),breakfast,150.0,3.0,32.0,1.0,2.0,0.5,320.0,0.0,Grain,1,Kaggle Daily Food & Nutrition,grits_1_cup_cooked__breakfast,2.0,1.3333333333333335,0.08053691275167785,0.8590604026845637,0.06040268456375839
Ham & Cheese Croissant,breakfast,400.0,15.0,35.0,22.0,2.0,6.0,750.0,60.0,Meal/Processed,1,Kaggle Daily Food & Nutrition,ham_cheese_croissant__breakfast,3.75,0.5,0.1507537688442211,0.35175879396984927,0.49748743718592964
Hash Browns (1 cup),breakfast,330.0,3.0,38.0,19.0,3.0,1.0,550.0,0.0,Vegetable,1,Kaggle Daily Food & Nutrition,hash_browns_1_cup__breakfast,0.9090909090909091,0.9090909090909091,0.03582089552238806,0.4537313432835821,0.5104477611940299
Hollandaise Sauce (2 tbsp),breakfast,110.0,1.0,0.5,12.0,0.0,0.2,150.0,50.0,Condiment,1,Kaggle Daily Food & Nutrition,hollandaise_sauce_2_tbsp__breakfast,0.9090909090909091,0.0,0.03508771929824561,0.017543859649122806,0.9473684210526315
Honey (1 tbsp),breakfast,64.0,0.1,17.3,0.0,0.0,17.2,1.0,0.0,Condiment,1,Kaggle Daily Food & Nutrition,honey_1_tbsp__breakfast,0.15625,0.0,0.005747126436781609,0.9942528735632183,0.0
Honey (1 tsp drizzle),breakfast,21.0,0.0,5.8,0.0,0.0,5.8,0.0,0.0,Condiment,1,Kaggle Daily Food & Nutrition,honey_1_tsp_drizzle__breakfast,0.0,0.0,0.0,1.0,0.0
Idli,breakfast,180.0,6.0,36.0,1.0,2.0,0.5,220.0,0.0,Sri Lankan - Steamed Rice Cake,1,"Curated regional (Sri Lankan, per serving)",idli__breakfast,3.3333333333333335,1.1111111111111112,0.13559322033898305,0.8135593220338984,0.05084745762711865
Jelly (1 tbsp grape),breakfast,50.0,0.0,13.0,0.0,0.1,12.0,5.0,0.0,Condiment,2,Kaggle Daily Food & Nutrition,jelly_1_tbsp_grape__breakfast,0.0,0.2,0.0,1.0,0.0
Kefir (Plain 1 cup),breakfast,104.0,10.0,10.0,2.5,0.0,9.0,100.0,10.0,Beverage/Dairy,1,Kaggle Daily Food & Nutrition,kefir_plain_1_cup__breakfast,9.615384615384617,0.0,0.3902439024390244,0.3902439024390244,0.21951219512195122
Kola Kanda (Herbal Porridge),breakfast,120.0,3.0,20.0,3.0,3.0,2.0,90.0,0.0,Sri Lankan - Porridge,1,"Curated regional (Sri Lankan, per serving)",kola_kanda_herbal_porridge__breakfast,2.5,2.5,0.10084033613445378,0.6722689075630253,0.226890756302521
Labneh (2 tbsp),breakfast,60.0,4.0,2.0,4.0,0.0,2.0,80.0,15.0,Dairy,1,Kaggle Daily Food & Nutrition,labneh_2_tbsp__breakfast,6.666666666666667,0.0,0.26666666666666666,0.13333333333333333,0.6
Manakeesh (Za'atar 1 small),breakfast,300.0,7.0,45.0,10.0,4.0,2.0,500.0,0.0,Meal/Vegetarian,1,Kaggle Daily Food & Nutrition,manakeesh_za_atar_1_small__breakfast,2.3333333333333335,1.3333333333333335,0.09395973154362416,0.6040268456375839,0.30201342281879195
Maple Syrup (1 tbsp),breakfast,52.0,0.0,13.5,0.0,0.0,12.0,1.0,0.0,Condiment,1,Kaggle Daily Food & Nutrition,maple_syrup_1_tbsp__breakfast,0.0,0.0,0.0,1.0,0.0
Maple Syrup (2 tbsp),breakfast,104.0,0.0,27.0,0.0,0.0,24.0,2.0,0.0,Condiment,2,Kaggle Daily Food & Nutrition,maple_syrup_2_tbsp__breakfast,0.0,0.0,0.0,1.0,0.0
Media Luna (1 pastry),breakfast,190.0,4.0,25.0,8.0,1.0,9.0,150.0,25.0,Grain,1,Kaggle Daily Food & Nutrition,media_luna_1_pastry__breakfast,2.1052631578947367,0.5263157894736842,0.0851063829787234,0.5319148936170213,0.3829787234042553
"Milk (2%, 1 cup)",breakfast,122.0,8.0,12.0,5.0,0.0,12.0,100.0,20.0,Dairy,1,Kaggle Daily Food & Nutrition,milk_2_1_cup__breakfast,6.557377049180328,0.0,0.256,0.384,0.36
Milk Rice (Kiribath),breakfast,320.0,5.0,48.0,12.0,2.0,1.0,240.0,0.0,Sri Lankan - Rice,1,"Curated regional (Sri Lankan, per serving)",milk_rice_kiribath__breakfast,1.5625,0.625,0.0625,0.6,0.3375
"Milk, lowfat, fluid, 1% milkfat, with added vitamin A and vitamin D",breakfast,43.0,3.38,5.19,0.95,0.0,0.0,39.0,5.0,USDA,1,USDA FoodData Central (per 100 g),milk_lowfat_fluid_1_milkfat_with_added_vitamin_a_and_vitamin__breakfast,7.8604651162790695,0.0,0.3156665888395984,0.48470698108802246,0.19962643007237915
"Milk, nonfat, fluid, with added vitamin A and vitamin D (fat free or skim)",breakfast,34.0,3.43,4.89,0.08,0.0,0.0,41.0,3.0,USDA,1,USDA FoodData Central (per 100 g),milk_nonfat_fluid_with_added_vitamin_a_and_vitamin_d_fat_fre__breakfast,10.088235294117649,0.0,0.4035294117647059,0.5752941176470587,0.021176470588235293
"Milk, reduced fat, fluid, 2% milkfat, with added vitamin A and vitamin D",breakfast,50.0,3.35,4.91,1.9,0.0,0.0,39.0,8.0,USDA,1,USDA FoodData Central (per 100 g),milk_reduced_fat_fluid_2_milkfat_with_added_vitamin_a_and_vi__breakfast,6.7,0.0,0.2672516952532908,0.3917032309533307,0.3410450737933785
"Milk, whole, 3.25% milkfat, with added vitamin D",breakfast,60.0,3.28,4.67,3.2,0.0,0.0,38.0,12.0,USDA,1,USDA FoodData Central (per 100 g),milk_whole_3_25_milkfat_with_added_vitamin_d__breakfast,5.466666666666666,0.0,0.21650165016501652,0.3082508250825083,0.4752475247524753
Muffin (Blueberry 1 large),breakfast,380.0,5.0,55.0,16.0,2.0,30.0,350.0,50.0,Grain/Dessert,2,Kaggle Daily Food & Nutrition,muffin_blueberry_1_large__breakfast,1.3157894736842104,0.5263157894736842,0.052083333333333336,0.5729166666666666,0.375
Nutella (1 tbsp),breakfast,100.0,1.5,11.0,6.0,1.0,10.0,10.0,0.0,Condiment,1,Kaggle Daily Food & Nutrition,nutella_1_tbsp__breakfast,1.5,1.0,0.057692307692307696,0.4230769230769231,0.5192307692307693
Nutritional Yeast (1 tbsp),breakfast,20.0,3.0,2.0,0.0,1.0,0.0,10.0,0.0,Condiment,1,Kaggle Daily Food & Nutrition,nutritional_yeast_1_tbsp__breakfast,15.0,5.0,0.6,0.4,0.0
Oat Milk (1 cup),breakfast,120.0,3.0,16.0,5.0,2.0,7.0,100.0,0.0,Beverage/Dairy-Alt,1,Kaggle Daily Food & Nutrition,oat_milk_1_cup__breakfast,2.5,1.6666666666666667,0.09917355371900827,0.5289256198347108,0.371900826446281
Oatmeal (1 cup cooked),breakfast,160.0,6.0,28.0,3.0,4.0,1.0,2.0,0.0,Grain,1,Kaggle Daily Food & Nutrition,oatmeal_1_cup_cooked__breakfast,3.75,2.5,0.147239263803681,0.6871165644171779,0.1656441717791411
Olive Oil (1 tbsp on bread),breakfast,120.0,0.0,0.0,14.0,0.0,0.0,0.0,0.0,Condiment,1,Kaggle Daily Food & Nutrition,olive_oil_1_tbsp_on_bread__breakfast,0.0,0.0,0.0,0.0,1.0
Olives (5 side),breakfast,35.0,0.2,1.0,3.5,0.5,0.0,210.0,0.0,Fruit,1,Kaggle Daily Food & Nutrition,olives_5_side__breakfast,0.5714285714285714,1.4285714285714286,0.022038567493112952,0.11019283746556474,0.8677685950413224
Orange Juice (1 cup),breakfast,112.0,1.7,25.8,0.5,0.7,20.8,2.0,0.0,Beverage,2,Kaggle Daily Food & Nutrition,orange_juice_1_cup__breakfast,1.5178571428571428,0.625,0.059388646288209605,0.9013100436681223,0.039301310043668124
Pancakes (2 medium),breakfast,180.0,5.0,30.0,5.0,1.0,6.0,450.0,25.0,Grain,2,Kaggle Daily Food & Nutrition,pancakes_2_medium__breakfast,2.7777777777777777,0.5555555555555556,0.10810810810810811,0.6486486486486487,0.24324324324324326
Pittu with Coconut Milk,breakfast,380.0,7.0,60.0,13.0,4.0,2.0,200.0,0.0,Sri Lankan - Steamed Rice Flour,1,"Curated regional (Sri Lankan, per serving)",pittu_with_coconut_milk__breakfast,1.8421052631578945,1.0526315789473684,0.07272727272727272,0.6233766233766234,0.3038961038961039
Plain Hoppers (Appa),breakfast,240.0,4.0,46.0,4.0,1.5,4.0,150.0,0.0,Sri Lankan - Hoppers,1,"Curated regional (Sri Lankan, per serving)",plain_hoppers_appa__breakfast,1.6666666666666667,0.625,0.06779661016949153,0.7796610169491526,0.15254237288135594
Poached Egg (1 large),breakfast,72.0,6.3,0.4,4.8,0.0,0.4,140.0,185.0,Protein,1,Kaggle Daily Food & Nutrition,poached_egg_1_large__breakfast,8.75,0.0,0.36,0.022857142857142857,0.6171428571428571
Pol Roti (Coconut Roti),breakfast,340.0,6.0,44.0,15.0,5.0,2.0,320.0,0.0,Sri Lankan - Flatbread,1,"Curated regional (Sri Lankan, per serving)",pol_roti_coconut_roti__breakfast,1.7647058823529411,1.4705882352941175,0.07164179104477612,0.5253731343283582,0.40298507462686567
Pork Floss (1 tbsp),breakfast,50.0,4.0,3.0,2.0,0.0,2.5,150.0,10.0,Protein/Meat,1,Kaggle Daily Food & Nutrition,pork_floss_1_tbsp__breakfast,8.0,0.0,0.34782608695652173,0.2608695652173913,0.391304347826087
"Pork, cured, bacon, cooked, restaurant",breakfast,500.0,40.9,2.1,36.5,0.0,0.0,1830.0,0.0,USDA,1,USDA FoodData Central (per 100 g),pork_cured_bacon_cooked_restaurant__breakfast,8.18,0.0,0.32687312687312686,0.016783216783216783,0.6563436563436563
Rice Krispies (1.5 cups),breakfast,160.0,3.0,37.0,0.5,0.5,4.0,290.0,0.0,Grain,1,Kaggle Daily Food & Nutrition,rice_krispies_1_5_cups__breakfast,1.875,0.3125,0.0729483282674772,0.8996960486322189,0.02735562310030395
Sausage Link (1 cooked),breakfast,85.0,5.0,1.0,7.0,0.0,0.5,300.0,20.0,Protein/Meat,2,Kaggle Daily Food & Nutrition,sausage_link_1_cooked__breakfast,5.88235294117647,0.0,0.22988505747126436,0.04597701149425287,0.7241379310344828
"Sausage, Italian, pork, mild, cooked, pan-fried",breakfast,322.0,18.2,2.15,26.2,0.0,0.0,766.0,80.0,USDA,1,USDA FoodData Central (per 100 g),sausage_italian_pork_mild_cooked_pan_fried__breakfast,5.6521739130434785,0.0,0.22950819672131148,0.02711223203026482,0.7433795712484237
"Sausage, breakfast sausage, beef, pre-cooked, unprepared",breakfast,328.0,13.3,3.37,28.7,0.0,0.0,866.0,61.0,USDA,1,USDA FoodData Central (per 100 g),sausage_breakfast_sausage_beef_pre_cooked_unprepared__breakfast,4.054878048780488,0.0,0.16370238168502677,0.041479475660040614,0.7948181426549326
"Sausage, pork, chorizo, link or ground, cooked, pan-fried",breakfast,346.0,19.3,2.63,28.1,0.0,0.0,983.0,107.0,USDA,1,USDA FoodData Central (per 100 g),sausage_pork_chorizo_link_or_ground_cooked_pan_fried__breakfast,5.578034682080925,0.0,0.2266455287417063,0.030884857025424223,0.7424696142328695
"Sausage, turkey, breakfast links, mild, raw",breakfast,169.0,16.7,0.93,10.4,0.0,0.0,599.0,78.0,USDA,1,USDA FoodData Central (per 100 g),sausage_turkey_breakfast_links_mild_raw__breakfast,9.881656804733728,0.0,0.4070192542042408,0.022666341701194248,0.570314404094565
Scrambled Eggs (2 large),breakfast,180.0,12.0,2.0,14.0,0.0,1.0,180.0,370.0,Protein/Dairy,1,Kaggle Daily Food & Nutrition,scrambled_eggs_2_large__breakfast,6.666666666666667,0.0,0.26373626373626374,0.04395604395604396,0.6923076923076923
Smoothie (Fruit & Yogurt),breakfast,280.0,12.0,55.0,3.0,7.0,40.0,70.0,5.0,Beverage/Meal,2,Kaggle Daily Food & Nutrition,smoothie_fruit_yogurt__breakfast,4.285714285714286,2.5,0.16271186440677965,0.7457627118644068,0.09152542372881356
Soy Milk (Original 1 cup),breakfast,110.0,8.0,9.0,4.5,2.0,6.0,125.0,0.0,Beverage/Dairy-Alt,1,Kaggle Daily Food & Nutrition,soy_milk_original_1_cup__breakfast,7.2727272727272725,1.8181818181818181,0.29493087557603687,0.3317972350230415,0.37327188940092165
Soyrizo (2 oz),breakfast,140.0,10.0,6.0,9.0,3.0,2.0,450.0,0.0,Protein/Vegetarian,1,Kaggle Daily Food & Nutrition,soyrizo_2_oz__breakfast,7.142857142857142,2.142857142857143,0.27586206896551724,0.16551724137931034,0.5586206896551724
String Hoppers (Idiyappam),breakfast,350.0,7.0,76.0,1.5,3.0,0.5,180.0,0.0,Sri Lankan - Rice Flour,1,"Curated regional (Sri Lankan, per serving)",string_hoppers_idiyappam__breakfast,2.0,0.8571428571428572,0.08104196816208394,0.8798842257597684,0.03907380607814761
Thosai (Dosa),breakfast,260.0,8.0,46.0,5.0,3.0,1.0,300.0,0.0,Sri Lankan - Fermented Batter,1,"Curated regional (Sri Lankan, per serving)",thosai_dosa__breakfast,3.076923076923077,1.153846153846154,0.12260536398467432,0.7049808429118773,0.1724137931034483
Tofu Scramble,breakfast,250.0,20.0,8.0,16.0,4.0,3.0,300.0,0.0,Meal/Vegetarian,1,Kaggle Daily Food & Nutrition,tofu_scramble__breakfast,8.0,1.6,0.3125,0.125,0.5625
Turkey Bacon (2 slices),breakfast,70.0,6.0,1.0,5.0,0.0,0.5,360.0,30.0,Protein/Meat,1,Kaggle Daily Food & Nutrition,turkey_bacon_2_slices__breakfast,8.571428571428571,0.0,0.3287671232876712,0.0547945205479452,0.6164383561643836
Turkey Sausage (1 patty),breakfast,70.0,9.0,1.0,4.0,0.0,0.5,280.0,35.0,Protein/Meat,1,Kaggle Daily Food & Nutrition,turkey_sausage_1_patty__breakfast,12.857142857142856,0.0,0.47368421052631576,0.05263157894736842,0.47368421052631576
Waffles (2 homemade),breakfast,220.0,6.0,28.0,9.0,1.5,3.0,420.0,45.0,Grain,2,Kaggle Daily Food & Nutrition,waffles_2_homemade__breakfast,2.727272727272727,0.6818181818181818,0.11059907834101383,0.5161290322580645,0.37327188940092165
White Bread (1 slice),breakfast,70.0,2.0,13.0,1.0,0.6,1.2,140.0,0.0,Grain,2,Kaggle Daily Food & Nutrition,white_bread_1_slice__breakfast,2.857142857142857,0.8571428571428572,0.11594202898550725,0.7536231884057971,0.13043478260869565
Whole Wheat Toast (1 slice),breakfast,80.0,4.0,14.0,1.0,2.0,2.0,140.0,0.0,Grain,1,Kaggle Daily Food & Nutrition,whole_wheat_toast_1_slice__breakfast,5.0,2.5,0.19753086419753085,0.691358024691358,0.1111111111111111
"Yogurt, Greek, plain, nonfat",breakfast,61.0,10.3,3.64,0.37,0.0,0.0,36.0,5.0,USDA,1,USDA FoodData Central (per 100 g),yogurt_greek_plain_nonfat__breakfast,16.885245901639344,0.0,0.6972414960230158,0.24640379082755118,0.056354713149433064
"Yogurt, Greek, strawberry, nonfat",breakfast,83.0,8.06,12.2,0.15,0.6,0.0,32.0,4.0,USDA,1,USDA FoodData Central (per 100 g),yogurt_greek_strawberry_nonfat__breakfast,9.710843373493978,0.7228915662650601,0.39130962495448485,0.592304891370312,0.016385483675203302
Za'atar (1 tbsp),breakfast,40.0,1.0,3.0,3.0,1.5,0.0,150.0,0.0,Condiment,1,Kaggle Daily Food & Nutrition,za_atar_1_tbsp__breakfast,2.5,3.75,0.09302325581395349,0.27906976744186046,0.627906976744186
Aioli (Garlic 1 tbsp),dinner,95.0,0.1,0.5,10.5,0.0,0.1,70.0,5.0,Condiment,1,Kaggle Daily Food & Nutrition,aioli_garlic_1_tbsp__dinner,0.10526315789473684,0.0,0.0041279669762641896,0.02063983488132095,0.9752321981424148
Angel Hair Pasta (1 cup),dinner,200.0,7.0,42.0,1.0,2.0,1.0,1.0,0.0,Grain,1,Kaggle Daily Food & Nutrition,angel_hair_pasta_1_cup__dinner,3.5000000000000004,1.0,0.13658536585365855,0.8195121951219512,0.04390243902439024
Artichoke (1 medium steamed),dinner,60.0,4.2,13.4,0.2,6.9,1.2,112.0,0.0,Vegetable,1,Kaggle Daily Food & Nutrition,artichoke_1_medium_steamed__dinner,7.000000000000001,11.5,0.23268698060941828,0.7423822714681441,0.024930747922437674
Asparagus (1 cup steamed),dinner,40.0,4.3,7.4,0.4,3.6,3.5,4.0,0.0,Vegetable,2,Kaggle Daily Food & Nutrition,asparagus_1_cup_steamed__dinner,10.75,9.0,0.3412698412698413,0.5873015873015873,0.07142857142857144
Asparagus (6 spears roasted),dinner,40.0,4.0,4.0,2.0,3.0,2.0,150.0,0.0,Vegetable,1,Kaggle Daily Food & Nutrition,asparagus_6_spears_roasted__dinner,10.0,7.5,0.32,0.32,0.36
Baked Potato (medium),dinner,160.0,4.3,36.0,0.2,3.8,1.0,17.0,0.0,Vegetable,1,Kaggle Daily Food & Nutrition,baked_potato_medium__dinner,2.6875,2.375,0.10552147239263804,0.8834355828220859,0.011042944785276074
Beef Burrito (large),dinner,650.0,30.0,70.0,28.0,10.0,5.0,1400.0,70.0,Meal/Processed,1,Kaggle Daily Food & Nutrition,beef_burrito_large__dinner,4.615384615384616,1.5384615384615385,0.18404907975460122,0.4294478527607362,0.38650306748466257
Beef Pho (1 large bowl),dinner,450.0,30.0,55.0,12.0,4.0,5.0,1500.0,60.0,Meal/Soup,1,Kaggle Daily Food & Nutrition,beef_pho_1_large_bowl__dinner,6.666666666666667,0.8888888888888888,0.26785714285714285,0.49107142857142855,0.24107142857142858
Beef Steak (6oz sirloin),dinner,270.0,42.0,0.0,10.0,0.0,0.0,90.0,115.0,Protein/Meat,1,Kaggle Daily Food & Nutrition,beef_steak_6oz_sirloin__dinner,15.555555555555555,0.0,0.6511627906976745,0.0,0.3488372093023256
Beef Stroganoff (1.5 cups),dinner,550.0,30.0,40.0,28.0,4.0,6.0,900.0,100.0,Meal/Pasta,1,Kaggle Daily Food & Nutrition,beef_stroganoff_1_5_cups__dinner,5.454545454545454,0.7272727272727273,0.22556390977443608,0.3007518796992481,0.47368421052631576
Beef Tacos (2 hard shell),dinner,380.0,18.0,28.0,22.0,5.0,3.0,600.0,50.0,Meal/Meat,2,Kaggle Daily Food & Nutrition,beef_tacos_2_hard_shell__dinner,4.736842105263158,1.3157894736842104,0.18848167539267016,0.2931937172774869,0.518324607329843
Beef Wellington (1 slice),dinner,600.0,30.0,35.0,38.0,4.0,4.0,850.0,100.0,Meal/Meat,1,Kaggle Daily Food & Nutrition,beef_wellington_1_slice__dinner,5.0,0.6666666666666667,0.19933554817275748,0.23255813953488372,0.5681063122923588
"Beef, loin, tenderloin roast, separable lean only, boneless, trimmed to 0"" fat, select, cooked, roasted",dinner,176.0,27.7,0.0,6.36,0.0,0.0,54.0,85.0,USDA,1,USDA FoodData Central (per 100 g),beef_loin_tenderloin_roast_separable_lean_only_boneless_trim__dinner,15.738636363636363,0.0,0.6593668174244228,0.0,0.3406331825755773
"Beef, loin, top loin steak, boneless, lip-on, separable lean only, trimmed to 1/8"" fat, choice, raw",dinner,155.0,22.8,0.0,6.39,0.0,0.0,45.0,58.0,USDA,1,USDA FoodData Central (per 100 g),beef_loin_top_loin_steak_boneless_lip_on_separable_lean_only__dinner,14.709677419354838,0.0,0.6132741577567077,0.0,0.38672584224329226
"Beef, round, eye of round roast, boneless, separable lean only, trimmed to 0"" fat, select, raw",dinner,122.0,23.4,0.0,2.48,0.0,0.0,50.0,62.0,USDA,1,USDA FoodData Central (per 100 g),beef_round_eye_of_round_roast_boneless_separable_lean_only_t__dinner,19.18032786885246,0.0,0.8074534161490684,0.0,0.1925465838509317
"Beef, round, top round roast, boneless, separable lean only, trimmed to 0"" fat, select, raw",dinner,123.0,23.7,0.0,2.41,0.0,0.0,55.0,63.0,USDA,1,USDA FoodData Central (per 100 g),beef_round_top_round_roast_boneless_separable_lean_only_trim__dinner,19.26829268292683,0.0,0.8138037599793974,0.0,0.18619624002060264
"Beef, short loin, porterhouse steak, separable lean only, trimmed to 1/8"" fat, select, raw",dinner,145.0,22.7,0.0,5.32,0.0,0.0,43.0,57.0,USDA,1,USDA FoodData Central (per 100 g),beef_short_loin_porterhouse_steak_separable_lean_only_trimme__dinner,15.655172413793103,0.0,0.6547447360830689,0.0,0.34525526391693107
"Beef, short loin, t-bone steak, bone-in, separable lean only, trimmed to 1/8"" fat, choice, cooked, grilled",dinner,219.0,27.3,0.0,11.4,0.0,0.0,67.0,80.0,USDA,1,USDA FoodData Central (per 100 g),beef_short_loin_t_bone_steak_bone_in_separable_lean_only_tri__dinner,12.465753424657535,0.0,0.5155807365439093,0.0,0.48441926345609065
Bell Peppers & Onions (sautéed),dinner,60.0,1.5,10.0,2.0,3.0,6.0,30.0,0.0,Vegetable,1,Kaggle Daily Food & Nutrition,bell_peppers_onions_saut_ed__dinner,2.5,5.0,0.09375,0.625,0.28125
Biryani (Chicken 1.5 cups),dinner,520.0,28.0,60.0,18.0,5.0,6.0,900.0,75.0,Meal/Meat,1,Kaggle Daily Food & Nutrition,biryani_chicken_1_5_cups__dinner,5.384615384615385,0.9615384615384616,0.2178988326848249,0.4669260700389105,0.3151750972762646
Bobotie (1 serving),dinner,450.0,25.0,30.0,25.0,5.0,15.0,700.0,150.0,Meal/Meat,1,Kaggle Daily Food & Nutrition,bobotie_1_serving__dinner,5.555555555555555,1.1111111111111112,0.2247191011235955,0.2696629213483146,0.5056179775280899
Breadstick (1 large),dinner,160.0,4.0,28.0,3.0,1.0,2.0,350.0,0.0,Grain,1,Kaggle Daily Food & Nutrition,breadstick_1_large__dinner,2.5,0.625,0.1032258064516129,0.7225806451612903,0.17419354838709677
Burger (cheeseburger),dinner,550.0,30.0,40.0,30.0,3.0,7.0,1100.0,90.0,Meal/Processed,1,Kaggle Daily Food & Nutrition,burger_cheeseburger__dinner,5.454545454545454,0.5454545454545455,0.21818181818181817,0.2909090909090909,0.4909090909090909
Cabbage Slaw (side),dinner,60.0,1.0,8.0,3.0,2.0,5.0,120.0,5.0,Vegetable,1,Kaggle Daily Food & Nutrition,cabbage_slaw_side__dinner,1.6666666666666667,3.3333333333333335,0.06349206349206349,0.5079365079365079,0.42857142857142855
Cacio e Pepe (1.5 cups),dinner,500.0,18.0,65.0,19.0,4.0,3.0,700.0,50.0,Meal/Pasta,1,Kaggle Daily Food & Nutrition,cacio_e_pepe_1_5_cups__dinner,3.5999999999999996,0.8,0.14314115308151093,0.5168986083499006,0.3399602385685885
Calamari (fried 3oz),dinner,150.0,13.0,8.0,7.0,1.0,1.0,600.0,220.0,Meal/Seafood,1,Kaggle Daily Food & Nutrition,calamari_fried_3oz__dinner,8.666666666666668,0.6666666666666667,0.35374149659863946,0.21768707482993196,0.42857142857142855
Cannellini Beans (1/2 cup in soup),dinner,105.0,7.0,20.0,0.5,6.0,1.0,230.0,0.0,Legume,1,Kaggle Daily Food & Nutrition,cannellini_beans_1_2_cup_in_soup__dinner,6.666666666666667,5.714285714285714,0.24888888888888888,0.7111111111111111,0.04
Caponata (1/2 cup),dinner,180.0,2.0,15.0,14.0,5.0,9.0,400.0,0.0,Meal/Vegetable,1,Kaggle Daily Food & Nutrition,caponata_1_2_cup__dinner,1.1111111111111112,2.7777777777777777,0.041237113402061855,0.30927835051546393,0.6494845360824743
Carbonara (1.5 cups),dinner,650.0,25.0,60.0,35.0,4.0,4.0,900.0,250.0,Meal/Pasta,1,Kaggle Daily Food & Nutrition,carbonara_1_5_cups__dinner,3.8461538461538463,0.6153846153846154,0.15267175572519084,0.366412213740458,0.48091603053435117
Chicken Alfredo (1.5 cups),dinner,680.0,35.0,45.0,38.0,4.0,5.0,980.0,120.0,Meal/Pasta,1,Kaggle Daily Food & Nutrition,chicken_alfredo_1_5_cups__dinner,5.147058823529411,0.5882352941176471,0.21148036253776434,0.2719033232628399,0.5166163141993958
Chicken Kebab (2 skewers),dinner,280.0,30.0,8.0,14.0,3.0,4.0,500.0,85.0,Meal/Meat,1,Kaggle Daily Food & Nutrition,chicken_kebab_2_skewers__dinner,10.714285714285714,1.0714285714285714,0.4316546762589928,0.11510791366906475,0.45323741007194246
Chicken Liver (2 oz cooked),dinner,91.0,13.6,0.6,3.6,0.0,0.0,50.0,320.0,Protein/Meat,1,Kaggle Daily Food & Nutrition,chicken_liver_2_oz_cooked__dinner,14.945054945054945,0.0,0.609865470852018,0.026905829596412557,0.36322869955156956
Chicken Milanesa (1 serving),dinner,450.0,35.0,30.0,22.0,3.0,2.0,700.0,100.0,Meal/Meat,1,Kaggle Daily Food & Nutrition,chicken_milanesa_1_serving__dinner,7.777777777777778,0.6666666666666667,0.3056768558951965,0.26200873362445415,0.43231441048034935
Chicken Noodles,dinner,660.0,30.0,84.0,22.0,5.0,4.0,1020.0,80.0,Sri Lankan - Noodles,1,"Curated regional (Sri Lankan, per serving)",chicken_noodles__dinner,4.545454545454546,0.7575757575757576,0.1834862385321101,0.5137614678899083,0.30275229357798167
Chicken Piccata (1 serving),dinner,350.0,30.0,10.0,20.0,1.0,2.0,600.0,90.0,Meal/Meat,1,Kaggle Daily Food & Nutrition,chicken_piccata_1_serving__dinner,8.571428571428571,0.2857142857142857,0.35294117647058826,0.11764705882352941,0.5294117647058824
Chicken Thigh (1 roasted),dinner,210.0,24.0,0.0,13.0,0.0,0.0,90.0,120.0,Protein/Meat,1,Kaggle Daily Food & Nutrition,chicken_thigh_1_roasted__dinner,11.428571428571429,0.0,0.4507042253521127,0.0,0.5492957746478874
Chicken Tikka Masala (1.5 cups),dinner,480.0,30.0,20.0,30.0,5.0,8.0,900.0,95.0,Meal/Meat,1,Kaggle Daily Food & Nutrition,chicken_tikka_masala_1_5_cups__dinner,6.25,1.0416666666666665,0.2553191489361702,0.1702127659574468,0.574468085106383
Chimichurri (1 tbsp),dinner,45.0,0.1,0.5,4.5,0.2,0.1,100.0,0.0,Condiment,1,Kaggle Daily Food & Nutrition,chimichurri_1_tbsp__dinner,0.2222222222222222,0.4444444444444444,0.009324009324009324,0.046620046620046623,0.9440559440559441
Chorizo (1 oz in paella),dinner,130.0,6.0,1.0,11.0,0.0,0.5,350.0,30.0,Protein/Meat,1,Kaggle Daily Food & Nutrition,chorizo_1_oz_in_paella__dinner,4.615384615384616,0.0,0.1889763779527559,0.031496062992125984,0.7795275590551181
Chutney (Mango 1 tbsp),dinner,45.0,0.1,11.0,0.1,0.5,10.0,180.0,0.0,Condiment,1,Kaggle Daily Food & Nutrition,chutney_mango_1_tbsp__dinner,0.2222222222222222,1.1111111111111112,0.00883002207505519,0.9713024282560707,0.019867549668874173
Coconut Milk (1/4 cup canned),dinner,111.0,1.1,2.9,11.6,0.5,1.5,8.0,0.0,Condiment,1,Kaggle Daily Food & Nutrition,coconut_milk_1_4_cup_canned__dinner,0.9909909909909911,0.45045045045045046,0.036544850498338874,0.09634551495016612,0.867109634551495
Coconut Shrimp (5 pcs),dinner,320.0,10.0,25.0,20.0,3.0,8.0,600.0,80.0,Meal/Seafood,1,Kaggle Daily Food & Nutrition,coconut_shrimp_5_pcs__dinner,3.125,0.9375,0.125,0.3125,0.5625
Cod (4oz baked),dinner,95.0,20.0,0.0,0.8,0.0,0.0,95.0,55.0,Protein/Fish,1,Kaggle Daily Food & Nutrition,cod_4oz_baked__dinner,21.052631578947366,0.0,0.9174311926605504,0.0,0.08256880733944955
Collard Greens (1 cup cooked),dinner,60.0,5.0,10.0,1.0,7.0,1.0,40.0,0.0,Vegetable,1,Kaggle Daily Food & Nutrition,collard_greens_1_cup_cooked__dinner,8.333333333333332,11.666666666666666,0.2898550724637681,0.5797101449275363,0.13043478260869565
Collard Greens (with ham hock),dinner,180.0,10.0,15.0,9.0,8.0,3.0,600.0,30.0,Vegetable,1,Kaggle Daily Food & Nutrition,collard_greens_with_ham_hock__dinner,5.555555555555555,4.444444444444445,0.22099447513812154,0.3314917127071823,0.44751381215469616
Corn (1 cup),dinner,132.0,4.7,30.0,1.8,3.6,8.9,2.0,0.0,Vegetable,2,Kaggle Daily Food & Nutrition,corn_1_cup__dinner,3.5606060606060606,2.7272727272727275,0.12129032258064516,0.7741935483870968,0.10451612903225806
Corn Tortilla (1 medium),dinner,52.0,1.4,11.2,0.7,1.5,0.2,4.0,0.0,Grain,1,Kaggle Daily Food & Nutrition,corn_tortilla_1_medium__dinner,2.692307692307692,2.8846153846153846,0.09876543209876543,0.7901234567901234,0.11111111111111112
Corn on the Cob (1 large),dinner,125.0,5.0,29.0,1.5,3.0,5.0,2.0,0.0,Vegetable,1,Kaggle Daily Food & Nutrition,corn_on_the_cob_1_large__dinner,4.0,2.4,0.13377926421404682,0.7759197324414716,0.0903010033444816
Crab Cakes (2 medium),dinner,340.0,20.0,18.0,20.0,1.0,2.0,700.0,120.0,Meal/Seafood,1,Kaggle Daily Food & Nutrition,crab_cakes_2_medium__dinner,5.88235294117647,0.29411764705882354,0.24096385542168675,0.21686746987951808,0.5421686746987951
Creamed Spinach (1/2 cup),dinner,190.0,5.0,8.0,16.0,3.0,2.0,450.0,50.0,Vegetable,1,Kaggle Daily Food & Nutrition,creamed_spinach_1_2_cup__dinner,2.631578947368421,1.5789473684210527,0.10204081632653061,0.16326530612244897,0.7346938775510204
Crushed Tomatoes (1/2 cup sauce),dinner,20.0,1.0,4.0,0.0,1.5,3.0,200.0,0.0,Vegetable,1,Kaggle Daily Food & Nutrition,crushed_tomatoes_1_2_cup_sauce__dinner,5.0,7.5,0.2,0.8,0.0
Cucumber Salad (1/2 cup),dinner,40.0,1.0,5.0,2.0,1.0,4.0,200.0,0.0,Vegetable,1,Kaggle Daily Food & Nutrition,cucumber_salad_1_2_cup__dinner,2.5,2.5,0.09523809523809523,0.47619047619047616,0.42857142857142855
Cuttlefish Curry (No Rice),dinner,220.0,26.0,7.0,9.0,1.0,2.0,560.0,175.0,Sri Lankan - Curry,1,"Curated regional (Sri Lankan, per serving)",cuttlefish_curry_no_rice__dinner,11.818181818181818,0.45454545454545453,0.48826291079812206,0.13145539906103287,0.38028169014084506
Devilled Chicken (No Rice),dinner,320.0,34.0,12.0,15.0,2.0,6.0,780.0,95.0,Sri Lankan - Devilled,1,"Curated regional (Sri Lankan, per serving)",devilled_chicken_no_rice__dinner,10.625,0.625,0.4263322884012539,0.15047021943573669,0.4231974921630094
Devilled Chicken with Rice,dinner,680.0,40.0,78.0,22.0,4.0,7.0,1150.0,105.0,Sri Lankan - Rice & Devilled,1,"Curated regional (Sri Lankan, per serving)",devilled_chicken_with_rice__dinner,5.88235294117647,0.5882352941176471,0.23880597014925373,0.46567164179104475,0.2955223880597015
Dhal Curry with Red Rice,dinner,560.0,18.0,94.0,11.0,11.0,4.0,600.0,0.0,Sri Lankan - Rice & Curry,1,"Curated regional (Sri Lankan, per serving)",dhal_curry_with_red_rice__dinner,3.214285714285714,1.9642857142857142,0.1316270566727605,0.6873857404021938,0.1809872029250457
Duck (3oz roasted),dinner,285.0,16.0,0.0,24.0,0.0,0.0,65.0,72.0,Protein/Meat,1,Kaggle Daily Food & Nutrition,duck_3oz_roasted__dinner,5.614035087719298,0.0,0.22857142857142856,0.0,0.7714285714285715
Egg Curry (No Rice),dinner,250.0,14.0,8.0,18.0,2.0,3.0,430.0,372.0,Sri Lankan - Curry,1,"Curated regional (Sri Lankan, per serving)",egg_curry_no_rice__dinner,5.6000000000000005,0.8,0.224,0.128,0.648
Egg Drop Soup (1 cup),dinner,65.0,5.0,6.0,2.0,0.5,1.0,780.0,50.0,Meal/Vegetable,1,Kaggle Daily Food & Nutrition,egg_drop_soup_1_cup__dinner,7.6923076923076925,0.7692307692307693,0.3225806451612903,0.3870967741935484,0.2903225806451613
Egg Noodles (1 cup cooked),dinner,220.0,8.0,40.0,3.0,2.0,2.0,20.0,50.0,Grain,1,Kaggle Daily Food & Nutrition,egg_noodles_1_cup_cooked__dinner,3.6363636363636362,0.9090909090909091,0.1461187214611872,0.730593607305936,0.1232876712328767
Egg Yolk (1 large in sauce),dinner,55.0,2.7,0.6,4.5,0.0,0.3,8.0,184.0,Protein,1,Kaggle Daily Food & Nutrition,egg_yolk_1_large_in_sauce__dinner,4.909090909090909,0.0,0.2011173184357542,0.04469273743016759,0.7541899441340781
Eggplant (1/2 cup in caponata),dinner,40.0,0.5,6.0,2.0,2.0,3.0,150.0,0.0,Vegetable,1,Kaggle Daily Food & Nutrition,eggplant_1_2_cup_in_caponata__dinner,1.25,5.0,0.045454545454545456,0.5454545454545454,0.4090909090909091
Fiorentina Steak (3oz portion),dinner,230.0,24.0,0.0,15.0,0.0,0.0,60.0,75.0,Protein/Meat,1,Kaggle Daily Food & Nutrition,fiorentina_steak_3oz_portion__dinner,10.434782608695652,0.0,0.4155844155844156,0.0,0.5844155844155844
Fish Ambul Thiyal with Rice,dinner,580.0,34.0,80.0,12.0,4.0,2.0,740.0,60.0,Sri Lankan - Rice & Curry,1,"Curated regional (Sri Lankan, per serving)",fish_ambul_thiyal_with_rice__dinner,5.862068965517241,0.6896551724137931,0.24113475177304963,0.5673758865248227,0.19148936170212766
Fish Tacos (2 tacos),dinner,420.0,25.0,40.0,18.0,6.0,5.0,700.0,60.0,Meal/Fish,1,Kaggle Daily Food & Nutrition,fish_tacos_2_tacos__dinner,5.952380952380952,1.4285714285714286,0.23696682464454977,0.3791469194312796,0.38388625592417064
"Fish, haddock, raw",dinner,74.0,16.3,0.0,0.45,0.0,0.0,213.0,54.0,USDA,1,USDA FoodData Central (per 100 g),fish_haddock_raw__dinner,22.027027027027028,0.0,0.9415162454873647,0.0,0.05848375451263538
"Fish, pollock, raw",dinner,56.0,12.3,0.0,0.41,0.0,0.0,333.0,46.0,USDA,1,USDA FoodData Central (per 100 g),fish_pollock_raw__dinner,21.964285714285715,0.0,0.930232558139535,0.0,0.06976744186046512
"Fish, tuna, light, canned in water, drained solids",dinner,90.0,19.0,0.08,0.94,0.0,0.0,219.0,36.0,USDA,1,USDA FoodData Central (per 100 g),fish_tuna_light_canned_in_water_drained_solids__dinner,21.11111111111111,0.0,0.8964378391129985,0.0037744751120547307,0.09978768577494693
"Frankfurter, beef, unheated",dinner,314.0,11.7,2.89,28.0,0.0,0.0,872.0,0.0,USDA,1,USDA FoodData Central (per 100 g),frankfurter_beef_unheated__dinner,3.7261146496815285,0.0,0.15079262791596854,0.03724706792112386,0.8119603041629075
French Bread (2 slices),dinner,180.0,6.0,36.0,1.0,2.0,2.0,380.0,0.0,Grain,1,Kaggle Daily Food & Nutrition,french_bread_2_slices__dinner,3.3333333333333335,1.1111111111111112,0.13559322033898305,0.8135593220338984,0.05084745762711865
French Fries (as side),dinner,200.0,2.0,25.0,10.0,2.0,0.2,130.0,0.0,Vegetable/Processed,1,Kaggle Daily Food & Nutrition,french_fries_as_side__dinner,1.0,1.0,0.04040404040404041,0.5050505050505051,0.45454545454545453
French Fries (medium),dinner,340.0,4.0,44.0,17.0,4.0,0.3,230.0,0.0,Vegetable/Processed,1,Kaggle Daily Food & Nutrition,french_fries_medium__dinner,1.1764705882352942,1.1764705882352942,0.0463768115942029,0.5101449275362319,0.4434782608695652
French Fries (side),dinner,340.0,4.0,44.0,17.0,4.0,0.3,230.0,0.0,Vegetable/Processed,1,Kaggle Daily Food & Nutrition,french_fries_side__dinner,1.1764705882352942,1.1764705882352942,0.0463768115942029,0.5101449275362319,0.4434782608695652
Fresh Mozzarella (1 oz),dinner,72.0,5.0,0.8,5.0,0.0,0.3,138.0,22.0,Dairy,1,Kaggle Daily Food & Nutrition,fresh_mozzarella_1_oz__dinner,6.944444444444445,0.0,0.29325513196480935,0.0469208211143695,0.6598240469208211
Fried Okra (1 cup),dinner,220.0,4.0,25.0,12.0,5.0,3.0,450.0,10.0,Vegetable,1,Kaggle Daily Food & Nutrition,fried_okra_1_cup__dinner,1.8181818181818181,2.272727272727273,0.07142857142857142,0.44642857142857145,0.48214285714285715
Garlic Bread (1 slice),dinner,150.0,4.0,18.0,7.0,1.0,1.0,310.0,0.0,Grain,2,Kaggle Daily Food & Nutrition,garlic_bread_1_slice__dinner,2.666666666666667,0.6666666666666667,0.10596026490066225,0.4768211920529801,0.41721854304635764
Garlic Sauce (Toum 1 tbsp),dinner,90.0,0.1,1.0,10.0,0.0,0.5,80.0,5.0,Condiment,1,Kaggle Daily Food & Nutrition,garlic_sauce_toum_1_tbsp__dinner,0.1111111111111111,0.0,0.00423728813559322,0.0423728813559322,0.9533898305084745
Gnocchi (1 cup),dinner,210.0,4.5,45.0,1.5,3.0,2.0,480.0,0.0,Meal/Pasta,1,Kaggle Daily Food & Nutrition,gnocchi_1_cup__dinner,2.142857142857143,1.4285714285714286,0.0851063829787234,0.851063829787234,0.06382978723404255
Gnocchi alla Sorrentina (1.5 cups),dinner,450.0,15.0,60.0,18.0,6.0,9.0,800.0,40.0,Meal/Pasta,1,Kaggle Daily Food & Nutrition,gnocchi_alla_sorrentina_1_5_cups__dinner,3.3333333333333335,1.3333333333333335,0.12987012987012986,0.5194805194805194,0.35064935064935066
Gochujang (1 tbsp),dinner,30.0,0.5,6.0,0.0,0.5,4.0,200.0,0.0,Condiment,1,Kaggle Daily Food & Nutrition,gochujang_1_tbsp__dinner,1.6666666666666667,1.6666666666666667,0.07692307692307693,0.9230769230769231,0.0
Godamba Roti with Chicken Curry,dinner,640.0,28.0,72.0,26.0,5.0,3.0,880.0,75.0,Sri Lankan - Flatbread & Curry,1,"Curated regional (Sri Lankan, per serving)",godamba_roti_with_chicken_curry__dinner,4.375,0.78125,0.17665615141955837,0.45425867507886436,0.36908517350157727
Gorgonzola Cheese (1 oz),dinner,100.0,6.0,0.7,8.0,0.0,0.1,325.0,21.0,Dairy,1,Kaggle Daily Food & Nutrition,gorgonzola_cheese_1_oz__dinner,6.0,0.0,0.24291497975708504,0.02834008097165992,0.728744939271255
Green Beans (1 cup),dinner,31.0,1.8,7.0,0.2,2.7,3.3,6.0,0.0,Vegetable,1,Kaggle Daily Food & Nutrition,green_beans_1_cup__dinner,5.806451612903226,8.709677419354838,0.1945945945945946,0.7567567567567568,0.04864864864864865
Green Curry Paste (1 tbsp),dinner,30.0,0.5,2.0,2.5,1.0,1.0,400.0,0.0,Condiment,1,Kaggle Daily Food & Nutrition,green_curry_paste_1_tbsp__dinner,1.6666666666666667,3.3333333333333335,0.06153846153846154,0.24615384615384617,0.6923076923076923
Green Peas (1/2 cup),dinner,62.0,4.1,11.1,0.2,4.4,4.2,2.0,0.0,Legume,1,Kaggle Daily Food & Nutrition,green_peas_1_2_cup__dinner,6.61290322580645,7.096774193548387,0.26198083067092653,0.7092651757188498,0.028753993610223644
Grilled Seer Fish (Thora),dinner,190.0,30.0,0.0,8.0,0.0,0.0,320.0,62.0,Sri Lankan - Grilled Fish,1,"Curated regional (Sri Lankan, per serving)",grilled_seer_fish_thora__dinner,15.789473684210526,0.0,0.625,0.0,0.375
Ground Beef (2 oz in sauce),dinner,140.0,11.0,0.0,10.0,0.0,0.0,40.0,35.0,Protein/Meat,1,Kaggle Daily Food & Nutrition,ground_beef_2_oz_in_sauce__dinner,7.857142857142857,0.0,0.3283582089552239,0.0,0.6716417910447762
Guacamole (1/4 cup),dinner,90.0,1.0,4.0,8.0,3.0,0.5,120.0,0.0,Vegetable/Condiment,2,Kaggle Daily Food & Nutrition,guacamole_1_4_cup__dinner,1.1111111111111112,3.3333333333333335,0.043478260869565216,0.17391304347826086,0.782608695652174
Guanciale (1 oz),dinner,170.0,3.0,0.0,18.0,0.0,0.0,450.0,35.0,Protein/Meat,1,Kaggle Daily Food & Nutrition,guanciale_1_oz__dinner,1.7647058823529411,0.0,0.06896551724137931,0.0,0.9310344827586207
Gyro (1 sandwich),dinner,600.0,25.0,55.0,30.0,5.0,6.0,1200.0,80.0,Meal/Meat,1,Kaggle Daily Food & Nutrition,gyro_1_sandwich__dinner,4.166666666666666,0.8333333333333334,0.1694915254237288,0.3728813559322034,0.4576271186440678
Halibut (4oz baked),dinner,125.0,24.0,0.0,2.5,0.0,0.0,60.0,40.0,Protein/Fish,1,Kaggle Daily Food & Nutrition,halibut_4oz_baked__dinner,19.2,0.0,0.810126582278481,0.0,0.189873417721519
Hoisin Sauce (1 tbsp),dinner,35.0,0.3,8.0,0.2,0.1,5.0,220.0,0.0,Condiment,1,Kaggle Daily Food & Nutrition,hoisin_sauce_1_tbsp__dinner,0.8571428571428572,0.2857142857142857,0.03428571428571429,0.9142857142857143,0.05142857142857143
Hollandaise Sauce (1 tbsp),dinner,55.0,0.5,0.2,6.0,0.0,0.1,75.0,25.0,Condiment,1,Kaggle Daily Food & Nutrition,hollandaise_sauce_1_tbsp__dinner,0.9090909090909091,0.0,0.035211267605633804,0.014084507042253523,0.9507042253521127
Italian Sausage (1 link),dinner,200.0,12.0,3.0,16.0,0.0,1.0,550.0,50.0,Protein/Meat,1,Kaggle Daily Food & Nutrition,italian_sausage_1_link__dinner,6.0,0.0,0.23529411764705882,0.058823529411764705,0.7058823529411765
Jasmine Rice (1 cup cooked),dinner,205.0,4.3,45.0,0.4,0.6,0.0,2.0,0.0,Grain,1,Kaggle Daily Food & Nutrition,jasmine_rice_1_cup_cooked__dinner,2.0975609756097557,0.2926829268292683,0.0856573705179283,0.8964143426294822,0.017928286852589643
Kale (1 cup in soup),dinner,33.0,2.9,6.0,0.6,2.0,1.0,29.0,0.0,Vegetable,1,Kaggle Daily Food & Nutrition,kale_1_cup_in_soup__dinner,8.787878787878787,6.0606060606060606,0.28292682926829266,0.5853658536585366,0.1317073170731707
Kimchi Jjigae (1 bowl),dinner,350.0,15.0,20.0,22.0,5.0,6.0,1200.0,30.0,Meal/Soup,1,Kaggle Daily Food & Nutrition,kimchi_jjigae_1_bowl__dinner,4.285714285714286,1.4285714285714286,0.17751479289940827,0.23668639053254437,0.5857988165680473
Lasagna (1 serving meat),dinner,350.0,20.0,30.0,17.0,4.0,7.0,850.0,55.0,Meal/Pasta,2,Kaggle Daily Food & Nutrition,lasagna_1_serving_meat__dinner,5.714285714285714,1.1428571428571428,0.22662889518413598,0.33994334277620397,0.43342776203966005
Lobster (3oz steamed),dinner,76.0,16.0,0.0,0.7,0.0,0.0,250.0,125.0,Protein/Seafood,1,Kaggle Daily Food & Nutrition,lobster_3oz_steamed__dinner,21.052631578947366,0.0,0.9103840682788051,0.0,0.08961593172119488
Lomo Saltado (1.5 cups),dinner,500.0,35.0,45.0,22.0,5.0,6.0,1100.0,90.0,Meal/Meat,1,Kaggle Daily Food & Nutrition,lomo_saltado_1_5_cups__dinner,7.000000000000001,1.0,0.2702702702702703,0.3474903474903475,0.38223938223938225
Mackerel (3oz cooked),dinner,175.0,16.0,0.0,12.0,0.0,0.0,75.0,65.0,Protein/Fish,1,Kaggle Daily Food & Nutrition,mackerel_3oz_cooked__dinner,9.142857142857142,0.0,0.37209302325581395,0.0,0.627906976744186
Manicotti (2 shells cheese),dinner,380.0,20.0,35.0,18.0,4.0,7.0,650.0,60.0,Meal/Pasta,1,Kaggle Daily Food & Nutrition,manicotti_2_shells_cheese__dinner,5.263157894736842,1.0526315789473684,0.2094240837696335,0.36649214659685864,0.42408376963350786
Mashed Cauliflower (1 cup),dinner,140.0,5.0,12.0,8.0,5.0,4.0,400.0,25.0,Vegetable,1,Kaggle Daily Food & Nutrition,mashed_cauliflower_1_cup__dinner,3.571428571428571,3.571428571428571,0.14285714285714285,0.34285714285714286,0.5142857142857142
Mashed Potatoes (1 cup),dinner,230.0,4.0,35.0,8.0,3.0,2.0,350.0,15.0,Vegetable,2,Kaggle Daily Food & Nutrition,mashed_potatoes_1_cup__dinner,1.7391304347826086,1.3043478260869565,0.07017543859649122,0.6140350877192983,0.3157894736842105
Mashed Potatoes (side),dinner,150.0,3.0,25.0,4.0,2.0,2.0,300.0,10.0,Vegetable,1,Kaggle Daily Food & Nutrition,mashed_potatoes_side__dinner,2.0,1.3333333333333335,0.08108108108108109,0.6756756756756757,0.24324324324324326
Mayonnaise (1 tbsp for dipping),dinner,90.0,0.1,0.1,10.0,0.0,0.1,70.0,5.0,Condiment,1,Kaggle Daily Food & Nutrition,mayonnaise_1_tbsp_for_dipping__dinner,0.1111111111111111,0.0,0.004405286343612335,0.004405286343612335,0.9911894273127754
Melted Butter (for lobster),dinner,200.0,0.2,0.0,22.0,0.0,0.0,164.0,60.0,Condiment,1,Kaggle Daily Food & Nutrition,melted_butter_for_lobster__dinner,0.1,0.0,0.004024144869215292,0.0,0.9959758551307847
Mozzarella (1 oz melted),dinner,80.0,6.0,1.0,6.0,0.0,0.5,150.0,20.0,Dairy,1,Kaggle Daily Food & Nutrition,mozzarella_1_oz_melted__dinner,7.5,0.0,0.2926829268292683,0.04878048780487805,0.6585365853658537
Mussels (3oz steamed),dinner,146.0,20.0,6.0,4.0,0.0,0.0,310.0,48.0,Protein/Seafood,1,Kaggle Daily Food & Nutrition,mussels_3oz_steamed__dinner,13.698630136986301,0.0,0.5714285714285714,0.17142857142857143,0.2571428571428571
Naan Bread (1 piece),dinner,260.0,8.0,45.0,5.0,2.0,3.0,450.0,10.0,Grain,1,Kaggle Daily Food & Nutrition,naan_bread_1_piece__dinner,3.076923076923077,0.7692307692307693,0.1245136186770428,0.7003891050583657,0.17509727626459143
Olive Oil (1 tbsp drizzle),dinner,120.0,0.0,0.0,14.0,0.0,0.0,0.0,0.0,Condiment,1,Kaggle Daily Food & Nutrition,olive_oil_1_tbsp_drizzle__dinner,0.0,0.0,0.0,0.0,1.0
Olive Oil (1 tbsp),dinner,120.0,0.0,0.0,14.0,0.0,0.0,0.0,0.0,Condiment,1,Kaggle Daily Food & Nutrition,olive_oil_1_tbsp__dinner,0.0,0.0,0.0,0.0,1.0
Onion (1/2 cup raw chopped),dinner,32.0,0.9,7.5,0.1,1.4,3.8,3.0,0.0,Vegetable,1,Kaggle Daily Food & Nutrition,onion_1_2_cup_raw_chopped__dinner,2.8125,4.375,0.10434782608695653,0.8695652173913043,0.026086956521739132
Orange Sauce (1/4 cup for duck),dinner,90.0,0.5,22.0,0.0,0.5,20.0,200.0,0.0,Condiment,1,Kaggle Daily Food & Nutrition,orange_sauce_1_4_cup_for_duck__dinner,0.5555555555555556,0.5555555555555556,0.022222222222222223,0.9777777777777777,0.0
Osso Buco (1 serving),dinner,550.0,45.0,15.0,30.0,4.0,6.0,900.0,150.0,Meal/Meat,1,Kaggle Daily Food & Nutrition,osso_buco_1_serving__dinner,8.181818181818182,0.7272727272727273,0.35294117647058826,0.11764705882352941,0.5294117647058824
Pad Thai (Chicken 1.5 cups),dinner,550.0,25.0,60.0,22.0,5.0,10.0,950.0,70.0,Meal/Pasta,1,Kaggle Daily Food & Nutrition,pad_thai_chicken_1_5_cups__dinner,4.545454545454546,0.9090909090909091,0.18587360594795538,0.44609665427509293,0.3680297397769517
Paella (1.5 cups seafood),dinner,550.0,30.0,70.0,18.0,6.0,5.0,1200.0,110.0,Meal/Rice,1,Kaggle Daily Food & Nutrition,paella_1_5_cups_seafood__dinner,5.454545454545454,1.090909090909091,0.21352313167259787,0.498220640569395,0.28825622775800713
Pancetta (0.5 oz in sauce),dinner,45.0,1.5,0.0,4.5,0.0,0.0,160.0,10.0,Protein/Meat,1,Kaggle Daily Food & Nutrition,pancetta_0_5_oz_in_sauce__dinner,3.3333333333333335,0.0,0.12903225806451613,0.0,0.8709677419354839
Parmigiano-Reggiano (1 tbsp),dinner,22.0,2.0,0.2,1.5,0.0,0.0,95.0,4.0,Dairy,2,Kaggle Daily Food & Nutrition,parmigiano_reggiano_1_tbsp__dinner,9.090909090909092,0.0,0.35874439461883406,0.03587443946188341,0.6053811659192825
Pate (Mushroom 2 tbsp),dinner,70.0,1.0,2.0,7.0,1.0,1.0,100.0,0.0,Condiment,1,Kaggle Daily Food & Nutrition,pate_mushroom_2_tbsp__dinner,1.4285714285714286,1.4285714285714286,0.05333333333333334,0.10666666666666667,0.84
Peanut Sauce (2 tbsp),dinner,80.0,2.0,4.0,6.0,1.0,3.0,250.0,0.0,Condiment,1,Kaggle Daily Food & Nutrition,peanut_sauce_2_tbsp__dinner,2.5,1.25,0.10256410256410256,0.20512820512820512,0.6923076923076923
Pecorino Cheese (1 tbsp),dinner,25.0,1.5,0.1,2.0,0.0,0.0,110.0,6.0,Dairy,1,Kaggle Daily Food & Nutrition,pecorino_cheese_1_tbsp__dinner,6.0,0.0,0.24590163934426232,0.01639344262295082,0.7377049180327869
Pecorino Romano (1/4 cup),dinner,110.0,7.5,1.0,8.5,0.0,0.0,450.0,25.0,Dairy,1,Kaggle Daily Food & Nutrition,pecorino_romano_1_4_cup__dinner,6.8181818181818175,0.0,0.27149321266968324,0.03619909502262444,0.6923076923076923
Pesto (1/4 cup),dinner,290.0,5.0,4.0,29.0,2.0,1.0,600.0,5.0,Condiment,1,Kaggle Daily Food & Nutrition,pesto_1_4_cup__dinner,1.7241379310344827,0.6896551724137931,0.06734006734006734,0.05387205387205387,0.8787878787878788
Pesto Sauce (1/4 cup),dinner,260.0,5.0,4.0,26.0,2.0,1.0,550.0,5.0,Condiment,1,Kaggle Daily Food & Nutrition,pesto_sauce_1_4_cup__dinner,1.9230769230769231,0.7692307692307693,0.07407407407407407,0.05925925925925926,0.8666666666666667
Pine Nuts (1 tbsp in pesto),dinner,95.0,2.0,2.0,10.0,0.5,0.5,0.0,0.0,Nut,1,Kaggle Daily Food & Nutrition,pine_nuts_1_tbsp_in_pesto__dinner,2.1052631578947367,0.5263157894736842,0.07547169811320754,0.07547169811320754,0.8490566037735849
Pine Nuts (1 tbsp),dinner,95.0,2.0,2.0,10.0,0.5,0.5,0.0,0.0,Nut,1,Kaggle Daily Food & Nutrition,pine_nuts_1_tbsp__dinner,2.1052631578947367,0.5263157894736842,0.07547169811320754,0.07547169811320754,0.8490566037735849
Pine Nuts (1/2 tbsp),dinner,48.0,1.0,1.0,5.0,0.2,0.2,0.0,0.0,Nut,1,Kaggle Daily Food & Nutrition,pine_nuts_1_2_tbsp__dinner,2.083333333333333,0.4166666666666667,0.07547169811320754,0.07547169811320754,0.8490566037735849
Pita Bread (White 1 large),dinner,220.0,7.0,45.0,2.0,2.0,2.0,440.0,0.0,Grain,1,Kaggle Daily Food & Nutrition,pita_bread_white_1_large__dinner,3.1818181818181817,0.9090909090909091,0.12389380530973451,0.7964601769911505,0.07964601769911504
Pittu with Fish Curry,dinner,590.0,28.0,80.0,18.0,5.0,2.0,690.0,55.0,Sri Lankan - Steamed Rice Flour,1,"Curated regional (Sri Lankan, per serving)",pittu_with_fish_curry__dinner,4.745762711864407,0.847457627118644,0.18855218855218855,0.5387205387205387,0.2727272727272727
Pizza (1 slice pepperoni),dinner,290.0,12.0,34.0,12.0,2.0,4.0,720.0,35.0,Meal/Processed,1,Kaggle Daily Food & Nutrition,pizza_1_slice_pepperoni__dinner,4.137931034482759,0.6896551724137931,0.1643835616438356,0.4657534246575342,0.3698630136986301
Pizza (Margherita 1 slice),dinner,250.0,12.0,30.0,10.0,3.0,4.0,600.0,25.0,Meal/Processed,1,Kaggle Daily Food & Nutrition,pizza_margherita_1_slice__dinner,4.8,1.2,0.18604651162790697,0.46511627906976744,0.3488372093023256
Polenta (1 cup creamy),dinner,150.0,3.0,32.0,1.0,3.0,1.0,350.0,5.0,Meal/Grain,1,Kaggle Daily Food & Nutrition,polenta_1_cup_creamy__dinner,2.0,2.0,0.08053691275167785,0.8590604026845637,0.06040268456375839
Polenta (grilled 1 slice),dinner,120.0,2.5,25.0,1.0,2.0,0.5,300.0,0.0,Meal/Grain,1,Kaggle Daily Food & Nutrition,polenta_grilled_1_slice__dinner,2.083333333333333,1.6666666666666667,0.08403361344537816,0.8403361344537815,0.07563025210084033
Pork Belly (1 oz in soup),dinner,145.0,3.0,0.0,15.0,0.0,0.0,150.0,20.0,Protein/Meat,1,Kaggle Daily Food & Nutrition,pork_belly_1_oz_in_soup__dinner,2.0689655172413794,0.0,0.08163265306122448,0.0,0.9183673469387755
Pork Chop (4oz grilled),dinner,220.0,30.0,0.0,10.0,0.0,0.0,70.0,85.0,Protein/Meat,2,Kaggle Daily Food & Nutrition,pork_chop_4oz_grilled__dinner,13.636363636363635,0.0,0.5714285714285714,0.0,0.42857142857142855
Potato (1/2 w/ pasta),dinner,65.0,1.0,15.0,0.1,1.0,0.5,3.0,0.0,Vegetable,1,Kaggle Daily Food & Nutrition,potato_1_2_w_pasta__dinner,1.5384615384615385,1.5384615384615385,0.06163328197226502,0.9244992295839752,0.013867488443759629
Prawn Curry (No Rice),dinner,230.0,27.0,8.0,10.0,2.0,2.0,620.0,185.0,Sri Lankan - Curry,1,"Curated regional (Sri Lankan, per serving)",prawn_curry_no_rice__dinner,11.73913043478261,0.8695652173913043,0.46956521739130436,0.1391304347826087,0.391304347826087
Prosciutto (1 slice wrapper),dinner,35.0,4.0,0.0,2.5,0.0,0.0,280.0,10.0,Protein/Meat,1,Kaggle Daily Food & Nutrition,prosciutto_1_slice_wrapper__dinner,11.428571428571429,0.0,0.4155844155844156,0.0,0.5844155844155844
Prosciutto (1 slice),dinner,35.0,4.0,0.0,2.5,0.0,0.0,280.0,10.0,Protein/Meat,1,Kaggle Daily Food & Nutrition,prosciutto_1_slice__dinner,11.428571428571429,0.0,0.4155844155844156,0.0,0.5844155844155844
Provoleta (1 oz grilled cheese),dinner,100.0,7.0,1.0,8.0,0.0,0.5,250.0,20.0,Dairy,1,Kaggle Daily Food & Nutrition,provoleta_1_oz_grilled_cheese__dinner,7.000000000000001,0.0,0.2692307692307692,0.038461538461538464,0.6923076923076923
Puff Pastry (1 oz wrapper),dinner,115.0,1.5,9.0,8.0,0.5,0.0,100.0,0.0,Grain,1,Kaggle Daily Food & Nutrition,puff_pastry_1_oz_wrapper__dinner,1.3043478260869565,0.43478260869565216,0.05263157894736842,0.3157894736842105,0.631578947368421
Quinoa (1 cup cooked),dinner,222.0,8.0,39.0,3.6,5.0,1.0,13.0,0.0,Grain,1,Kaggle Daily Food & Nutrition,quinoa_1_cup_cooked__dinner,3.6036036036036037,2.2522522522522523,0.14519056261343014,0.7078039927404719,0.147005444646098
Raisins (1 tbsp),dinner,27.0,0.3,7.0,0.0,0.3,6.0,1.0,0.0,Fruit,1,Kaggle Daily Food & Nutrition,raisins_1_tbsp__dinner,1.1111111111111112,1.1111111111111112,0.0410958904109589,0.9589041095890412,0.0
Raita (2 tbsp),dinner,30.0,1.0,2.0,2.0,0.5,1.5,100.0,5.0,Condiment/Dairy,1,Kaggle Daily Food & Nutrition,raita_2_tbsp__dinner,3.3333333333333335,1.6666666666666667,0.13333333333333333,0.26666666666666666,0.6
Red Cabbage (1 cup raw),dinner,22.0,1.1,5.2,0.1,1.6,2.8,8.0,0.0,Vegetable,1,Kaggle Daily Food & Nutrition,red_cabbage_1_cup_raw__dinner,5.0,7.272727272727273,0.1685823754789272,0.7969348659003831,0.034482758620689655
Red Wine (5 oz glass),dinner,125.0,0.1,3.8,0.0,0.0,0.9,6.0,0.0,Beverage,1,Kaggle Daily Food & Nutrition,red_wine_5_oz_glass__dinner,0.08,0.0,0.025641025641025644,0.9743589743589743,0.0
Refried Beans (1/2 cup),dinner,115.0,7.0,19.0,1.0,6.0,1.0,480.0,0.0,Legume,2,Kaggle Daily Food & Nutrition,refried_beans_1_2_cup__dinner,6.086956521739131,5.217391304347826,0.24778761061946902,0.672566371681416,0.07964601769911504
"Restaurant, Chinese, sweet and sour pork",dinner,260.0,8.88,25.5,13.6,1.0,0.0,304.0,24.0,USDA,1,USDA FoodData Central (per 100 g),restaurant_chinese_sweet_and_sour_pork__dinner,3.415384615384616,0.38461538461538464,0.13665743305632502,0.39242843951985223,0.47091412742382266
"Restaurant, Latino, tamale, pork",dinner,174.0,7.38,15.8,9.04,2.4,0.0,473.0,20.0,USDA,1,USDA FoodData Central (per 100 g),restaurant_latino_tamale_pork__dinner,4.241379310344827,1.3793103448275863,0.16957720588235295,0.36305147058823534,0.46737132352941174
Ribollita (1.5 cups soup),dinner,350.0,15.0,55.0,8.0,14.0,10.0,900.0,5.0,Meal/Soup,1,Kaggle Daily Food & Nutrition,ribollita_1_5_cups_soup__dinner,4.285714285714286,4.0,0.17045454545454544,0.625,0.20454545454545456
Rice with Egg Curry,dinner,550.0,20.0,82.0,16.0,4.0,3.0,650.0,372.0,Sri Lankan - Rice & Curry,1,"Curated regional (Sri Lankan, per serving)",rice_with_egg_curry__dinner,3.6363636363636362,0.7272727272727273,0.14492753623188406,0.5942028985507246,0.2608695652173913
Rice with Prawn Curry,dinner,610.0,33.0,82.0,16.0,4.0,3.0,820.0,190.0,Sri Lankan - Rice & Curry,1,"Curated regional (Sri Lankan, per serving)",rice_with_prawn_curry__dinner,5.409836065573771,0.6557377049180327,0.2185430463576159,0.543046357615894,0.23841059602649006
Ricotta Cheese (1/4 cup),dinner,85.0,5.5,2.5,6.0,0.0,1.0,50.0,24.0,Dairy,1,Kaggle Daily Food & Nutrition,ricotta_cheese_1_4_cup__dinner,6.470588235294119,0.0,0.2558139534883721,0.11627906976744186,0.627906976744186
Risotto (Mushroom 1 cup),dinner,250.0,7.0,35.0,9.0,3.0,3.0,600.0,20.0,Meal/Grain,1,Kaggle Daily Food & Nutrition,risotto_mushroom_1_cup__dinner,2.8000000000000003,1.2,0.11244979919678715,0.5622489959839357,0.3253012048192771
Risotto alla Milanese (1 cup),dinner,350.0,10.0,50.0,12.0,3.0,3.0,700.0,30.0,Meal/Rice,1,Kaggle Daily Food & Nutrition,risotto_alla_milanese_1_cup__dinner,2.857142857142857,0.8571428571428572,0.11494252873563218,0.5747126436781609,0.3103448275862069
Sake (3 oz),dinner,117.0,0.4,3.8,0.0,0.0,0.0,4.0,0.0,Beverage,1,Kaggle Daily Food & Nutrition,sake_3_oz__dinner,0.3418803418803419,0.0,0.09523809523809523,0.9047619047619047,0.0
Salmon (4oz grilled),dinner,230.0,25.0,0.0,14.0,0.0,0.0,60.0,60.0,Protein/Fish,1,Kaggle Daily Food & Nutrition,salmon_4oz_grilled__dinner,10.869565217391305,0.0,0.4424778761061947,0.0,0.5575221238938053
Saltimbocca (1 serving),dinner,380.0,38.0,5.0,22.0,0.5,1.0,850.0,120.0,Meal/Meat,1,Kaggle Daily Food & Nutrition,saltimbocca_1_serving__dinner,10.0,0.13157894736842105,0.41081081081081083,0.05405405405405406,0.5351351351351351
Scallops (3oz seared),dinner,95.0,17.0,5.0,1.0,0.0,0.0,180.0,35.0,Protein/Seafood,1,Kaggle Daily Food & Nutrition,scallops_3oz_seared__dinner,17.894736842105264,0.0,0.7010309278350515,0.20618556701030927,0.09278350515463918
"Seeds, sunflower seed kernels, dry roasted, with salt added",dinner,612.0,21.0,17.1,56.1,10.3,0.0,532.0,0.0,USDA,1,USDA FoodData Central (per 100 g),seeds_sunflower_seed_kernels_dry_roasted_with_salt_added__dinner,3.431372549019608,1.6830065359477127,0.12779552715654952,0.10406207211319032,0.7681424007302601
Seitan (3oz),dinner,90.0,18.0,4.0,1.0,1.0,1.0,300.0,0.0,Protein/Vegetarian,1,Kaggle Daily Food & Nutrition,seitan_3oz__dinner,20.0,1.1111111111111112,0.7422680412371134,0.16494845360824742,0.09278350515463918
Sesame Oil (1 tsp),dinner,40.0,0.0,0.0,4.5,0.0,0.0,0.0,0.0,Condiment,1,Kaggle Daily Food & Nutrition,sesame_oil_1_tsp__dinner,0.0,0.0,0.0,0.0,1.0
Shepherd's Pie (1 serving),dinner,400.0,20.0,35.0,20.0,6.0,7.0,850.0,55.0,Meal/Meat,1,Kaggle Daily Food & Nutrition,shepherd_s_pie_1_serving__dinner,5.0,1.5,0.2,0.35,0.45
Shish Tawook (2 skewers),dinner,300.0,35.0,5.0,16.0,1.0,2.0,600.0,100.0,Meal/Meat,1,Kaggle Daily Food & Nutrition,shish_tawook_2_skewers__dinner,11.666666666666666,0.33333333333333337,0.4605263157894737,0.06578947368421052,0.47368421052631576
Shredded Cheese (Cheddar 1/4 cup),dinner,115.0,7.0,1.0,9.5,0.0,0.5,180.0,30.0,Dairy,1,Kaggle Daily Food & Nutrition,shredded_cheese_cheddar_1_4_cup__dinner,6.086956521739131,0.0,0.23829787234042554,0.03404255319148936,0.7276595744680852
Shrimp (3oz steamed),dinner,84.0,20.0,0.2,0.2,0.0,0.0,100.0,161.0,Protein/Fish,1,Kaggle Daily Food & Nutrition,shrimp_3oz_steamed__dinner,23.809523809523807,0.0,0.9685230024213076,0.009685230024213076,0.02179176755447942
Shrimp Scampi (1 cup),dinner,380.0,22.0,40.0,15.0,3.0,3.0,750.0,140.0,Meal/Seafood,1,Kaggle Daily Food & Nutrition,shrimp_scampi_1_cup__dinner,5.7894736842105265,0.7894736842105263,0.2297650130548303,0.4177545691906005,0.3524804177545692
Side Salad (light dressing),dinner,70.0,2.0,8.0,4.0,3.0,3.0,150.0,0.0,Vegetable,1,Kaggle Daily Food & Nutrition,side_salad_light_dressing__dinner,2.857142857142857,4.285714285714286,0.10526315789473684,0.42105263157894735,0.47368421052631576
Silken Tofu (3oz in soup),dinner,45.0,5.0,2.0,2.5,0.5,1.0,5.0,0.0,Protein/Vegetarian,1,Kaggle Daily Food & Nutrition,silken_tofu_3oz_in_soup__dinner,11.11111111111111,1.1111111111111112,0.39603960396039606,0.15841584158415842,0.44554455445544555
Skirt Steak (4oz grilled),dinner,240.0,26.0,0.0,15.0,0.0,0.0,70.0,80.0,Protein/Meat,1,Kaggle Daily Food & Nutrition,skirt_steak_4oz_grilled__dinner,10.833333333333334,0.0,0.4351464435146444,0.0,0.5648535564853556
Sour Cream (2 tbsp),dinner,60.0,0.8,1.3,5.8,0.0,0.8,25.0,12.0,Condiment/Dairy,1,Kaggle Daily Food & Nutrition,sour_cream_2_tbsp__dinner,1.3333333333333335,0.0,0.05280528052805281,0.08580858085808582,0.8613861386138614
Spaghetti (side),dinner,100.0,3.5,21.0,0.5,1.0,0.5,0.0,0.0,Grain,1,Kaggle Daily Food & Nutrition,spaghetti_side__dinner,3.5000000000000004,1.0,0.13658536585365855,0.8195121951219512,0.04390243902439024
Spaghetti Bolognese,dinner,460.0,20.0,55.0,18.0,6.0,10.0,700.0,50.0,Meal/Pasta,1,Kaggle Daily Food & Nutrition,spaghetti_bolognese__dinner,4.3478260869565215,1.3043478260869565,0.17316017316017315,0.47619047619047616,0.35064935064935066
Spring Roll (Veg 2 rolls),dinner,180.0,4.0,25.0,7.0,3.0,3.0,450.0,0.0,Snack/Processed,1,Kaggle Daily Food & Nutrition,spring_roll_veg_2_rolls__dinner,2.2222222222222223,1.6666666666666667,0.0893854748603352,0.5586592178770949,0.35195530726256985
Stale Bread (1/2 cup in soup),dinner,80.0,3.0,15.0,1.0,1.0,1.5,160.0,0.0,Grain,1,Kaggle Daily Food & Nutrition,stale_bread_1_2_cup_in_soup__dinner,3.75,1.25,0.14814814814814814,0.7407407407407407,0.1111111111111111
Steamed Broccoli (1 cup),dinner,55.0,3.7,11.2,0.6,5.1,2.0,40.0,0.0,Vegetable,1,Kaggle Daily Food & Nutrition,steamed_broccoli_1_cup__dinner,6.7272727272727275,9.272727272727273,0.2276923076923077,0.6892307692307692,0.08307692307692306
String Hoppers with Chicken Curry,dinner,560.0,30.0,78.0,14.0,4.0,3.0,700.0,80.0,Sri Lankan - Rice Flour & Curry,1,"Curated regional (Sri Lankan, per serving)",string_hoppers_with_chicken_curry__dinner,5.357142857142857,0.7142857142857143,0.21505376344086022,0.5591397849462365,0.22580645161290322
Sweet & Sour Chicken (1 cup),dinner,380.0,18.0,45.0,15.0,3.0,25.0,750.0,50.0,Meal/Processed,1,Kaggle Daily Food & Nutrition,sweet_sour_chicken_1_cup__dinner,4.736842105263158,0.7894736842105263,0.18604651162790697,0.46511627906976744,0.3488372093023256
Sweet Chili Sauce (2 tbsp),dinner,70.0,0.0,17.0,0.0,0.5,16.0,450.0,0.0,Condiment,1,Kaggle Daily Food & Nutrition,sweet_chili_sauce_2_tbsp__dinner,0.0,0.7142857142857143,0.0,1.0,0.0
Sweet Potato (1 medium baked),dinner,103.0,2.3,23.6,0.2,3.8,7.4,41.0,0.0,Vegetable,2,Kaggle Daily Food & Nutrition,sweet_potato_1_medium_baked__dinner,2.233009708737864,3.6893203883495143,0.0872865275142315,0.8956356736242884,0.017077798861480076
T-Bone Steak (6oz),dinner,460.0,38.0,0.0,33.0,0.0,0.0,110.0,105.0,Protein/Meat,1,Kaggle Daily Food & Nutrition,t_bone_steak_6oz__dinner,8.26086956521739,0.0,0.33853006681514475,0.0,0.6614699331848553
Tagliatelle al Ragù (Bolognese),dinner,550.0,28.0,65.0,20.0,7.0,8.0,850.0,70.0,Meal/Pasta,1,Kaggle Daily Food & Nutrition,tagliatelle_al_rag_bolognese__dinner,5.090909090909091,1.2727272727272727,0.2028985507246377,0.47101449275362317,0.32608695652173914
Tartar Sauce (2 tbsp),dinner,60.0,0.2,2.0,5.5,0.1,1.5,180.0,5.0,Condiment,1,Kaggle Daily Food & Nutrition,tartar_sauce_2_tbsp__dinner,0.33333333333333337,0.16666666666666669,0.013722126929674101,0.137221269296741,0.8490566037735849
Tilapia (4oz baked),dinner,110.0,22.0,0.0,2.5,0.0,0.0,50.0,50.0,Protein/Fish,2,Kaggle Daily Food & Nutrition,tilapia_4oz_baked__dinner,20.0,0.0,0.7963800904977375,0.0,0.20361990950226244
Tofu Stir-fry,dinner,400.0,18.0,30.0,22.0,7.0,9.0,500.0,0.0,Meal/Vegetarian,1,Kaggle Daily Food & Nutrition,tofu_stir_fry__dinner,4.5,1.7500000000000002,0.18461538461538463,0.3076923076923077,0.5076923076923077
Tomato Sauce (1/2 cup),dinner,40.0,1.5,7.0,1.0,2.0,4.0,350.0,0.0,Condiment,1,Kaggle Daily Food & Nutrition,tomato_sauce_1_2_cup__dinner,3.75,5.0,0.13953488372093023,0.6511627906976745,0.20930232558139536
Trofie Pasta (1 cup cooked),dinner,210.0,7.0,43.0,1.0,2.0,1.0,5.0,0.0,Grain,1,Kaggle Daily Food & Nutrition,trofie_pasta_1_cup_cooked__dinner,3.3333333333333335,0.9523809523809524,0.1339712918660287,0.8229665071770335,0.0430622009569378
Turkey Chili (1 cup),dinner,250.0,22.0,25.0,7.0,8.0,6.0,750.0,50.0,Meal/Meat,1,Kaggle Daily Food & Nutrition,turkey_chili_1_cup__dinner,8.799999999999999,3.2,0.350597609561753,0.398406374501992,0.250996015936255
Tzatziki Sauce (2 tbsp),dinner,30.0,1.5,2.0,2.0,0.0,1.5,100.0,5.0,Condiment/Dairy,3,Kaggle Daily Food & Nutrition,tzatziki_sauce_2_tbsp__dinner,5.0,0.0,0.1875,0.25,0.5625
Veal Parmesan (1 serving),dinner,550.0,40.0,30.0,30.0,4.0,7.0,1100.0,130.0,Meal/Meat,1,Kaggle Daily Food & Nutrition,veal_parmesan_1_serving__dinner,7.2727272727272725,0.7272727272727273,0.2909090909090909,0.21818181818181817,0.4909090909090909
Vegetable Rice and Curry,dinner,540.0,14.0,92.0,13.0,10.0,5.0,620.0,0.0,Sri Lankan - Rice & Curry,1,"Curated regional (Sri Lankan, per serving)",vegetable_rice_and_curry__dinner,2.5925925925925926,1.8518518518518516,0.10351201478743069,0.6802218114602587,0.21626617375231053
White Beans (Tuscan style 1/2 cup),dinner,150.0,8.0,20.0,4.0,7.0,2.0,350.0,0.0,Legume,1,Kaggle Daily Food & Nutrition,white_beans_tuscan_style_1_2_cup__dinner,5.333333333333334,4.666666666666667,0.21621621621621623,0.5405405405405406,0.24324324324324326
White Rice (1 cup cooked),dinner,204.0,4.2,44.5,0.4,0.6,0.1,2.0,0.0,Grain,1,Kaggle Daily Food & Nutrition,white_rice_1_cup_cooked__dinner,2.0588235294117645,0.29411764705882354,0.08467741935483872,0.8971774193548386,0.018145161290322582
White Wine (5 oz glass),dinner,121.0,0.1,3.8,0.0,0.0,1.4,5.0,0.0,Beverage,1,Kaggle Daily Food & Nutrition,white_wine_5_oz_glass__dinner,0.08264462809917356,0.0,0.025641025641025644,0.9743589743589743,0.0
White Wine Sauce (1/4 cup),dinner,80.0,1.0,4.0,6.0,0.5,2.0,300.0,5.0,Condiment,2,Kaggle Daily Food & Nutrition,white_wine_sauce_1_4_cup__dinner,1.25,0.625,0.05405405405405406,0.21621621621621623,0.7297297297297297
Wild Rice (1 cup cooked),dinner,166.0,6.5,35.0,0.6,3.0,1.2,5.0,0.0,Grain,1,Kaggle Daily Food & Nutrition,wild_rice_1_cup_cooked__dinner,3.91566265060241,1.8072289156626504,0.15169194865810967,0.8168028004667445,0.03150525087514585
Yellow Rice (1 cup),dinner,230.0,4.0,50.0,1.0,2.0,1.0,300.0,0.0,Grain,1,Kaggle Daily Food & Nutrition,yellow_rice_1_cup__dinner,1.7391304347826086,0.8695652173913043,0.07111111111111111,0.8888888888888888,0.04
BBQ Sauce (2 tbsp),lunch,60.0,0.5,15.0,0.0,0.5,12.0,350.0,0.0,Condiment,1,Kaggle Daily Food & Nutrition,bbq_sauce_2_tbsp__lunch,0.8333333333333334,0.8333333333333334,0.03225806451612903,0.967741935483871,0.0
Baguette (slice),lunch,70.0,2.5,14.0,0.5,0.6,0.5,150.0,0.0,Grain,1,Kaggle Daily Food & Nutrition,baguette_slice__lunch,3.571428571428571,0.8571428571428572,0.14184397163120568,0.7943262411347518,0.06382978723404255
Balsamic Glaze (1 tbsp),lunch,40.0,0.0,9.0,0.0,0.0,8.0,10.0,0.0,Condiment,1,Kaggle Daily Food & Nutrition,balsamic_glaze_1_tbsp__lunch,0.0,0.0,0.0,1.0,0.0
Balsamic Vinaigrette (2 tbsp),lunch,90.0,0.0,3.0,9.0,0.0,2.5,300.0,0.0,Condiment,1,Kaggle Daily Food & Nutrition,balsamic_vinaigrette_2_tbsp__lunch,0.0,0.0,0.0,0.12903225806451613,0.8709677419354839
Beets (1/2 cup roasted),lunch,30.0,0.8,6.8,0.1,1.4,5.8,50.0,0.0,Vegetable,1,Kaggle Daily Food & Nutrition,beets_1_2_cup_roasted__lunch,2.666666666666667,4.666666666666666,0.10223642172523963,0.8690095846645368,0.028753993610223644
Bell Pepper (1 medium red),lunch,31.0,1.2,6.0,0.3,2.1,4.2,4.0,0.0,Vegetable,2,Kaggle Daily Food & Nutrition,bell_pepper_1_medium_red__lunch,3.870967741935484,6.774193548387098,0.15238095238095237,0.7619047619047619,0.0857142857142857
Bison Burger (1 patty),lunch,150.0,22.0,0.0,7.0,0.0,0.0,65.0,70.0,Protein/Meat,1,Kaggle Daily Food & Nutrition,bison_burger_1_patty__lunch,14.666666666666666,0.0,0.5827814569536424,0.0,0.41721854304635764
Black Beans (1/2 cup),lunch,114.0,7.6,20.4,0.5,7.5,0.3,1.0,0.0,Legume,1,Kaggle Daily Food & Nutrition,black_beans_1_2_cup__lunch,6.666666666666667,6.578947368421052,0.2609442060085837,0.7004291845493562,0.03862660944206009
Blue Cheese Dressing (2 tbsp),lunch,150.0,1.0,2.0,16.0,0.0,1.0,320.0,10.0,Condiment,1,Kaggle Daily Food & Nutrition,blue_cheese_dressing_2_tbsp__lunch,0.6666666666666667,0.0,0.02564102564102564,0.05128205128205128,0.9230769230769231
Bread Roll (hoagie),lunch,200.0,6.0,38.0,2.0,2.0,3.0,400.0,0.0,Grain,1,Kaggle Daily Food & Nutrition,bread_roll_hoagie__lunch,3.0,1.0,0.12371134020618557,0.7835051546391752,0.09278350515463918
Brown Rice (1 cup cooked),lunch,215.0,5.0,45.0,1.8,3.5,0.4,10.0,0.0,Grain,2,Kaggle Daily Food & Nutrition,brown_rice_1_cup_cooked__lunch,2.3255813953488373,1.627906976744186,0.09250693802035154,0.8325624421831638,0.07493061979648474
Bulgur (1/4 cup in tabouli),lunch,76.0,2.7,16.8,0.2,4.1,0.1,4.0,0.0,Grain,1,Kaggle Daily Food & Nutrition,bulgur_1_4_cup_in_tabouli__lunch,3.552631578947368,5.394736842105263,0.13533834586466167,0.8421052631578948,0.02255639097744361
Bun (hamburger),lunch,140.0,4.0,26.0,2.0,1.0,4.0,260.0,0.0,Grain,2,Kaggle Daily Food & Nutrition,bun_hamburger__lunch,2.857142857142857,0.7142857142857143,0.11594202898550725,0.7536231884057971,0.13043478260869565
Caesar Salad (with chicken),lunch,470.0,30.0,15.0,30.0,3.0,3.0,890.0,75.0,Meal/Protein,2,Kaggle Daily Food & Nutrition,caesar_salad_with_chicken__lunch,6.382978723404255,0.6382978723404255,0.26666666666666666,0.13333333333333333,0.6
Caprese Salad,lunch,240.0,10.0,8.0,18.0,2.0,5.0,350.0,40.0,Meal/Vegetable,1,Kaggle Daily Food & Nutrition,caprese_salad__lunch,4.166666666666666,0.8333333333333334,0.17094017094017094,0.13675213675213677,0.6923076923076923
Ceviche (1 cup fish),lunch,180.0,25.0,15.0,2.0,3.0,4.0,700.0,45.0,Meal/Fish,1,Kaggle Daily Food & Nutrition,ceviche_1_cup_fish__lunch,13.88888888888889,1.6666666666666667,0.5617977528089888,0.33707865168539325,0.10112359550561797
Cheese Whiz (2 tbsp),lunch,90.0,4.0,3.0,7.0,0.0,2.0,540.0,20.0,Condiment/Processed,1,Kaggle Daily Food & Nutrition,cheese_whiz_2_tbsp__lunch,4.444444444444445,0.0,0.17582417582417584,0.13186813186813187,0.6923076923076923
Chicken & Rice Soup (1 can),lunch,130.0,7.0,18.0,3.0,2.0,2.0,850.0,15.0,Meal/Processed,1,Kaggle Daily Food & Nutrition,chicken_rice_soup_1_can__lunch,5.384615384615385,1.5384615384615385,0.2204724409448819,0.5669291338582677,0.2125984251968504
Chicken Breast (4oz roasted),lunch,185.0,35.0,0.0,4.0,0.0,0.0,80.0,95.0,Protein/Meat,2,Kaggle Daily Food & Nutrition,chicken_breast_4oz_roasted__lunch,18.91891891891892,0.0,0.7954545454545454,0.0,0.20454545454545456
Chicken Curry (No Rice),lunch,280.0,28.0,6.0,16.0,2.0,2.0,520.0,88.0,Sri Lankan - Curry,1,"Curated regional (Sri Lankan, per serving)",chicken_curry_no_rice__lunch,10.0,0.7142857142857143,0.4,0.08571428571428572,0.5142857142857142
Chicken Fried Rice,lunch,720.0,30.0,95.0,24.0,4.0,6.0,980.0,85.0,Sri Lankan - Fried Rice,1,"Curated regional (Sri Lankan, per serving)",chicken_fried_rice__lunch,4.166666666666666,0.5555555555555556,0.16759776536312848,0.5307262569832403,0.3016759776536313
Chicken Kottu,lunch,750.0,34.0,90.0,28.0,6.0,5.0,1280.0,95.0,Sri Lankan - Kottu,1,"Curated regional (Sri Lankan, per serving)",chicken_kottu__lunch,4.533333333333333,0.8,0.18181818181818182,0.48128342245989303,0.33689839572192515
Chicken McNuggets (6 pcs),lunch,270.0,15.0,16.0,16.0,1.0,0.0,500.0,40.0,Meal/Processed,1,Kaggle Daily Food & Nutrition,chicken_mcnuggets_6_pcs__lunch,5.555555555555555,0.3703703703703704,0.22388059701492538,0.23880597014925373,0.5373134328358209
Chicken Noodle Soup (1 can),lunch,150.0,7.0,18.0,5.0,2.0,2.0,890.0,15.0,Meal/Processed,1,Kaggle Daily Food & Nutrition,chicken_noodle_soup_1_can__lunch,4.666666666666667,1.3333333333333335,0.19310344827586207,0.496551724137931,0.3103448275862069
Chicken Parm Sandwich,lunch,650.0,40.0,55.0,30.0,6.0,9.0,1400.0,100.0,Meal/Processed,1,Kaggle Daily Food & Nutrition,chicken_parm_sandwich__lunch,6.153846153846154,0.9230769230769231,0.24615384615384617,0.3384615384615385,0.4153846153846154
Chicken Salad Sandwich,lunch,420.0,20.0,35.0,20.0,3.0,5.0,850.0,60.0,Meal/Processed,1,Kaggle Daily Food & Nutrition,chicken_salad_sandwich__lunch,4.761904761904762,0.7142857142857143,0.2,0.35,0.45
Chicken Wrap (with tortilla),lunch,410.0,25.0,38.0,17.0,5.0,3.0,780.0,60.0,Meal/Processed,1,Kaggle Daily Food & Nutrition,chicken_wrap_with_tortilla__lunch,6.097560975609756,1.2195121951219512,0.24691358024691357,0.37530864197530867,0.37777777777777777
Chickpeas (1/2 cup canned),lunch,135.0,7.0,22.0,2.0,6.0,3.0,250.0,0.0,Legume,1,Kaggle Daily Food & Nutrition,chickpeas_1_2_cup_canned__lunch,5.185185185185185,4.444444444444445,0.208955223880597,0.6567164179104478,0.13432835820895522
Chimichurri (1 tbsp),lunch,45.0,0.1,0.5,4.5,0.2,0.1,100.0,0.0,Condiment,1,Kaggle Daily Food & Nutrition,chimichurri_1_tbsp__lunch,0.2222222222222222,0.4444444444444444,0.009324009324009324,0.046620046620046623,0.9440559440559441
Choripan (1 sandwich),lunch,550.0,20.0,40.0,35.0,3.0,4.0,1100.0,80.0,Meal/Processed,1,Kaggle Daily Food & Nutrition,choripan_1_sandwich__lunch,3.6363636363636362,0.5454545454545455,0.14414414414414414,0.2882882882882883,0.5675675675675675
Clam Chowder (1 cup),lunch,200.0,10.0,18.0,9.0,1.0,2.0,870.0,30.0,Meal/Seafood,2,Kaggle Daily Food & Nutrition,clam_chowder_1_cup__lunch,5.0,0.5,0.20725388601036268,0.37305699481865284,0.41968911917098445
Club Sandwich,lunch,580.0,35.0,40.0,30.0,5.0,7.0,1300.0,95.0,Meal/Processed,1,Kaggle Daily Food & Nutrition,club_sandwich__lunch,6.0344827586206895,0.8620689655172413,0.24561403508771928,0.2807017543859649,0.47368421052631576
Cobb Salad,lunch,510.0,30.0,12.0,38.0,7.0,6.0,800.0,210.0,Meal/Protein,1,Kaggle Daily Food & Nutrition,cobb_salad__lunch,5.88235294117647,1.3725490196078431,0.23529411764705882,0.09411764705882353,0.6705882352941176
Cottage Cheese (1 cup low fat),lunch,160.0,28.0,6.0,2.5,0.0,4.0,820.0,10.0,Dairy,1,Kaggle Daily Food & Nutrition,cottage_cheese_1_cup_low_fat__lunch,17.5,0.0,0.7066246056782335,0.15141955835962145,0.14195583596214512
Crackers (5 whole wheat),lunch,90.0,2.0,14.0,3.0,2.0,0.0,180.0,0.0,Grain/Processed,1,Kaggle Daily Food & Nutrition,crackers_5_whole_wheat__lunch,2.2222222222222223,2.2222222222222223,0.08791208791208792,0.6153846153846154,0.2967032967032967
Croutons (1/4 cup),lunch,50.0,1.5,7.0,2.0,0.5,0.5,140.0,0.0,Grain,2,Kaggle Daily Food & Nutrition,croutons_1_4_cup__lunch,3.0,1.0,0.11538461538461539,0.5384615384615384,0.34615384615384615
Croutons (Garlic 1/4 cup),lunch,50.0,1.5,7.0,2.0,0.5,0.5,140.0,0.0,Grain,1,Kaggle Daily Food & Nutrition,croutons_garlic_1_4_cup__lunch,3.0,1.0,0.11538461538461539,0.5384615384615384,0.34615384615384615
Dhal Curry (No Rice),lunch,180.0,12.0,24.0,5.0,8.0,2.0,410.0,0.0,Sri Lankan - Curry,1,"Curated regional (Sri Lankan, per serving)",dhal_curry_no_rice__lunch,6.666666666666667,4.444444444444445,0.25396825396825395,0.5079365079365079,0.23809523809523808
Dim Sum (Siu Mai 3 pcs),lunch,180.0,12.0,10.0,10.0,2.0,1.0,550.0,60.0,Meal/Processed,1,Kaggle Daily Food & Nutrition,dim_sum_siu_mai_3_pcs__lunch,6.666666666666667,1.1111111111111112,0.2696629213483146,0.2247191011235955,0.5056179775280899
Empanada (Beef 1 medium),lunch,290.0,10.0,28.0,16.0,3.0,3.0,550.0,30.0,Meal/Processed,1,Kaggle Daily Food & Nutrition,empanada_beef_1_medium__lunch,3.4482758620689653,1.0344827586206897,0.13513513513513514,0.3783783783783784,0.4864864864864865
Falafel (3 pieces),lunch,180.0,6.0,18.0,9.0,4.0,1.0,320.0,0.0,Meal/Vegetarian,1,Kaggle Daily Food & Nutrition,falafel_3_pieces__lunch,3.3333333333333335,2.2222222222222223,0.13559322033898305,0.4067796610169492,0.4576271186440678
Fattoush Salad (1.5 cups),lunch,250.0,5.0,25.0,15.0,6.0,5.0,500.0,0.0,Meal/Vegetarian,1,Kaggle Daily Food & Nutrition,fattoush_salad_1_5_cups__lunch,2.0,2.4,0.0784313725490196,0.39215686274509803,0.5294117647058824
Feta Cheese (1 oz),lunch,75.0,4.0,1.2,6.1,0.0,0.7,316.0,25.0,Dairy,1,Kaggle Daily Food & Nutrition,feta_cheese_1_oz__lunch,5.333333333333334,0.0,0.21136063408190223,0.06340819022457067,0.725231175693527
Fish Curry (No Rice),lunch,240.0,26.0,7.0,11.0,2.0,2.0,480.0,60.0,Sri Lankan - Curry,1,"Curated regional (Sri Lankan, per serving)",fish_curry_no_rice__lunch,10.833333333333334,0.8333333333333334,0.45021645021645024,0.12121212121212122,0.42857142857142855
Focaccia (1 square),lunch,250.0,8.0,40.0,7.0,2.0,2.0,500.0,0.0,Grain,1,Kaggle Daily Food & Nutrition,focaccia_1_square__lunch,3.2,0.8,0.12549019607843137,0.6274509803921569,0.24705882352941178
French Onion Soup (1 cup),lunch,150.0,6.0,15.0,7.0,2.0,5.0,800.0,20.0,Meal,1,Kaggle Daily Food & Nutrition,french_onion_soup_1_cup__lunch,4.0,1.3333333333333335,0.16326530612244897,0.40816326530612246,0.42857142857142855
Fried Pita (1/2 pita in salad),lunch,80.0,2.0,12.0,3.0,1.0,0.5,150.0,0.0,Grain,1,Kaggle Daily Food & Nutrition,fried_pita_1_2_pita_in_salad__lunch,2.5,1.25,0.0963855421686747,0.5783132530120482,0.3253012048192771
Garlic Sauce (1 tbsp),lunch,90.0,0.1,1.0,10.0,0.0,0.5,80.0,5.0,Condiment,1,Kaggle Daily Food & Nutrition,garlic_sauce_1_tbsp__lunch,0.1111111111111111,0.0,0.00423728813559322,0.0423728813559322,0.9533898305084745
Gazpacho (1 cup),lunch,90.0,2.0,12.0,4.0,3.0,7.0,600.0,0.0,Meal/Soup,1,Kaggle Daily Food & Nutrition,gazpacho_1_cup__lunch,2.2222222222222223,3.3333333333333335,0.08695652173913043,0.5217391304347826,0.391304347826087
Goat Cheese (1 oz),lunch,103.0,6.1,0.1,8.5,0.0,0.1,146.0,22.0,Dairy,1,Kaggle Daily Food & Nutrition,goat_cheese_1_oz__lunch,5.922330097087379,0.0,0.24086870681145112,0.003948667324777888,0.755182625863771
Grilled Cheese Sandwich,lunch,390.0,15.0,32.0,22.0,3.0,4.0,800.0,60.0,Meal/Processed,2,Kaggle Daily Food & Nutrition,grilled_cheese_sandwich__lunch,3.8461538461538463,0.7692307692307693,0.15544041450777202,0.3316062176165803,0.5129533678756477
Grilled Chicken Salad,lunch,350.0,30.0,10.0,20.0,5.0,4.0,400.0,80.0,Meal/Protein,1,Kaggle Daily Food & Nutrition,grilled_chicken_salad__lunch,8.571428571428571,1.4285714285714286,0.35294117647058826,0.11764705882352941,0.5294117647058824
Ham (3oz deli sliced),lunch,110.0,16.0,2.0,4.0,0.0,1.5,950.0,45.0,Protein/Meat,1,Kaggle Daily Food & Nutrition,ham_3oz_deli_sliced__lunch,14.545454545454545,0.0,0.5925925925925926,0.07407407407407407,0.3333333333333333
Hummus (1/4 cup),lunch,130.0,5.0,10.0,8.0,4.0,1.0,250.0,0.0,Legume,1,Kaggle Daily Food & Nutrition,hummus_1_4_cup__lunch,3.8461538461538463,3.076923076923077,0.15151515151515152,0.30303030303030304,0.5454545454545454
Hummus Wrap (large),lunch,450.0,15.0,60.0,18.0,12.0,5.0,800.0,0.0,Meal/Vegetarian,1,Kaggle Daily Food & Nutrition,hummus_wrap_large__lunch,3.3333333333333335,2.666666666666667,0.12987012987012986,0.5194805194805194,0.35064935064935066
Italian Dressing (2 tbsp),lunch,70.0,0.0,3.0,7.0,0.0,2.0,300.0,0.0,Condiment,1,Kaggle Daily Food & Nutrition,italian_dressing_2_tbsp__lunch,0.0,0.0,0.0,0.16,0.84
Ketchup (1 tbsp),lunch,20.0,0.2,5.0,0.1,0.2,4.0,160.0,0.0,Condiment,2,Kaggle Daily Food & Nutrition,ketchup_1_tbsp__lunch,1.0,1.0,0.03686635944700461,0.9216589861751152,0.041474654377880185
Lamprais,lunch,780.0,32.0,92.0,30.0,5.0,6.0,1050.0,110.0,Sri Lankan - Rice Parcel,1,"Curated regional (Sri Lankan, per serving)",lamprais__lunch,4.102564102564102,0.641025641025641,0.1671018276762402,0.4804177545691906,0.3524804177545692
Lentil Soup (1 can),lunch,230.0,15.0,35.0,3.0,12.0,6.0,650.0,0.0,Meal/Legume,1,Kaggle Daily Food & Nutrition,lentil_soup_1_can__lunch,6.521739130434782,5.217391304347826,0.2643171806167401,0.6167400881057269,0.11894273127753303
Lentil Soup (1 cup Middle Eastern),lunch,200.0,10.0,30.0,5.0,10.0,4.0,700.0,0.0,Meal/Legume,1,Kaggle Daily Food & Nutrition,lentil_soup_1_cup_middle_eastern__lunch,5.0,5.0,0.1951219512195122,0.5853658536585366,0.21951219512195122
Lobster Bisque (1 cup),lunch,250.0,8.0,12.0,18.0,1.0,3.0,850.0,50.0,Meal/Seafood,1,Kaggle Daily Food & Nutrition,lobster_bisque_1_cup__lunch,3.2,0.4,0.1322314049586777,0.19834710743801653,0.6694214876033058
Macaroni & Cheese (1 cup),lunch,350.0,10.0,40.0,17.0,2.0,5.0,750.0,40.0,Meal/Pasta,2,Kaggle Daily Food & Nutrition,macaroni_cheese_1_cup__lunch,2.857142857142857,0.5714285714285714,0.11331444759206799,0.45325779036827196,0.43342776203966005
Macaroni Salad (1 cup),lunch,380.0,8.0,30.0,25.0,3.0,6.0,750.0,20.0,Meal/Pasta,1,Kaggle Daily Food & Nutrition,macaroni_salad_1_cup__lunch,2.1052631578947367,0.7894736842105263,0.08488063660477453,0.3183023872679045,0.596816976127321
Mayonnaise (1 tbsp),lunch,90.0,0.1,0.1,10.0,0.0,0.1,70.0,5.0,Condiment,1,Kaggle Daily Food & Nutrition,mayonnaise_1_tbsp__lunch,0.1111111111111111,0.0,0.004405286343612335,0.004405286343612335,0.9911894273127754
Meatball Sub (6 inch),lunch,580.0,28.0,55.0,27.0,6.0,10.0,1200.0,70.0,Meal/Processed,1,Kaggle Daily Food & Nutrition,meatball_sub_6_inch__lunch,4.827586206896552,1.0344827586206897,0.19478260869565217,0.3826086956521739,0.4226086956521739
Mozzarella (1 slice),lunch,80.0,6.0,1.0,6.0,0.0,0.5,150.0,20.0,Dairy,1,Kaggle Daily Food & Nutrition,mozzarella_1_slice__lunch,7.5,0.0,0.2926829268292683,0.04878048780487805,0.6585365853658537
Olive Oil (1 tbsp dressing),lunch,120.0,0.0,0.0,14.0,0.0,0.0,0.0,0.0,Condiment,1,Kaggle Daily Food & Nutrition,olive_oil_1_tbsp_dressing__lunch,0.0,0.0,0.0,0.0,1.0
Olive Oil (1 tbsp drizzle),lunch,120.0,0.0,0.0,14.0,0.0,0.0,0.0,0.0,Condiment,1,Kaggle Daily Food & Nutrition,olive_oil_1_tbsp_drizzle__lunch,0.0,0.0,0.0,0.0,1.0
Olive Oil (1 tsp garnish),lunch,40.0,0.0,0.0,4.5,0.0,0.0,0.0,0.0,Condiment,1,Kaggle Daily Food & Nutrition,olive_oil_1_tsp_garnish__lunch,0.0,0.0,0.0,0.0,1.0
Olives (Kalamata 5 large),lunch,35.0,0.2,1.0,3.5,0.5,0.0,210.0,0.0,Fruit,1,Kaggle Daily Food & Nutrition,olives_kalamata_5_large__lunch,0.5714285714285714,1.4285714285714286,0.022038567493112952,0.11019283746556474,0.8677685950413224
Onions (sautéed 1/4 cup),lunch,30.0,0.5,5.0,1.0,1.0,3.0,5.0,0.0,Vegetable,1,Kaggle Daily Food & Nutrition,onions_saut_ed_1_4_cup__lunch,1.6666666666666667,3.3333333333333335,0.06451612903225806,0.6451612903225806,0.2903225806451613
Pasta Salad (1 cup),lunch,280.0,8.0,30.0,14.0,4.0,5.0,450.0,10.0,Meal/Pasta,1,Kaggle Daily Food & Nutrition,pasta_salad_1_cup__lunch,2.857142857142857,1.4285714285714286,0.11510791366906475,0.4316546762589928,0.45323741007194246
Peanut Butter & Jelly Sandwich,lunch,390.0,12.0,50.0,17.0,5.0,20.0,450.0,0.0,Meal/Processed,2,Kaggle Daily Food & Nutrition,peanut_butter_jelly_sandwich__lunch,3.076923076923077,1.282051282051282,0.11970074812967581,0.49875311720698257,0.38154613466334164
Philly Cheesesteak (6 inch),lunch,500.0,25.0,40.0,28.0,3.0,5.0,1100.0,70.0,Meal/Processed,1,Kaggle Daily Food & Nutrition,philly_cheesesteak_6_inch__lunch,5.0,0.6,0.1953125,0.3125,0.4921875
Pita Crisps (1 oz),lunch,130.0,3.0,18.0,5.0,2.0,1.0,240.0,0.0,Snack/Processed,1,Kaggle Daily Food & Nutrition,pita_crisps_1_oz__lunch,2.307692307692308,1.5384615384615385,0.09302325581395349,0.5581395348837209,0.3488372093023256
Pork Bun (1 steamed),lunch,220.0,8.0,30.0,8.0,2.0,6.0,400.0,20.0,Meal/Processed,1,Kaggle Daily Food & Nutrition,pork_bun_1_steamed__lunch,3.6363636363636362,0.9090909090909091,0.14285714285714285,0.5357142857142857,0.32142857142857145
Potato Leek Soup (1 cup),lunch,180.0,4.0,25.0,7.0,3.0,4.0,650.0,15.0,Meal/Vegetable,1,Kaggle Daily Food & Nutrition,potato_leek_soup_1_cup__lunch,2.2222222222222223,1.6666666666666667,0.0893854748603352,0.5586592178770949,0.35195530726256985
Potato Salad (1/2 cup),lunch,180.0,2.0,19.0,11.0,2.0,3.0,500.0,10.0,Meal/Vegetable,1,Kaggle Daily Food & Nutrition,potato_salad_1_2_cup__lunch,1.1111111111111112,1.1111111111111112,0.04371584699453552,0.41530054644808745,0.5409836065573771
Pretzel Bun (1 medium),lunch,230.0,8.0,45.0,2.0,2.0,4.0,550.0,0.0,Grain,1,Kaggle Daily Food & Nutrition,pretzel_bun_1_medium__lunch,3.4782608695652173,0.8695652173913043,0.1391304347826087,0.782608695652174,0.0782608695652174
Pulled Pork Sandwich,lunch,480.0,25.0,48.0,20.0,3.0,15.0,900.0,75.0,Meal/Meat,1,Kaggle Daily Food & Nutrition,pulled_pork_sandwich__lunch,5.208333333333334,0.625,0.211864406779661,0.4067796610169492,0.3813559322033898
Quesadilla (Cheese 1 medium),lunch,400.0,18.0,35.0,22.0,3.0,2.0,700.0,50.0,Meal/Processed,1,Kaggle Daily Food & Nutrition,quesadilla_cheese_1_medium__lunch,4.5,0.75,0.17560975609756097,0.34146341463414637,0.48292682926829267
Quinoa Salad (1 cup),lunch,260.0,9.0,32.0,12.0,6.0,4.0,300.0,0.0,Meal/Vegetarian,1,Kaggle Daily Food & Nutrition,quinoa_salad_1_cup__lunch,3.4615384615384617,2.307692307692308,0.1323529411764706,0.47058823529411764,0.39705882352941174
Ramen (Instant 1 pack),lunch,380.0,9.0,53.0,14.0,2.0,2.0,1580.0,0.0,Meal/Processed,1,Kaggle Daily Food & Nutrition,ramen_instant_1_pack__lunch,2.368421052631579,0.5263157894736842,0.0962566844919786,0.5668449197860963,0.33689839572192515
Reuben Sandwich,lunch,650.0,28.0,35.0,40.0,5.0,6.0,1500.0,100.0,Meal/Processed,1,Kaggle Daily Food & Nutrition,reuben_sandwich__lunch,4.3076923076923075,0.7692307692307693,0.1830065359477124,0.22875816993464052,0.5882352941176471
Rice and Chicken Curry,lunch,650.0,35.0,85.0,18.0,5.0,4.0,780.0,95.0,Sri Lankan - Rice & Curry,1,"Curated regional (Sri Lankan, per serving)",rice_and_chicken_curry__lunch,5.384615384615385,0.7692307692307693,0.21806853582554517,0.5295950155763239,0.2523364485981308
Rice and Dhal Curry (Vegetarian),lunch,520.0,16.0,90.0,10.0,9.0,4.0,640.0,0.0,Sri Lankan - Rice & Curry,1,"Curated regional (Sri Lankan, per serving)",rice_and_dhal_curry_vegetarian__lunch,3.076923076923077,1.7307692307692308,0.1245136186770428,0.7003891050583657,0.17509727626459143
Rice and Fish Curry,lunch,600.0,32.0,84.0,14.0,5.0,3.0,720.0,65.0,Sri Lankan - Rice & Curry,1,"Curated regional (Sri Lankan, per serving)",rice_and_fish_curry__lunch,5.333333333333334,0.8333333333333334,0.21694915254237288,0.5694915254237288,0.2135593220338983
Rice with Beef Curry,lunch,690.0,38.0,84.0,22.0,5.0,4.0,800.0,88.0,Sri Lankan - Rice & Curry,1,"Curated regional (Sri Lankan, per serving)",rice_with_beef_curry__lunch,5.507246376811594,0.7246376811594203,0.22157434402332363,0.4897959183673469,0.2886297376093295
Rice with Cuttlefish Curry,lunch,620.0,34.0,84.0,15.0,4.0,3.0,760.0,180.0,Sri Lankan - Rice & Curry,1,"Curated regional (Sri Lankan, per serving)",rice_with_cuttlefish_curry__lunch,5.483870967741936,0.6451612903225806,0.22405271828665568,0.5535420098846787,0.22240527182866557
Rye Bread (1 slice),lunch,83.0,2.7,15.5,1.1,1.9,1.2,170.0,0.0,Grain,1,Kaggle Daily Food & Nutrition,rye_bread_1_slice__lunch,3.2530120481927716,2.289156626506024,0.13059250302297462,0.7496977025392987,0.11970979443772672
Rye Crispbread (2 slices),lunch,70.0,2.0,14.0,0.5,3.0,0.0,120.0,0.0,Grain,1,Kaggle Daily Food & Nutrition,rye_crispbread_2_slices__lunch,2.857142857142857,4.285714285714286,0.11678832116788321,0.8175182481751825,0.06569343065693431
Salami (3 slices),lunch,110.0,6.0,1.0,9.0,0.0,0.5,500.0,30.0,Protein/Processed,1,Kaggle Daily Food & Nutrition,salami_3_slices__lunch,5.454545454545454,0.0,0.22018348623853212,0.03669724770642202,0.7431192660550459
Salsa (1/4 cup),lunch,20.0,0.8,4.5,0.1,1.0,3.0,250.0,0.0,Vegetable,1,Kaggle Daily Food & Nutrition,salsa_1_4_cup__lunch,4.0,5.0,0.14479638009049775,0.8144796380090499,0.0407239819004525
Saltine Crackers (5 crackers),lunch,60.0,1.0,10.0,1.5,0.5,0.0,140.0,0.0,Grain/Processed,1,Kaggle Daily Food & Nutrition,saltine_crackers_5_crackers__lunch,1.6666666666666667,0.8333333333333334,0.06956521739130435,0.6956521739130435,0.23478260869565218
Sashimi (Salmon 3 pcs),lunch,120.0,18.0,0.0,5.0,0.0,0.0,45.0,40.0,Protein/Fish,1,Kaggle Daily Food & Nutrition,sashimi_salmon_3_pcs__lunch,15.0,0.0,0.6153846153846154,0.0,0.38461538461538464
"Sauce, pasta, spaghetti/marinara, ready-to-serve",lunch,45.0,1.41,8.05,1.48,1.8,0.0,419.0,0.0,USDA,1,USDA FoodData Central (per 100 g),sauce_pasta_spaghetti_marinara_ready_to_serve__lunch,3.1333333333333333,4.0,0.11024237685691946,0.6293979671618452,0.26035965598123534
Seaweed Salad (1/2 cup),lunch,60.0,2.0,8.0,3.0,2.0,4.0,350.0,0.0,Vegetable,1,Kaggle Daily Food & Nutrition,seaweed_salad_1_2_cup__lunch,3.3333333333333335,3.3333333333333335,0.11940298507462686,0.47761194029850745,0.40298507462686567
Shawarma (Chicken 1 wrap),lunch,550.0,30.0,50.0,25.0,6.0,5.0,1100.0,80.0,Meal/Processed,1,Kaggle Daily Food & Nutrition,shawarma_chicken_1_wrap__lunch,5.454545454545454,1.090909090909091,0.22018348623853212,0.3669724770642202,0.41284403669724773
Sour Cream (1 tbsp),lunch,30.0,0.4,0.6,2.9,0.0,0.4,12.0,6.0,Condiment/Dairy,1,Kaggle Daily Food & Nutrition,sour_cream_1_tbsp__lunch,1.3333333333333335,0.0,0.053156146179402,0.079734219269103,0.867109634551495
Split Pea Soup (1 cup),lunch,180.0,11.0,30.0,2.0,10.0,6.0,700.0,5.0,Meal/Legume,1,Kaggle Daily Food & Nutrition,split_pea_soup_1_cup__lunch,6.111111111111111,5.555555555555555,0.24175824175824176,0.6593406593406593,0.0989010989010989
Sweet Tea (16 oz),lunch,180.0,0.0,46.0,0.0,0.0,46.0,15.0,0.0,Beverage,1,Kaggle Daily Food & Nutrition,sweet_tea_16_oz__lunch,0.0,0.0,0.0,1.0,0.0
Swiss Cheese (1 slice),lunch,106.0,7.6,1.0,8.0,0.0,0.4,54.0,26.0,Dairy,1,Kaggle Daily Food & Nutrition,swiss_cheese_1_slice__lunch,7.169811320754717,0.0,0.2857142857142857,0.03759398496240601,0.6766917293233082
Tabouli (1/2 cup),lunch,120.0,3.0,15.0,6.0,4.0,2.0,300.0,0.0,Meal/Vegetarian,1,Kaggle Daily Food & Nutrition,tabouli_1_2_cup__lunch,2.5,3.3333333333333335,0.09523809523809523,0.47619047619047616,0.42857142857142855
Tahini Sauce (1 tbsp),lunch,30.0,1.0,1.5,2.5,0.5,0.0,45.0,0.0,Condiment,1,Kaggle Daily Food & Nutrition,tahini_sauce_1_tbsp__lunch,3.3333333333333335,1.6666666666666667,0.12307692307692308,0.18461538461538463,0.6923076923076923
Tempeh (3oz),lunch,160.0,16.0,8.0,9.0,5.0,0.0,10.0,0.0,Protein/Vegetarian,1,Kaggle Daily Food & Nutrition,tempeh_3oz__lunch,10.0,3.125,0.3615819209039548,0.1807909604519774,0.4576271186440678
Tofu (4oz firm),lunch,90.0,10.0,3.0,5.0,2.0,1.0,10.0,0.0,Protein/Vegetarian,2,Kaggle Daily Food & Nutrition,tofu_4oz_firm__lunch,11.11111111111111,2.2222222222222223,0.41237113402061853,0.12371134020618557,0.4639175257731959
Tomato (1 medium sliced),lunch,22.0,1.1,4.8,0.2,1.5,3.2,6.0,0.0,Vegetable,1,Kaggle Daily Food & Nutrition,tomato_1_medium_sliced__lunch,5.0,6.8181818181818175,0.1732283464566929,0.7559055118110235,0.07086614173228346
Tomato Soup (1 can),lunch,170.0,4.0,25.0,6.0,4.0,15.0,900.0,10.0,Meal/Vegetable,2,Kaggle Daily Food & Nutrition,tomato_soup_1_can__lunch,2.3529411764705883,2.3529411764705883,0.09411764705882353,0.5882352941176471,0.3176470588235294
Tuna (Canned 3oz in water),lunch,90.0,20.0,0.0,1.0,0.0,0.0,250.0,35.0,Protein/Fish,1,Kaggle Daily Food & Nutrition,tuna_canned_3oz_in_water__lunch,22.22222222222222,0.0,0.898876404494382,0.0,0.10112359550561797
Tuna Melt,lunch,450.0,25.0,32.0,25.0,3.0,4.0,900.0,50.0,Meal/Processed,1,Kaggle Daily Food & Nutrition,tuna_melt__lunch,5.555555555555555,0.6666666666666667,0.22075055187637968,0.282560706401766,0.4966887417218543
Tuna Salad (1/2 cup),lunch,190.0,19.0,2.0,12.0,1.0,1.0,400.0,30.0,Meal/Fish,1,Kaggle Daily Food & Nutrition,tuna_salad_1_2_cup__lunch,10.0,0.5263157894736842,0.3958333333333333,0.041666666666666664,0.5625
Tuna Sauce (2 tbsp),lunch,100.0,4.0,1.0,9.0,0.0,0.5,200.0,15.0,Condiment,1,Kaggle Daily Food & Nutrition,tuna_sauce_2_tbsp__lunch,4.0,0.0,0.15841584158415842,0.039603960396039604,0.801980198019802
Turkey Burger (1 patty),lunch,160.0,22.0,2.0,8.0,0.0,1.0,400.0,70.0,Protein/Meat,1,Kaggle Daily Food & Nutrition,turkey_burger_1_patty__lunch,13.750000000000002,0.0,0.5238095238095238,0.047619047619047616,0.42857142857142855
Turkey Sandwich (on wheat),lunch,340.0,22.0,34.0,12.0,5.0,6.0,850.0,50.0,Meal/Processed,1,Kaggle Daily Food & Nutrition,turkey_sandwich_on_wheat__lunch,6.470588235294119,1.4705882352941175,0.26506024096385544,0.40963855421686746,0.3253012048192771
Vegetable Kottu,lunch,620.0,16.0,88.0,22.0,7.0,5.0,1100.0,0.0,Sri Lankan - Kottu,1,"Curated regional (Sri Lankan, per serving)",vegetable_kottu__lunch,2.5806451612903225,1.129032258064516,0.10423452768729642,0.5732899022801303,0.32247557003257327
Vegetable Soup (1 can),lunch,140.0,4.0,22.0,4.0,6.0,8.0,780.0,5.0,Meal/Vegetable,1,Kaggle Daily Food & Nutrition,vegetable_soup_1_can__lunch,2.857142857142857,4.285714285714286,0.11428571428571428,0.6285714285714286,0.2571428571428571
Veggie Burger (1 patty),lunch,120.0,11.0,10.0,4.0,5.0,1.0,350.0,0.0,Protein/Vegetarian,2,Kaggle Daily Food & Nutrition,veggie_burger_1_patty__lunch,9.166666666666666,4.166666666666666,0.36666666666666664,0.3333333333333333,0.3
Vitello Tonnato (1 serving),lunch,380.0,35.0,3.0,25.0,0.5,1.0,600.0,110.0,Meal/Meat,1,Kaggle Daily Food & Nutrition,vitello_tonnato_1_serving__lunch,9.210526315789473,0.13157894736842105,0.3713527851458886,0.03183023872679045,0.596816976127321
Walnuts (1 tbsp chopped),lunch,46.0,1.1,1.0,4.6,0.5,0.2,0.0,0.0,Nut,1,Kaggle Daily Food & Nutrition,walnuts_1_tbsp_chopped__lunch,2.391304347826087,1.0869565217391304,0.08835341365461849,0.08032128514056225,0.8313253012048193
Yellow Rice with Chicken,lunch,700.0,33.0,92.0,22.0,4.0,5.0,860.0,90.0,Sri Lankan - Rice,1,"Curated regional (Sri Lankan, per serving)",yellow_rice_with_chicken__lunch,4.714285714285714,0.5714285714285714,0.18911174785100288,0.5272206303724928,0.2836676217765043
Alfajores (1 cookie),snack,180.0,2.0,22.0,10.0,1.0,15.0,60.0,20.0,Dessert,1,Kaggle Daily Food & Nutrition,alfajores_1_cookie__snack,1.1111111111111112,0.5555555555555556,0.043010752688172046,0.4731182795698925,0.4838709677419355
Almonds (1 oz),snack,164.0,6.0,6.0,14.0,3.5,1.0,1.0,0.0,Nut,1,Kaggle Daily Food & Nutrition,almonds_1_oz__snack,3.6585365853658534,2.1341463414634148,0.13793103448275862,0.13793103448275862,0.7241379310344828
Amaretti Cookie (2 cookies),snack,90.0,2.0,12.0,4.0,1.0,10.0,10.0,0.0,Dessert,1,Kaggle Daily Food & Nutrition,amaretti_cookie_2_cookies__snack,2.2222222222222223,1.1111111111111112,0.08695652173913043,0.5217391304347826,0.391304347826087
Ants on a Log (4 pcs),snack,180.0,6.0,12.0,12.0,3.0,7.0,120.0,0.0,Snack,1,Kaggle Daily Food & Nutrition,ants_on_a_log_4_pcs__snack,3.3333333333333335,1.6666666666666667,0.13333333333333333,0.26666666666666666,0.6
Aperol Spritz (1 drink),snack,180.0,0.0,20.0,0.0,0.0,20.0,10.0,0.0,Beverage,1,Kaggle Daily Food & Nutrition,aperol_spritz_1_drink__snack,0.0,0.0,0.0,1.0,0.0
Apple,snack,95.0,0.5,25.0,0.3,4.4,19.0,2.0,0.0,Fruit,1,Kaggle Daily Food & Nutrition,apple__snack,0.5263157894736842,4.631578947368421,0.019102196752626553,0.9551098376313276,0.025787965616045842
Apple Cider (1 cup),snack,117.0,0.1,29.0,0.3,0.5,27.0,10.0,0.0,Beverage,1,Kaggle Daily Food & Nutrition,apple_cider_1_cup__snack,0.08547008547008547,0.4273504273504274,0.0033585222502099076,0.9739714525608731,0.02267002518891687
Apple Pie (1 slice),snack,410.0,3.0,58.0,19.0,3.0,25.0,320.0,0.0,Dessert,1,Kaggle Daily Food & Nutrition,apple_pie_1_slice__snack,0.7317073170731708,0.7317073170731708,0.02891566265060241,0.5590361445783133,0.41204819277108434
"Apples, fuji, with skin, raw",snack,65.0,0.15,15.7,0.16,2.1,0.0,1.0,0.0,USDA,1,USDA FoodData Central (per 100 g),apples_fuji_with_skin_raw__snack,0.23076923076923075,3.230769230769231,0.009253547193090683,0.9685379395434915,0.02220851326341764
"Apples, gala, with skin, raw",snack,61.0,0.13,14.8,0.15,2.1,0.0,0.0,0.0,USDA,1,USDA FoodData Central (per 100 g),apples_gala_with_skin_raw__snack,0.21311475409836067,3.4426229508196724,0.008514819060094972,0.9693794006877353,0.022105780252169638
"Apples, granny smith, with skin, raw",snack,59.0,0.27,14.2,0.14,2.5,0.0,0.0,0.0,USDA,1,USDA FoodData Central (per 100 g),apples_granny_smith_with_skin_raw__snack,0.45762711864406785,4.23728813559322,0.01826175177544809,0.9604328711531959,0.02130537707135611
"Apples, honeycrisp, with skin, raw",snack,60.0,0.1,14.7,0.1,1.7,0.0,0.0,0.0,USDA,1,USDA FoodData Central (per 100 g),apples_honeycrisp_with_skin_raw__snack,0.16666666666666669,2.833333333333333,0.006655574043261232,0.978369384359401,0.014975041597337773
"Apples, red delicious, with skin, raw",snack,62.0,0.19,14.8,0.21,2.0,0.0,0.0,0.0,USDA,1,USDA FoodData Central (per 100 g),apples_red_delicious_with_skin_raw__snack,0.3064516129032258,3.225806451612903,0.012287793047696038,0.9571544058205336,0.03055780113177041
Arancini (1 large ball),snack,250.0,9.0,30.0,10.0,3.0,3.0,500.0,30.0,Snack/Processed,1,Kaggle Daily Food & Nutrition,arancini_1_large_ball__snack,3.5999999999999996,1.2,0.14634146341463414,0.4878048780487805,0.36585365853658536
Baba Ganoush (1/4 cup),snack,100.0,2.0,8.0,7.0,4.0,2.0,300.0,0.0,Meal/Vegetable,1,Kaggle Daily Food & Nutrition,baba_ganoush_1_4_cup__snack,2.0,4.0,0.07766990291262135,0.3106796116504854,0.6116504854368932
Baklava (1 piece),snack,280.0,3.0,30.0,18.0,2.0,20.0,80.0,10.0,Dessert,1,Kaggle Daily Food & Nutrition,baklava_1_piece__snack,1.0714285714285714,0.7142857142857143,0.04081632653061224,0.40816326530612246,0.5510204081632653
"Bananas, overripe, raw",snack,85.0,0.73,20.1,0.22,1.7,0.0,0.0,0.0,USDA,1,USDA FoodData Central (per 100 g),bananas_overripe_raw__snack,0.8588235294117647,2.0,0.03423212192262602,0.9425556858147713,0.023212192262602575
"Bananas, ripe and slightly ripe, raw",snack,97.0,0.74,23.0,0.29,1.7,0.0,0.0,0.0,USDA,1,USDA FoodData Central (per 100 g),bananas_ripe_and_slightly_ripe_raw__snack,0.7628865979381444,1.7525773195876289,0.030337193809572616,0.9429127805677976,0.026750025622629906
"Beans, snap, green, canned, regular pack, drained solids",snack,21.0,1.04,4.11,0.39,0.0,0.0,282.0,0.0,USDA,1,USDA FoodData Central (per 100 g),beans_snap_green_canned_regular_pack_drained_solids__snack,4.9523809523809526,0.0,0.17254251347988386,0.681874740771464,0.14558274574865201
Beef Jerky (1 oz),snack,116.0,9.4,3.1,7.2,0.5,2.5,590.0,30.0,Snack/Processed,1,Kaggle Daily Food & Nutrition,beef_jerky_1_oz__snack,8.10344827586207,0.43103448275862066,0.3275261324041812,0.10801393728222997,0.5644599303135889
Beer (12 oz light),snack,103.0,0.9,5.8,0.0,0.0,0.3,10.0,0.0,Beverage,1,Kaggle Daily Food & Nutrition,beer_12_oz_light__snack,0.8737864077669903,0.0,0.13432835820895522,0.8656716417910447,0.0
Berry Coulis (1 tbsp),snack,20.0,0.0,5.0,0.0,0.5,4.5,0.0,0.0,Condiment,1,Kaggle Daily Food & Nutrition,berry_coulis_1_tbsp__snack,0.0,2.5,0.0,1.0,0.0
Biscotti (1 cookie),snack,110.0,2.0,18.0,4.0,1.0,9.0,50.0,15.0,Dessert,1,Kaggle Daily Food & Nutrition,biscotti_1_cookie__snack,1.8181818181818181,0.9090909090909091,0.06896551724137931,0.6206896551724138,0.3103448275862069
Blackberries (1 cup),snack,62.0,2.0,13.8,0.7,7.6,4.9,1.0,0.0,Fruit,1,Kaggle Daily Food & Nutrition,blackberries_1_cup__snack,3.225806451612903,12.258064516129032,0.11510791366906475,0.7942446043165468,0.09064748201438849
Blue Cheese (1 oz),snack,100.0,6.0,0.7,8.0,0.0,0.1,325.0,21.0,Dairy,1,Kaggle Daily Food & Nutrition,blue_cheese_1_oz__snack,6.0,0.0,0.24291497975708504,0.02834008097165992,0.728744939271255
Boiled Chickpeas with Coconut,snack,210.0,9.0,28.0,7.0,8.0,3.0,180.0,0.0,Sri Lankan - Legume Snack,1,"Curated regional (Sri Lankan, per serving)",boiled_chickpeas_with_coconut__snack,4.285714285714286,3.8095238095238098,0.17061611374407584,0.5308056872037915,0.2985781990521327
Boiled Eggs,snack,155.0,13.0,1.1,11.0,0.0,1.0,140.0,372.0,Sri Lankan - Protein Snack,1,"Curated regional (Sri Lankan, per serving)",boiled_eggs__snack,8.38709677419355,0.0,0.3346203346203346,0.028314028314028315,0.637065637065637
"Bread, white, commercially prepared",snack,270.0,9.43,49.2,3.59,2.3,0.0,477.0,0.0,USDA,1,USDA FoodData Central (per 100 g),bread_white_commercially_prepared__snack,3.4925925925925925,0.8518518518518517,0.1413634149083686,0.7375482516958363,0.12108833339579507
"Bread, whole-wheat, commercially prepared",snack,254.0,12.3,43.1,3.55,6.0,0.0,450.0,0.0,USDA,1,USDA FoodData Central (per 100 g),bread_whole_wheat_commercially_prepared__snack,4.84251968503937,2.3622047244094486,0.19404456714651944,0.6799447840662591,0.12601064878722146
Breadcrumbs (coating),snack,25.0,0.5,4.0,0.5,0.5,0.5,50.0,0.0,Grain,1,Kaggle Daily Food & Nutrition,breadcrumbs_coating__snack,2.0,2.0,0.08888888888888889,0.7111111111111111,0.2
Brie Cheese (1 oz),snack,95.0,6.0,0.1,7.9,0.0,0.1,178.0,28.0,Dairy,1,Kaggle Daily Food & Nutrition,brie_cheese_1_oz__snack,6.315789473684211,0.0,0.2513089005235602,0.004188481675392671,0.7445026178010472
"Broccoli, raw",snack,32.0,2.57,6.29,0.34,2.4,0.0,36.0,0.0,USDA,1,USDA FoodData Central (per 100 g),broccoli_raw__snack,8.03125,7.5,0.267012987012987,0.6535064935064935,0.07948051948051948
Bruschetta (2 pcs),snack,180.0,4.0,25.0,7.0,3.0,4.0,350.0,0.0,Snack/Appetizer,1,Kaggle Daily Food & Nutrition,bruschetta_2_pcs__snack,2.2222222222222223,1.6666666666666667,0.0893854748603352,0.5586592178770949,0.35195530726256985
Bubble Tea (16 oz milk tea),snack,320.0,2.0,70.0,4.0,1.0,60.0,100.0,10.0,Beverage,1,Kaggle Daily Food & Nutrition,bubble_tea_16_oz_milk_tea__snack,0.625,0.3125,0.024691358024691357,0.8641975308641975,0.1111111111111111
Campari & Soda (1 drink),snack,85.0,0.0,10.0,0.0,0.0,10.0,25.0,0.0,Beverage,1,Kaggle Daily Food & Nutrition,campari_soda_1_drink__snack,0.0,0.0,0.0,1.0,0.0
Campari (1 oz),snack,80.0,0.0,10.0,0.0,0.0,10.0,5.0,0.0,Beverage,1,Kaggle Daily Food & Nutrition,campari_1_oz__snack,0.0,0.0,0.0,1.0,0.0
Candied Fruit (1 tbsp),snack,30.0,0.0,8.0,0.0,0.5,8.0,5.0,0.0,Fruit,1,Kaggle Daily Food & Nutrition,candied_fruit_1_tbsp__snack,0.0,1.6666666666666667,0.0,1.0,0.0
Cannoli (1 medium),snack,240.0,5.0,25.0,13.0,1.0,18.0,100.0,30.0,Dessert,1,Kaggle Daily Food & Nutrition,cannoli_1_medium__snack,2.083333333333333,0.4166666666666667,0.08438818565400844,0.4219409282700422,0.4936708860759494
Caramel Sauce (1 tbsp),snack,60.0,0.0,13.0,1.0,0.0,12.0,30.0,5.0,Condiment,1,Kaggle Daily Food & Nutrition,caramel_sauce_1_tbsp__snack,0.0,0.0,0.0,0.8524590163934426,0.14754098360655737
Carrot Sticks (1 cup),snack,52.0,1.2,12.3,0.3,3.6,6.0,88.0,0.0,Vegetable,1,Kaggle Daily Food & Nutrition,carrot_sticks_1_cup__snack,2.3076923076923075,6.923076923076923,0.08465608465608465,0.8677248677248677,0.04761904761904761
"Carrots, frozen, unprepared",snack,37.0,0.81,7.92,0.47,3.2,0.0,66.0,0.0,USDA,1,USDA FoodData Central (per 100 g),carrots_frozen_unprepared__snack,2.1891891891891895,8.64864864864865,0.08275862068965519,0.8091954022988506,0.10804597701149425
"Carrots, frozen, unprepared (Includes foods for USDA's Food Distribution Program)",snack,37.0,0.81,7.92,0.47,3.2,0.0,66.0,0.0,USDA,1,USDA FoodData Central (per 100 g),carrots_frozen_unprepared_includes_foods_for_usda_s_food_dis__snack,2.1891891891891895,8.64864864864865,0.08275862068965519,0.8091954022988506,0.10804597701149425
Cashews (1 oz roasted),snack,163.0,4.3,9.2,13.1,0.9,1.4,140.0,0.0,Nut,1,Kaggle Daily Food & Nutrition,cashews_1_oz_roasted__snack,2.638036809815951,0.5521472392638037,0.10005817335660268,0.2140779522978476,0.6858638743455497
Chai Latte (12 oz),snack,190.0,7.0,32.0,4.0,1.0,30.0,105.0,15.0,Beverage,1,Kaggle Daily Food & Nutrition,chai_latte_12_oz__snack,3.684210526315789,0.5263157894736842,0.14583333333333334,0.6666666666666666,0.1875
Cheddar Cheese (1 oz),snack,115.0,7.0,1.0,9.5,0.0,0.5,180.0,30.0,Dairy,2,Kaggle Daily Food & Nutrition,cheddar_cheese_1_oz__snack,6.086956521739131,0.0,0.23829787234042554,0.03404255319148936,0.7276595744680852
"Cheese, American, restaurant",snack,375.0,17.5,6.35,31.1,0.0,0.0,1600.0,0.0,USDA,1,USDA FoodData Central (per 100 g),cheese_american_restaurant__snack,4.666666666666667,0.0,0.18651745270450304,0.06767918998134824,0.7458033573141486
"Cheese, cheddar",snack,408.0,23.3,2.44,34.0,0.0,0.0,654.0,100.0,USDA,1,USDA FoodData Central (per 100 g),cheese_cheddar__snack,5.71078431372549,0.0,0.22789514866979654,0.02386541471048513,0.7482394366197183
"Cheese, dry white, queso seco",snack,326.0,24.5,2.07,24.3,0.0,0.0,1810.0,78.0,USDA,1,USDA FoodData Central (per 100 g),cheese_dry_white_queso_seco__snack,7.515337423312883,0.0,0.30155701889347036,0.025478490984060555,0.6729644901224691
"Cheese, mozzarella, low moisture, part-skim",snack,298.0,23.7,4.44,20.4,0.0,0.0,699.0,65.0,USDA,1,USDA FoodData Central (per 100 g),cheese_mozzarella_low_moisture_part_skim__snack,7.953020134228188,0.0,0.320097244732577,0.05996758508914102,0.619935170178282
"Cheese, parmesan, grated",snack,421.0,29.6,12.4,28.0,0.0,0.0,1750.0,87.0,USDA,1,USDA FoodData Central (per 100 g),cheese_parmesan_grated__snack,7.0308788598574825,0.0,0.28190476190476194,0.1180952380952381,0.6
"Cheese, pasteurized process, American, vitamin D fortified",snack,366.0,18.0,5.27,30.6,0.0,0.0,1660.0,98.0,USDA,1,USDA FoodData Central (per 100 g),cheese_pasteurized_process_american_vitamin_d_fortified__snack,4.918032786885246,0.0,0.19539730785931392,0.05720798957881024,0.7473947025618759
"Cheese, swiss",snack,393.0,27.0,1.44,31.0,0.0,0.0,185.0,93.0,USDA,1,USDA FoodData Central (per 100 g),cheese_swiss__snack,6.870229007633588,0.0,0.27497708524289644,0.01466544454628781,0.7103574702108157
Cheesecake (1 slice),snack,320.0,5.0,28.0,21.0,1.0,20.0,280.0,65.0,Dessert,1,Kaggle Daily Food & Nutrition,cheesecake_1_slice__snack,1.5625,0.3125,0.06230529595015576,0.34890965732087226,0.5887850467289719
Cherries (1 cup),snack,77.0,1.6,19.0,0.5,2.5,15.0,0.0,0.0,Fruit,1,Kaggle Daily Food & Nutrition,cherries_1_cup__snack,2.0779220779220777,3.2467532467532463,0.07364787111622555,0.8745684695051783,0.05178365937859608
"Chicken, broiler or fryers, breast, skinless, boneless, meat only, cooked, braised",snack,166.0,32.1,0.0,3.24,0.0,0.0,47.0,116.0,USDA,1,USDA FoodData Central (per 100 g),chicken_broiler_or_fryers_breast_skinless_boneless_meat_only__snack,19.337349397590362,0.0,0.814927646610815,0.0,0.1850723533891851
"Chicken, broilers or fryers, drumstick, meat only, cooked, braised",snack,156.0,23.9,0.0,5.95,0.0,0.0,117.0,127.0,USDA,1,USDA FoodData Central (per 100 g),chicken_broilers_or_fryers_drumstick_meat_only_cooked_braise__snack,15.32051282051282,0.0,0.6409654710023466,0.0,0.35903452899765337
Chocolate (Hershey's bar 1 segment),snack,25.0,0.3,3.0,1.5,0.2,2.8,4.0,1.0,Dessert,1,Kaggle Daily Food & Nutrition,chocolate_hershey_s_bar_1_segment__snack,1.2,0.8,0.0449438202247191,0.449438202247191,0.5056179775280899
Chocolate Chip Cookie (1 large),snack,220.0,2.5,30.0,11.0,1.5,19.0,160.0,20.0,Dessert,1,Kaggle Daily Food & Nutrition,chocolate_chip_cookie_1_large__snack,1.1363636363636365,0.6818181818181818,0.043668122270742356,0.5240174672489083,0.43231441048034935
Chocolate Milk (1 cup),snack,200.0,8.0,26.0,8.0,1.0,24.0,160.0,30.0,Beverage/Dairy,2,Kaggle Daily Food & Nutrition,chocolate_milk_1_cup__snack,4.0,0.5,0.15384615384615385,0.5,0.34615384615384615
Chocolate Pudding (1/2 cup),snack,150.0,2.0,28.0,4.0,2.0,22.0,130.0,2.0,Dessert,1,Kaggle Daily Food & Nutrition,chocolate_pudding_1_2_cup__snack,1.3333333333333335,1.3333333333333335,0.05128205128205128,0.717948717948718,0.23076923076923078
Chocolate Sauce (1 tbsp dipping),snack,50.0,0.5,10.0,1.5,1.0,8.0,5.0,0.0,Condiment,1,Kaggle Daily Food & Nutrition,chocolate_sauce_1_tbsp_dipping__snack,1.0,2.0,0.036036036036036036,0.7207207207207207,0.24324324324324326
Churros (2 sticks),snack,240.0,3.0,30.0,12.0,1.5,10.0,200.0,20.0,Dessert,1,Kaggle Daily Food & Nutrition,churros_2_sticks__snack,1.25,0.625,0.05,0.5,0.45
Cinnamon Sugar (1 tsp),snack,20.0,0.0,5.0,0.0,0.0,5.0,0.0,0.0,Condiment,1,Kaggle Daily Food & Nutrition,cinnamon_sugar_1_tsp__snack,0.0,0.0,0.0,1.0,0.0
Cocktail Sauce (2 tbsp),snack,30.0,0.5,7.0,0.0,0.5,5.0,450.0,0.0,Condiment,1,Kaggle Daily Food & Nutrition,cocktail_sauce_2_tbsp__snack,1.6666666666666667,1.6666666666666667,0.06666666666666667,0.9333333333333333,0.0
Coconut (shredded 1/4 cup),snack,110.0,1.0,4.5,10.5,2.0,1.5,3.0,0.0,Fruit,1,Kaggle Daily Food & Nutrition,coconut_shredded_1_4_cup__snack,0.9090909090909091,1.8181818181818181,0.034334763948497854,0.15450643776824036,0.8111587982832618
Coconut Water (1 cup),snack,46.0,1.7,8.9,0.5,2.6,6.3,252.0,0.0,Beverage,1,Kaggle Daily Food & Nutrition,coconut_water_1_cup__snack,3.6956521739130435,5.6521739130434785,0.14498933901918976,0.7590618336886994,0.09594882729211088
Coffee Liqueur (1 oz),snack,100.0,0.0,15.0,0.0,0.0,15.0,2.0,0.0,Beverage,1,Kaggle Daily Food & Nutrition,coffee_liqueur_1_oz__snack,0.0,0.0,0.0,1.0,0.0
Corn Nuts (1 oz),snack,130.0,2.0,23.0,4.0,2.0,0.0,180.0,0.0,Snack/Processed,1,Kaggle Daily Food & Nutrition,corn_nuts_1_oz__snack,1.5384615384615385,1.5384615384615385,0.058823529411764705,0.6764705882352942,0.2647058823529412
Cottage Cheese (1/2 cup),snack,90.0,12.0,5.0,3.0,0.0,4.0,400.0,10.0,Dairy,1,Kaggle Daily Food & Nutrition,cottage_cheese_1_2_cup__snack,13.333333333333334,0.0,0.5052631578947369,0.21052631578947367,0.28421052631578947
Cupcake (Vanilla 1 medium),snack,240.0,2.0,35.0,11.0,1.0,25.0,200.0,30.0,Dessert,1,Kaggle Daily Food & Nutrition,cupcake_vanilla_1_medium__snack,0.8333333333333334,0.4166666666666667,0.032388663967611336,0.5668016194331984,0.4008097165991903
Curd with Treacle (Kithul),snack,220.0,9.0,28.0,8.0,0.0,26.0,110.0,25.0,Sri Lankan - Dairy,1,"Curated regional (Sri Lankan, per serving)",curd_with_treacle_kithul__snack,4.090909090909091,0.0,0.16363636363636364,0.509090909090909,0.32727272727272727
Custard (1/4 cup),snack,80.0,3.0,10.0,3.0,0.0,8.0,40.0,40.0,Condiment,1,Kaggle Daily Food & Nutrition,custard_1_4_cup__snack,3.75,0.0,0.1518987341772152,0.5063291139240507,0.34177215189873417
Dark Chocolate (1 oz 70%),snack,170.0,2.2,13.0,12.0,3.0,7.0,5.0,0.0,Dessert,1,Kaggle Daily Food & Nutrition,dark_chocolate_1_oz_70__snack,1.2941176470588238,1.7647058823529411,0.05213270142180095,0.30805687203791465,0.6398104265402843
Dates (2 medium Medjool),snack,133.0,0.8,36.0,0.1,3.2,32.0,1.0,0.0,Fruit,1,Kaggle Daily Food & Nutrition,dates_2_medium_medjool__snack,0.6015037593984963,2.4060150375939853,0.02160702228224173,0.9723160027008778,0.006076975016880487
Dulce de Leche (1 tbsp filling),snack,65.0,1.0,12.0,1.5,0.0,10.0,30.0,5.0,Condiment,1,Kaggle Daily Food & Nutrition,dulce_de_leche_1_tbsp_filling__snack,1.5384615384615385,0.0,0.061068702290076333,0.732824427480916,0.20610687022900764
Edamame (in pod 1 cup),snack,120.0,11.0,9.0,5.0,5.0,2.0,9.0,0.0,Legume,1,Kaggle Daily Food & Nutrition,edamame_in_pod_1_cup__snack,9.166666666666666,4.166666666666666,0.352,0.288,0.36
Espresso Martini (1 drink),snack,280.0,0.5,25.0,0.0,0.0,25.0,5.0,0.0,Beverage,1,Kaggle Daily Food & Nutrition,espresso_martini_1_drink__snack,0.17857142857142858,0.0,0.0196078431372549,0.9803921568627451,0.0
Figs (2 medium),snack,74.0,0.6,19.2,0.3,2.9,16.2,2.0,0.0,Fruit,1,Kaggle Daily Food & Nutrition,figs_2_medium__snack,0.8108108108108109,3.9189189189189193,0.0293040293040293,0.9377289377289376,0.03296703296703296
"Figs, dried, uncooked",snack,249.0,3.3,63.9,0.92,9.8,0.0,10.0,0.0,USDA,1,USDA FoodData Central (per 100 g),figs_dried_uncooked__snack,1.3253012048192772,3.9357429718875507,0.047639670853183186,0.9224772628843654,0.029883066262451276
Fish Bun (Maalu Paan),snack,250.0,10.0,34.0,8.0,2.0,4.0,420.0,25.0,Sri Lankan - Baked Snack,1,"Curated regional (Sri Lankan, per serving)",fish_bun_maalu_paan__snack,4.0,0.8,0.16129032258064516,0.5483870967741935,0.2903225806451613
Fish Cutlet,snack,180.0,8.0,18.0,9.0,2.0,1.0,340.0,30.0,Sri Lankan - Fried Snack,1,"Curated regional (Sri Lankan, per serving)",fish_cutlet__snack,4.444444444444445,1.1111111111111112,0.17297297297297298,0.3891891891891892,0.43783783783783786
Flan (1 slice),snack,220.0,6.0,35.0,7.0,0.0,33.0,80.0,90.0,Dessert,2,Kaggle Daily Food & Nutrition,flan_1_slice__snack,2.727272727272727,0.0,0.10572687224669604,0.6167400881057269,0.2775330396475771
"Flour, bread, white, enriched, unbleached",snack,363.0,14.3,72.8,1.65,0.0,0.0,3.0,0.0,USDA,1,USDA FoodData Central (per 100 g),flour_bread_white_enriched_unbleached__snack,3.93939393939394,0.0,0.15746730901582934,0.8016517549896764,0.04088093599449415
"Flour, corn, yellow, fine meal, enriched",snack,364.0,6.2,80.8,1.74,4.3,0.0,0.0,0.0,USDA,1,USDA FoodData Central (per 100 g),flour_corn_yellow_fine_meal_enriched__snack,1.7032967032967035,1.1813186813186813,0.06819556728812627,0.8887422317549358,0.043062200956937795
"Flour, pastry, unenriched, unbleached",snack,358.0,8.75,77.2,1.64,0.0,0.0,1.0,0.0,USDA,1,USDA FoodData Central (per 100 g),flour_pastry_unenriched_unbleached__snack,2.4441340782122905,0.0,0.09761267291387773,0.8612226684515841,0.04116465863453815
"Flour, rice, brown",snack,365.25,7.19,75.5,3.85,0.0,0.0,1.0,0.0,USDA,1,USDA FoodData Central (per 100 g),flour_rice_brown__snack,1.9685147159479808,0.0,0.07870611094387128,0.8264688979502477,0.09482499110588107
"Flour, rice, glutinous",snack,358.0,6.69,80.1,1.16,0.0,0.0,6.0,0.0,USDA,1,USDA FoodData Central (per 100 g),flour_rice_glutinous__snack,1.8687150837988826,0.0,0.07483221476510069,0.8959731543624161,0.029194630872483224
"Flour, rice, white, unenriched",snack,359.0,6.94,79.8,1.3,0.5,0.0,5.0,0.0,USDA,1,USDA FoodData Central (per 100 g),flour_rice_white_unenriched__snack,1.9331476323119778,0.1392757660167131,0.07739920816372052,0.8899793676462389,0.032621424190040715
"Flour, soy, defatted",snack,366.0,51.1,32.9,3.33,0.0,0.0,2.0,0.0,USDA,1,USDA FoodData Central (per 100 g),flour_soy_defatted__snack,13.96174863387978,0.0,0.5585157253326776,0.35959231631008004,0.08189195835724239
"Flour, soy, full-fat",snack,452.0,38.6,27.9,20.7,0.0,0.0,2.0,0.0,USDA,1,USDA FoodData Central (per 100 g),flour_soy_full_fat__snack,8.539823008849558,0.0,0.34136634976785324,0.24673889011717887,0.41189476011496795
"Flour, wheat, all-purpose, enriched, bleached",snack,366.0,10.9,77.3,1.48,0.0,0.0,2.0,0.0,USDA,1,USDA FoodData Central (per 100 g),flour_wheat_all_purpose_enriched_bleached__snack,2.978142076502732,0.0,0.11908663826067956,0.8445318474817,0.03638151425762045
"Flour, wheat, all-purpose, enriched, unbleached",snack,358.0,13.1,73.2,1.48,0.0,0.0,4.0,0.0,USDA,1,USDA FoodData Central (per 100 g),flour_wheat_all_purpose_enriched_unbleached__snack,3.6592178770949717,0.0,0.1461564208412362,0.8166908401204954,0.03715273903826844
"Flour, wheat, all-purpose, unenriched, unbleached",snack,362.0,12.0,74.6,1.7,3.0,0.0,2.0,0.0,USDA,1,USDA FoodData Central (per 100 g),flour_wheat_all_purpose_unenriched_unbleached__snack,3.314917127071823,0.8287292817679558,0.13270666298037048,0.8249930881946363,0.042300248824993086
"Flour, whole wheat, unenriched",snack,370.0,15.1,71.2,2.73,10.6,0.0,3.0,0.0,USDA,1,USDA FoodData Central (per 100 g),flour_whole_wheat_unenriched__snack,4.081081081081081,2.864864864864865,0.16334478189144605,0.7702085079914542,0.06644671011709982
Frosting (Vanilla 2 tbsp),snack,140.0,0.0,22.0,6.0,0.0,22.0,65.0,0.0,Condiment,1,Kaggle Daily Food & Nutrition,frosting_vanilla_2_tbsp__snack,0.0,0.0,0.0,0.6197183098591549,0.38028169014084506
Fruit Cocktail (canned 1 cup),snack,110.0,1.0,28.0,0.0,2.0,26.0,10.0,0.0,Fruit,1,Kaggle Daily Food & Nutrition,fruit_cocktail_canned_1_cup__snack,0.9090909090909091,1.8181818181818181,0.034482758620689655,0.9655172413793104,0.0
"Garlic, raw",snack,143.0,6.62,28.2,0.38,2.7,0.0,0.0,0.0,USDA,1,USDA FoodData Central (per 100 g),garlic_raw__snack,4.629370629370629,1.8881118881118881,0.18556412053258586,0.7904695164681149,0.02396636299929923
Gelato (Pistachio 1/2 cup),snack,220.0,5.0,24.0,12.0,2.0,20.0,60.0,40.0,Dessert,1,Kaggle Daily Food & Nutrition,gelato_pistachio_1_2_cup__snack,2.272727272727273,0.9090909090909091,0.08928571428571429,0.42857142857142855,0.48214285714285715
Gin & Tonic (1 drink),snack,170.0,0.0,13.0,0.0,0.0,13.0,2.0,0.0,Beverage,1,Kaggle Daily Food & Nutrition,gin_tonic_1_drink__snack,0.0,0.0,0.0,1.0,0.0
Gin (1 oz),snack,70.0,0.0,0.0,0.0,0.0,0.0,0.0,0.0,Beverage,1,Kaggle Daily Food & Nutrition,gin_1_oz__snack,0.0,0.0,0.0,0.0,0.0
Ginger Ale (1 can),snack,124.0,0.0,32.0,0.0,0.0,31.0,40.0,0.0,Beverage,1,Kaggle Daily Food & Nutrition,ginger_ale_1_can__snack,0.0,0.0,0.0,1.0,0.0
Graham Cracker (1 large rectangle),snack,60.0,1.0,11.0,1.5,0.5,4.0,70.0,0.0,Grain/Processed,1,Kaggle Daily Food & Nutrition,graham_cracker_1_large_rectangle__snack,1.6666666666666667,0.8333333333333334,0.06504065040650407,0.7154471544715447,0.21951219512195122
Grapes (1 cup),snack,104.0,1.1,27.0,0.2,1.4,23.0,3.0,0.0,Fruit,1,Kaggle Daily Food & Nutrition,grapes_1_cup__snack,1.0576923076923077,1.346153846153846,0.03852889667250438,0.9457092819614711,0.01576182136602452
Greek Yogurt (plain 1 cup),snack,150.0,25.0,8.0,3.0,0.0,7.0,85.0,10.0,Dairy,1,Kaggle Daily Food & Nutrition,greek_yogurt_plain_1_cup__snack,16.666666666666664,0.0,0.6289308176100629,0.20125786163522014,0.16981132075471697
Green Gram (Mung) Boiled,snack,150.0,10.0,24.0,2.0,8.0,2.0,10.0,0.0,Sri Lankan - Legume Snack,1,"Curated regional (Sri Lankan, per serving)",green_gram_mung_boiled__snack,6.666666666666667,5.333333333333334,0.2597402597402597,0.6233766233766234,0.11688311688311688
Ground Lamb (1 oz filling),snack,80.0,5.5,0.0,6.0,0.0,0.0,20.0,20.0,Protein/Meat,1,Kaggle Daily Food & Nutrition,ground_lamb_1_oz_filling__snack,6.875000000000001,0.0,0.2894736842105263,0.0,0.7105263157894737
Guava,snack,68.0,2.6,14.3,0.9,5.4,8.9,3.0,0.0,Fruit,1,Kaggle Daily Food & Nutrition,guava__snack,3.823529411764706,7.941176470588236,0.13738441215323646,0.7556142668428005,0.10700132100396301
Gummy Bears (10 pcs),snack,100.0,2.0,22.0,0.0,0.0,15.0,10.0,0.0,Snack/Dessert,1,Kaggle Daily Food & Nutrition,gummy_bears_10_pcs__snack,2.0,0.0,0.08333333333333333,0.9166666666666666,0.0
Halapa,snack,200.0,4.0,32.0,7.0,4.0,14.0,60.0,0.0,Sri Lankan - Traditional Sweet,1,"Curated regional (Sri Lankan, per serving)",halapa__snack,2.0,2.0,0.07729468599033816,0.6183574879227053,0.30434782608695654
"Ham, sliced, pre-packaged, deli meat (96%fat free, water added)",snack,106.0,16.7,0.27,3.73,0.0,0.0,1040.0,0.0,USDA,1,USDA FoodData Central (per 100 g),ham_sliced_pre_packaged_deli_meat_96_fat_free_water_added__snack,15.754716981132075,0.0,0.6584524396254313,0.010645638245441106,0.33090192212912767
"Ham, sliced, restaurant",snack,121.0,19.6,2.36,3.68,0.0,0.0,1030.0,0.0,USDA,1,USDA FoodData Central (per 100 g),ham_sliced_restaurant__snack,16.198347107438018,0.0,0.6481481481481481,0.07804232804232804,0.27380952380952384
Hard-Boiled Egg (1 large),snack,78.0,6.3,0.6,5.3,0.0,0.5,62.0,187.0,Protein,1,Kaggle Daily Food & Nutrition,hard_boiled_egg_1_large__snack,8.076923076923077,0.0,0.3346613545816733,0.03187250996015936,0.6334661354581673
Horchata (1 cup),snack,140.0,2.0,25.0,3.0,1.0,22.0,30.0,5.0,Beverage,1,Kaggle Daily Food & Nutrition,horchata_1_cup__snack,1.4285714285714286,0.7142857142857143,0.05925925925925926,0.7407407407407407,0.2
Hot Chocolate (1 cup),snack,200.0,3.0,30.0,8.0,2.0,25.0,160.0,10.0,Beverage,1,Kaggle Daily Food & Nutrition,hot_chocolate_1_cup__snack,1.5,1.0,0.058823529411764705,0.5882352941176471,0.35294117647058826
Hummus (2 tbsp),snack,70.0,2.0,4.0,5.0,2.0,0.0,130.0,0.0,Legume,2,Kaggle Daily Food & Nutrition,hummus_2_tbsp__snack,2.857142857142857,2.857142857142857,0.11594202898550725,0.2318840579710145,0.6521739130434783
"Hummus, commercial",snack,229.0,7.35,14.9,17.1,5.4,0.0,438.0,0.0,USDA,1,USDA FoodData Central (per 100 g),hummus_commercial__snack,3.209606986899563,2.3580786026200875,0.12103746397694523,0.2453684643886373,0.6335940716344175
Ice Cream (1/2 cup vanilla),snack,145.0,2.5,17.0,7.5,0.5,16.0,55.0,30.0,Dairy/Dessert,1,Kaggle Daily Food & Nutrition,ice_cream_1_2_cup_vanilla__snack,1.7241379310344827,0.3448275862068966,0.06872852233676977,0.46735395189003437,0.4639175257731959
Iced Tea (Sweetened 16oz),snack,180.0,0.0,46.0,0.0,0.0,46.0,15.0,0.0,Beverage,2,Kaggle Daily Food & Nutrition,iced_tea_sweetened_16oz__snack,0.0,0.0,0.0,1.0,0.0
Isso Vadai (Prawn Vadai),snack,160.0,7.0,17.0,7.0,2.0,0.5,300.0,45.0,Sri Lankan - Fried Snack,1,"Curated regional (Sri Lankan, per serving)",isso_vadai_prawn_vadai__snack,4.375,1.25,0.1761006289308176,0.4276729559748428,0.39622641509433965
Jicama (1 cup sticks),snack,46.0,0.9,10.6,0.1,5.8,2.1,5.0,0.0,Vegetable,1,Kaggle Daily Food & Nutrition,jicama_1_cup_sticks__snack,1.956521739130435,12.608695652173912,0.0767590618336887,0.9040511727078892,0.019189765458422176
"Kale, frozen, cooked, boiled, drained, without salt",snack,36.0,2.94,5.3,1.21,0.0,0.0,16.0,0.0,USDA,1,USDA FoodData Central (per 100 g),kale_frozen_cooked_boiled_drained_without_salt__snack,8.166666666666666,0.0,0.26818700114025085,0.48346636259977194,0.2483466362599772
"Kale, raw",snack,35.0,2.92,4.42,1.49,4.1,0.0,53.0,0.0,USDA,1,USDA FoodData Central (per 100 g),kale_raw__snack,8.342857142857142,11.714285714285714,0.27308861351414543,0.4133738601823709,0.3135375263034838
"Ketchup, restaurant",snack,117.0,1.11,26.8,0.55,0.0,0.0,949.0,0.0,USDA,1,USDA FoodData Central (per 100 g),ketchup_restaurant__snack,0.9487179487179488,0.0,0.0380821682820139,0.9194613603224976,0.042456471395488464
Kibbeh (1 piece fried),snack,230.0,9.0,20.0,13.0,3.0,1.0,450.0,30.0,Meal/Meat,1,Kaggle Daily Food & Nutrition,kibbeh_1_piece_fried__snack,3.91304347826087,1.3043478260869565,0.15450643776824036,0.34334763948497854,0.5021459227467812
King Coconut Water (Thambili),snack,60.0,1.0,14.0,0.2,0.0,12.0,105.0,0.0,Sri Lankan - Beverage,1,"Curated regional (Sri Lankan, per serving)",king_coconut_water_thambili__snack,1.6666666666666667,0.0,0.06472491909385114,0.9061488673139159,0.02912621359223301
Kiwifruit (1 medium),snack,46.0,0.9,11.1,0.4,2.3,6.7,2.0,0.0,Fruit,1,Kaggle Daily Food & Nutrition,kiwifruit_1_medium__snack,1.956521739130435,5.0,0.06976744186046512,0.8604651162790697,0.06976744186046512
"Kiwifruit, green, raw",snack,58.0,1.06,14.0,0.44,3.0,0.0,5.0,0.0,USDA,1,USDA FoodData Central (per 100 g),kiwifruit_green_raw__snack,1.8275862068965518,5.172413793103448,0.0660436137071651,0.8722741433021807,0.0616822429906542
Kombucha (1 cup),snack,30.0,0.0,7.0,0.0,0.0,6.0,10.0,0.0,Beverage,1,Kaggle Daily Food & Nutrition,kombucha_1_cup__snack,0.0,0.0,0.0,1.0,0.0
Kombucha (16 oz),snack,60.0,0.0,14.0,0.0,0.0,12.0,20.0,0.0,Beverage,1,Kaggle Daily Food & Nutrition,kombucha_16_oz__snack,0.0,0.0,0.0,1.0,0.0
Lassi (Mango 1 cup),snack,180.0,5.0,30.0,4.0,1.0,28.0,60.0,15.0,Beverage,1,Kaggle Daily Food & Nutrition,lassi_mango_1_cup__snack,2.7777777777777777,0.5555555555555556,0.11363636363636363,0.6818181818181818,0.20454545454545456
Lemon Bar (1 square),snack,150.0,1.5,22.0,6.0,0.5,15.0,80.0,30.0,Dessert,1,Kaggle Daily Food & Nutrition,lemon_bar_1_square__snack,1.0,0.33333333333333337,0.04054054054054054,0.5945945945945946,0.36486486486486486
Lemonade (1 cup),snack,99.0,0.1,26.0,0.0,0.1,25.0,30.0,0.0,Beverage,1,Kaggle Daily Food & Nutrition,lemonade_1_cup__snack,0.10101010101010101,0.10101010101010101,0.0038314176245210726,0.9961685823754789,0.0
Limoncello (1.5 oz shot),snack,150.0,0.0,18.0,0.0,0.0,18.0,0.0,0.0,Beverage,1,Kaggle Daily Food & Nutrition,limoncello_1_5_oz_shot__snack,0.0,0.0,0.0,1.0,0.0
Macadamia Nuts (1 oz),snack,204.0,2.2,3.9,21.5,2.4,1.3,1.0,0.0,Nut,1,Kaggle Daily Food & Nutrition,macadamia_nuts_1_oz__snack,1.0784313725490198,1.1764705882352942,0.040385497934832496,0.0715924736117485,0.8880220284534189
Malva Pudding (1 slice),snack,380.0,5.0,60.0,14.0,2.0,40.0,350.0,60.0,Dessert,1,Kaggle Daily Food & Nutrition,malva_pudding_1_slice__snack,1.3157894736842104,0.5263157894736842,0.05181347150259067,0.6217616580310881,0.32642487046632124
Mandarin Orange (1 medium),snack,37.0,0.6,9.3,0.2,1.3,7.3,1.0,0.0,Fruit,1,Kaggle Daily Food & Nutrition,mandarin_orange_1_medium__snack,1.6216216216216217,3.5135135135135136,0.057971014492753624,0.8985507246376813,0.04347826086956522
Mango (1 cup slices),snack,99.0,1.4,24.7,0.6,2.6,22.5,2.0,0.0,Fruit,1,Kaggle Daily Food & Nutrition,mango_1_cup_slices__snack,1.4141414141414141,2.6262626262626263,0.05100182149362477,0.8998178506375227,0.04918032786885246
"Margarita (1 drink, 4oz)",snack,200.0,0.1,20.0,0.0,0.1,19.0,5.0,0.0,Beverage,1,Kaggle Daily Food & Nutrition,margarita_1_drink_4oz__snack,0.05,0.05,0.004975124378109453,0.9950248756218905,0.0
Marshmallow (1 large),snack,23.0,0.1,5.8,0.0,0.0,4.0,5.0,0.0,Dessert,1,Kaggle Daily Food & Nutrition,marshmallow_1_large__snack,0.43478260869565216,0.0,0.016949152542372885,0.9830508474576272,0.0
Matcha Latte (12 oz),snack,180.0,6.0,28.0,5.0,2.0,25.0,90.0,20.0,Beverage,1,Kaggle Daily Food & Nutrition,matcha_latte_12_oz__snack,3.3333333333333335,1.1111111111111112,0.13259668508287292,0.6187845303867403,0.24861878453038674
"Melons, cantaloupe, raw",snack,34.0,0.82,8.16,0.18,0.8,0.0,30.0,0.0,USDA,1,USDA FoodData Central (per 100 g),melons_cantaloupe_raw__snack,2.411764705882353,2.3529411764705883,0.08737346830047948,0.8694725625998935,0.043153969099627064
Mixed Nuts (1/4 cup),snack,200.0,6.0,8.0,18.0,3.0,2.0,1.0,0.0,Nut,2,Kaggle Daily Food & Nutrition,mixed_nuts_1_4_cup__snack,3.0,1.5,0.11009174311926606,0.14678899082568808,0.7431192660550459
Mocha Latte (16oz),snack,360.0,12.0,48.0,15.0,2.0,42.0,150.0,45.0,Beverage,1,Kaggle Daily Food & Nutrition,mocha_latte_16oz__snack,3.3333333333333335,0.5555555555555556,0.128,0.512,0.36
Mozzarella (filling 0.5 oz),snack,40.0,3.0,0.5,3.0,0.0,0.2,75.0,10.0,Dairy,1,Kaggle Daily Food & Nutrition,mozzarella_filling_0_5_oz__snack,7.5,0.0,0.2926829268292683,0.04878048780487805,0.6585365853658537
"Mustard, prepared, yellow",snack,61.0,4.25,5.3,3.38,4.3,0.0,1100.0,0.0,USDA,1,USDA FoodData Central (per 100 g),mustard_prepared_yellow__snack,6.967213114754098,7.049180327868852,0.24774118332847564,0.30894782862139314,0.4433109880501311
"Nectarines, raw",snack,39.0,1.06,9.18,0.28,1.5,0.0,13.0,0.0,USDA,1,USDA FoodData Central (per 100 g),nectarines_raw__snack,2.717948717948718,3.8461538461538463,0.09751609935602576,0.8445262189512418,0.0579576816927323
Negroni (1 drink),snack,190.0,0.0,15.0,0.0,0.0,15.0,5.0,0.0,Beverage,1,Kaggle Daily Food & Nutrition,negroni_1_drink__snack,0.0,0.0,0.0,1.0,0.0
"Nuts, almonds, dry roasted, with salt added",snack,620.0,20.4,16.2,57.8,11.0,0.0,256.0,0.0,USDA,1,USDA FoodData Central (per 100 g),nuts_almonds_dry_roasted_with_salt_added__snack,3.290322580645161,1.7741935483870968,0.12241224122412242,0.09720972097209722,0.7803780378037803
"Oil, coconut",snack,833.0,0.0,0.84,99.1,0.0,0.0,0.0,0.0,USDA,1,USDA FoodData Central (per 100 g),oil_coconut__snack,0.0,0.0,0.0,0.0037530996581998525,0.9962469003418001
"Olives, green, Manzanilla, stuffed with pimiento",snack,130.0,1.15,4.96,12.9,4.0,0.0,1620.0,0.0,USDA,1,USDA FoodData Central (per 100 g),olives_green_manzanilla_stuffed_with_pimiento__snack,0.8846153846153846,3.076923076923077,0.032730895118827374,0.14116977372989895,0.8260993311512737
Onion Rings (6 rings),snack,280.0,4.0,30.0,16.0,3.0,4.0,500.0,0.0,Snack/Processed,1,Kaggle Daily Food & Nutrition,onion_rings_6_rings__snack,1.4285714285714286,1.0714285714285714,0.05714285714285714,0.42857142857142855,0.5142857142857142
"Onion rings, breaded, par fried, frozen, prepared, heated in oven",snack,288.0,4.52,36.3,14.4,2.4,0.0,374.0,0.0,USDA,1,USDA FoodData Central (per 100 g),onion_rings_breaded_par_fried_frozen_prepared_heated_in_oven__snack,1.5694444444444442,0.8333333333333334,0.06173176727670035,0.4957661841027041,0.44250204862059545
"Onions, red, raw",snack,44.0,0.94,9.93,0.1,2.2,0.0,1.0,0.0,USDA,1,USDA FoodData Central (per 100 g),onions_red_raw__snack,2.1363636363636362,5.0,0.0847228481297882,0.8949977467327626,0.020279405137449306
"Onions, white, raw",snack,35.0,0.89,7.68,0.13,1.2,0.0,2.0,0.0,USDA,1,USDA FoodData Central (per 100 g),onions_white_raw__snack,2.5428571428571427,3.428571428571429,0.1004231311706629,0.8665726375176304,0.03300423131170663
"Onions, yellow, raw",snack,38.0,0.83,8.61,0.05,1.9,0.0,1.0,0.0,USDA,1,USDA FoodData Central (per 100 g),onions_yellow_raw__snack,2.1842105263157894,5.0,0.08688824914943731,0.9013347291285003,0.011777021722062287
Orange,snack,62.0,1.2,15.4,0.2,3.1,12.0,0.0,0.0,Fruit,1,Kaggle Daily Food & Nutrition,orange__snack,1.935483870967742,5.0,0.07038123167155425,0.9032258064516129,0.026392961876832845
"Oranges, raw, navels",snack,47.0,0.91,11.8,0.15,2.0,0.0,9.0,0.0,USDA,1,USDA FoodData Central (per 100 g),oranges_raw_navels__snack,1.9361702127659575,4.25531914893617,0.06974516190841157,0.9043878137574247,0.025867024334163626
"Oranges, raw, navels (Includes foods for USDA's Food Distribution Program)",snack,47.0,0.91,11.8,0.15,2.0,0.0,9.0,0.0,USDA,1,USDA FoodData Central (per 100 g),oranges_raw_navels_includes_foods_for_usda_s_food_distributi__snack,1.9361702127659575,4.25531914893617,0.06974516190841157,0.9043878137574247,0.025867024334163626
Panettone (1 slice),snack,320.0,6.0,50.0,12.0,3.0,25.0,200.0,70.0,Dessert,1,Kaggle Daily Food & Nutrition,panettone_1_slice__snack,1.875,0.9375,0.07228915662650602,0.6024096385542169,0.3253012048192771
Pani Puri (6 pcs),snack,200.0,4.0,35.0,5.0,3.0,2.0,400.0,0.0,Snack/Processed,1,Kaggle Daily Food & Nutrition,pani_puri_6_pcs__snack,2.0,1.5,0.07960199004975124,0.6965174129353234,0.22388059701492538
Panna Cotta (1 serving),snack,300.0,4.0,25.0,20.0,0.0,22.0,50.0,70.0,Dessert,1,Kaggle Daily Food & Nutrition,panna_cotta_1_serving__snack,1.3333333333333335,0.0,0.05405405405405406,0.33783783783783783,0.6081081081081081
Papaya (1 cup cubes),snack,62.0,0.6,15.7,0.4,2.5,11.0,12.0,0.0,Fruit,1,Kaggle Daily Food & Nutrition,papaya_1_cup_cubes__snack,0.967741935483871,4.032258064516129,0.03488372093023256,0.9127906976744186,0.05232558139534884
"Peaches, yellow, raw",snack,42.0,0.91,10.1,0.27,1.5,0.0,13.0,0.0,USDA,1,USDA FoodData Central (per 100 g),peaches_yellow_raw__snack,2.166666666666667,3.571428571428571,0.07833010544437272,0.8693780933935873,0.05229180116204003
Peanut Butter (2 tbsp),snack,190.0,7.0,8.0,16.0,2.0,3.0,140.0,0.0,Nut,1,Kaggle Daily Food & Nutrition,peanut_butter_2_tbsp__snack,3.684210526315789,1.0526315789473684,0.13725490196078433,0.1568627450980392,0.7058823529411765
"Peanut butter, smooth style, with salt",snack,597.0,22.5,22.3,51.1,4.8,0.0,429.0,0.0,USDA,1,USDA FoodData Central (per 100 g),peanut_butter_smooth_style_with_salt__snack,3.7688442211055273,0.8040201005025125,0.14082303238929744,0.13957127210139258,0.71960569550931
Pear,snack,101.0,0.6,27.0,0.2,5.5,16.0,2.0,0.0,Fruit,2,Kaggle Daily Food & Nutrition,pear__snack,0.594059405940594,5.445544554455446,0.0213903743315508,0.9625668449197861,0.016042780748663103
"Pears, raw, bartlett",snack,57.0,0.38,15.1,0.16,3.1,0.0,7.0,0.0,USDA,1,USDA FoodData Central (per 100 g),pears_raw_bartlett__snack,0.6666666666666667,5.43859649122807,0.02398989898989899,0.9532828282828283,0.022727272727272728
"Pears, raw, bartlett (Includes foods for USDA's Food Distribution Program)",snack,57.0,0.38,15.1,0.16,3.1,0.0,7.0,0.0,USDA,1,USDA FoodData Central (per 100 g),pears_raw_bartlett_includes_foods_for_usda_s_food_distributi__snack,0.6666666666666667,5.43859649122807,0.02398989898989899,0.9532828282828283,0.022727272727272728
Pecans (1 oz),snack,196.0,2.6,3.9,20.4,2.7,1.1,0.0,0.0,Nut,1,Kaggle Daily Food & Nutrition,pecans_1_oz__snack,1.326530612244898,1.3775510204081634,0.04961832061068703,0.07442748091603053,0.8759541984732825
Pine Nuts (1/2 tbsp filling),snack,48.0,1.0,1.0,5.0,0.2,0.2,0.0,0.0,Nut,1,Kaggle Daily Food & Nutrition,pine_nuts_1_2_tbsp_filling__snack,2.083333333333333,0.4166666666666667,0.07547169811320754,0.07547169811320754,0.8490566037735849
Pisco Sour (1 drink),snack,250.0,1.0,25.0,0.0,0.0,24.0,5.0,5.0,Beverage,1,Kaggle Daily Food & Nutrition,pisco_sour_1_drink__snack,0.4,0.0,0.038461538461538464,0.9615384615384616,0.0
Pistachios (1 oz shelled),snack,159.0,5.7,7.7,12.8,3.0,2.2,2.0,0.0,Nut,1,Kaggle Daily Food & Nutrition,pistachios_1_oz_shelled__snack,3.5849056603773586,1.8867924528301887,0.13507109004739337,0.18246445497630331,0.6824644549763033
Pita Bread (1 white),snack,165.0,5.5,33.0,1.2,1.5,1.5,310.0,0.0,Grain,1,Kaggle Daily Food & Nutrition,pita_bread_1_white__snack,3.3333333333333335,0.9090909090909091,0.13349514563106796,0.8009708737864077,0.06553398058252426
Pita Bread (1 whole wheat),snack,170.0,6.0,35.0,1.5,5.0,2.0,320.0,0.0,Grain,2,Kaggle Daily Food & Nutrition,pita_bread_1_whole_wheat__snack,3.5294117647058822,2.941176470588235,0.1352112676056338,0.7887323943661971,0.07605633802816901
Pol Sambol,snack,120.0,2.0,5.0,11.0,4.0,1.0,290.0,0.0,Sri Lankan - Sambol,1,"Curated regional (Sri Lankan, per serving)",pol_sambol__snack,1.6666666666666667,3.3333333333333335,0.06299212598425197,0.15748031496062992,0.7795275590551181
Popcorn (3 cups air-popped),snack,93.0,3.0,18.6,1.1,3.6,0.1,2.0,0.0,Grain,2,Kaggle Daily Food & Nutrition,popcorn_3_cups_air_popped__snack,3.225806451612903,3.870967741935484,0.12461059190031151,0.7725856697819314,0.102803738317757
Potato Chips (1 oz),snack,160.0,2.0,15.0,10.0,1.0,0.5,170.0,0.0,Snack/Processed,2,Kaggle Daily Food & Nutrition,potato_chips_1_oz__snack,1.25,0.625,0.05063291139240506,0.379746835443038,0.569620253164557
Pretzels (1 oz),snack,110.0,3.0,23.0,1.0,1.0,1.0,450.0,0.0,Grain/Processed,2,Kaggle Daily Food & Nutrition,pretzels_1_oz__snack,2.727272727272727,0.9090909090909091,0.10619469026548672,0.8141592920353983,0.07964601769911504
Prosecco (3 oz),snack,70.0,0.0,2.0,0.0,0.0,1.5,5.0,0.0,Beverage,1,Kaggle Daily Food & Nutrition,prosecco_3_oz__snack,0.0,0.0,0.0,1.0,0.0
Protein Bar,snack,210.0,20.0,22.0,7.0,6.0,1.0,180.0,5.0,Supplement/Processed,1,Kaggle Daily Food & Nutrition,protein_bar__snack,9.523809523809524,2.857142857142857,0.3463203463203463,0.38095238095238093,0.2727272727272727
Protein Shake (Whey),snack,120.0,24.0,3.0,1.0,1.0,2.0,160.0,5.0,Supplement,1,Kaggle Daily Food & Nutrition,protein_shake_whey__snack,20.0,0.8333333333333334,0.8205128205128205,0.10256410256410256,0.07692307692307693
Provolone Cheese (1 slice),snack,100.0,7.0,1.0,8.0,0.0,0.5,250.0,20.0,Dairy,1,Kaggle Daily Food & Nutrition,provolone_cheese_1_slice__snack,7.000000000000001,0.0,0.2692307692307692,0.038461538461538464,0.6923076923076923
Ragù (filling 1 tbsp),snack,25.0,1.5,1.0,1.5,0.5,0.5,60.0,5.0,Condiment,1,Kaggle Daily Food & Nutrition,rag_filling_1_tbsp__snack,6.0,2.0,0.2553191489361702,0.1702127659574468,0.574468085106383
Raisins (1/4 cup),snack,130.0,1.3,34.0,0.2,1.6,25.0,5.0,0.0,Fruit,2,Kaggle Daily Food & Nutrition,raisins_1_4_cup__snack,1.0,1.2307692307692308,0.03636363636363636,0.951048951048951,0.012587412587412588
Raspberries (1 cup),snack,64.0,1.5,14.7,0.8,8.0,5.4,1.0,0.0,Fruit,1,Kaggle Daily Food & Nutrition,raspberries_1_cup__snack,2.34375,12.5,0.08333333333333333,0.8166666666666667,0.1
"Restaurant, Chinese, fried rice, without meat",snack,174.0,3.84,32.5,3.19,0.0,0.0,361.0,0.0,USDA,1,USDA FoodData Central (per 100 g),restaurant_chinese_fried_rice_without_meat__snack,2.206896551724138,0.0,0.08824036307232722,0.746825989544436,0.16493364738323663
"Restaurant, Latino, pupusas con frijoles (pupusas, bean)",snack,229.0,5.59,31.5,9.01,5.8,0.0,305.0,0.0,USDA,1,USDA FoodData Central (per 100 g),restaurant_latino_pupusas_con_frijoles_pupusas_bean__snack,2.441048034934498,2.532751091703057,0.09745042492917846,0.5491392460230987,0.3534103290477228
Rice (1/4 cup filling),snack,51.0,1.1,11.1,0.1,0.1,0.0,0.0,0.0,Grain,1,Kaggle Daily Food & Nutrition,rice_1_4_cup_filling__snack,2.1568627450980395,0.19607843137254902,0.08853118712273643,0.8933601609657948,0.018108651911468814
Ricotta (filling 1 oz),snack,49.0,3.2,0.8,3.8,0.0,0.1,23.0,14.0,Dairy,1,Kaggle Daily Food & Nutrition,ricotta_filling_1_oz__snack,6.530612244897959,0.0,0.25498007968127495,0.06374501992031874,0.6812749003984063
Roasted Gram (Kadala),snack,190.0,10.0,30.0,3.0,8.0,2.0,15.0,0.0,Sri Lankan - Legume Snack,1,"Curated regional (Sri Lankan, per serving)",roasted_gram_kadala__snack,5.263157894736842,4.2105263157894735,0.21390374331550802,0.6417112299465241,0.1443850267379679
Root Beer (1 can),snack,150.0,0.0,40.0,0.0,0.0,40.0,55.0,0.0,Beverage,1,Kaggle Daily Food & Nutrition,root_beer_1_can__snack,0.0,0.0,0.0,1.0,0.0
S'more (1 serving),snack,140.0,2.0,25.0,4.0,1.0,15.0,90.0,0.0,Dessert,1,Kaggle Daily Food & Nutrition,s_more_1_serving__snack,1.4285714285714286,0.7142857142857143,0.05555555555555555,0.6944444444444444,0.25
Salami (3 slices),snack,110.0,6.0,1.0,9.0,0.0,0.5,500.0,30.0,Protein/Processed,1,Kaggle Daily Food & Nutrition,salami_3_slices__snack,5.454545454545454,0.0,0.22018348623853212,0.03669724770642202,0.7431192660550459
Samosa (1 piece vegetable),snack,130.0,2.0,18.0,6.0,2.0,1.0,300.0,0.0,Snack/Processed,1,Kaggle Daily Food & Nutrition,samosa_1_piece_vegetable__snack,1.5384615384615385,1.5384615384615385,0.05970149253731343,0.5373134328358209,0.40298507462686567
"Sauce, salsa, ready-to-serve",snack,29.0,1.44,6.74,0.19,1.8,0.0,656.0,0.0,USDA,1,USDA FoodData Central (per 100 g),sauce_salsa_ready_to_serve__snack,4.9655172413793105,6.206896551724138,0.16729596282311937,0.7830380482137671,0.04966598896311356
Seeni Kesel (Sugar Banana),snack,110.0,1.2,28.0,0.3,3.0,20.0,2.0,0.0,Sri Lankan - Fruit,1,"Curated regional (Sri Lankan, per serving)",seeni_kesel_sugar_banana__snack,1.0909090909090908,2.727272727272727,0.0401673640167364,0.9372384937238494,0.022594142259414224
Shrimp Cocktail (4 large shrimp),snack,60.0,10.0,1.0,1.0,0.0,0.5,300.0,110.0,Protein/Seafood,1,Kaggle Daily Food & Nutrition,shrimp_cocktail_4_large_shrimp__snack,16.666666666666664,0.0,0.7547169811320755,0.07547169811320754,0.16981132075471697
Simple Syrup (1/2 oz),snack,30.0,0.0,8.0,0.0,0.0,8.0,0.0,0.0,Condiment,1,Kaggle Daily Food & Nutrition,simple_syrup_1_2_oz__snack,0.0,0.0,0.0,1.0,0.0
Soda (1 can Coke),snack,140.0,0.0,39.0,0.0,0.0,39.0,45.0,0.0,Beverage,2,Kaggle Daily Food & Nutrition,soda_1_can_coke__snack,0.0,0.0,0.0,1.0,0.0
Spinach Artichoke Dip (1/4 cup),snack,160.0,5.0,6.0,14.0,2.0,2.0,350.0,30.0,Snack/Processed,1,Kaggle Daily Food & Nutrition,spinach_artichoke_dip_1_4_cup__snack,3.125,1.25,0.11764705882352941,0.1411764705882353,0.7411764705882353
"Strawberries, raw",snack,31.0,0.64,7.63,0.22,1.8,0.0,10.0,0.0,USDA,1,USDA FoodData Central (per 100 g),strawberries_raw__snack,2.064516129032258,5.806451612903226,0.07301768397033657,0.8705077010838563,0.056474614945807196
String Cheese (1 stick),snack,80.0,6.0,1.0,6.0,0.0,0.0,210.0,20.0,Dairy,1,Kaggle Daily Food & Nutrition,string_cheese_1_stick__snack,7.5,0.0,0.2926829268292683,0.04878048780487805,0.6585365853658537
Stuffed Grape Leaves (3 pcs),snack,150.0,3.0,20.0,7.0,3.0,3.0,400.0,0.0,Meal/Vegetarian,1,Kaggle Daily Food & Nutrition,stuffed_grape_leaves_3_pcs__snack,2.0,2.0,0.07741935483870968,0.5161290322580645,0.4064516129032258
"Sugars, granulated",snack,385.0,0.0,99.6,0.32,0.0,0.0,1.0,0.0,USDA,1,USDA FoodData Central (per 100 g),sugars_granulated__snack,0.0,0.0,0.0,0.992822966507177,0.007177033492822967
Supplì (1 piece fried rice ball),snack,200.0,8.0,25.0,8.0,2.0,2.0,400.0,25.0,Snack/Processed,1,Kaggle Daily Food & Nutrition,suppl_1_piece_fried_rice_ball__snack,4.0,1.0,0.1568627450980392,0.49019607843137253,0.35294117647058826
Sweet Vermouth (1 oz),snack,40.0,0.0,5.0,0.0,0.0,5.0,0.0,0.0,Beverage,1,Kaggle Daily Food & Nutrition,sweet_vermouth_1_oz__snack,0.0,0.0,0.0,1.0,0.0
Tahini (1 tbsp),snack,89.0,2.6,3.2,8.0,1.4,0.1,17.0,0.0,Condiment,1,Kaggle Daily Food & Nutrition,tahini_1_tbsp__snack,2.9213483146067416,1.5730337078651684,0.1092436974789916,0.13445378151260504,0.7563025210084033
Tamarind Chutney (1 tbsp),snack,20.0,0.1,5.0,0.0,0.5,4.0,120.0,0.0,Condiment,1,Kaggle Daily Food & Nutrition,tamarind_chutney_1_tbsp__snack,0.5,2.5,0.019607843137254905,0.9803921568627452,0.0
Tapioca Pearls (1/4 cup boba),snack,100.0,0.0,25.0,0.0,0.0,20.0,5.0,0.0,Condiment,1,Kaggle Daily Food & Nutrition,tapioca_pearls_1_4_cup_boba__snack,0.0,0.0,0.0,1.0,0.0
Thai Iced Tea (1 glass),snack,250.0,3.0,35.0,12.0,0.0,33.0,50.0,35.0,Beverage,1,Kaggle Daily Food & Nutrition,thai_iced_tea_1_glass__snack,1.2,0.0,0.046153846153846156,0.5384615384615384,0.4153846153846154
Tiramisu (1 slice),snack,450.0,7.0,42.0,28.0,2.0,25.0,150.0,180.0,Dessert,1,Kaggle Daily Food & Nutrition,tiramisu_1_slice__snack,1.5555555555555556,0.4444444444444444,0.0625,0.375,0.5625
"Tomatoes, grape, raw",snack,27.0,0.83,5.51,0.63,2.1,0.0,6.0,0.0,USDA,1,USDA FoodData Central (per 100 g),tomatoes_grape_raw__snack,3.074074074074074,7.777777777777778,0.10699323235578471,0.7102803738317757,0.18272639381243957
Tortilla Chips (1 oz),snack,140.0,2.0,19.0,7.0,2.0,0.5,120.0,0.0,Snack/Processed,1,Kaggle Daily Food & Nutrition,tortilla_chips_1_oz__snack,1.4285714285714286,1.4285714285714286,0.05442176870748299,0.5170068027210885,0.42857142857142855
Trail Mix (1/4 cup),snack,190.0,5.0,20.0,12.0,3.0,14.0,50.0,0.0,Snack/Processed,1,Kaggle Daily Food & Nutrition,trail_mix_1_4_cup__snack,2.631578947368421,1.5789473684210527,0.09615384615384616,0.38461538461538464,0.5192307692307693
"Turkey, ground, 93% lean, 7% fat, pan-broiled crumbles",snack,220.0,27.1,0.0,11.6,0.0,0.0,90.0,104.0,USDA,1,USDA FoodData Central (per 100 g),turkey_ground_93_lean_7_fat_pan_broiled_crumbles__snack,12.318181818181818,0.0,0.5093984962406015,0.0,0.4906015037593984
Ulundu Vadai,snack,140.0,5.0,16.0,6.0,3.0,0.5,240.0,0.0,Sri Lankan - Fried Snack,1,"Curated regional (Sri Lankan, per serving)",ulundu_vadai__snack,3.571428571428571,2.142857142857143,0.14492753623188406,0.463768115942029,0.391304347826087
Veggie Straws (1 oz),snack,130.0,1.0,17.0,7.0,1.0,1.0,220.0,0.0,Snack/Processed,1,Kaggle Daily Food & Nutrition,veggie_straws_1_oz__snack,0.7692307692307693,0.7692307692307693,0.02962962962962963,0.5037037037037037,0.4666666666666667
Vodka (1.5 oz),snack,97.0,0.0,0.0,0.0,0.0,0.0,0.0,0.0,Beverage,1,Kaggle Daily Food & Nutrition,vodka_1_5_oz__snack,0.0,0.0,0.0,0.0,0.0
Vodka Soda (1 drink),snack,100.0,0.0,0.0,0.0,0.0,0.0,5.0,0.0,Beverage,1,Kaggle Daily Food & Nutrition,vodka_soda_1_drink__snack,0.0,0.0,0.0,0.0,0.0
Waffle Cone (1 small),snack,70.0,1.0,13.0,1.5,0.5,7.0,30.0,5.0,Grain,1,Kaggle Daily Food & Nutrition,waffle_cone_1_small__snack,1.4285714285714286,0.7142857142857143,0.05755395683453238,0.7482014388489209,0.19424460431654678
Watalappan,snack,280.0,6.0,34.0,13.0,1.0,30.0,120.0,95.0,Sri Lankan - Dessert,1,"Curated regional (Sri Lankan, per serving)",watalappan__snack,2.142857142857143,0.35714285714285715,0.08664259927797834,0.49097472924187724,0.4223826714801444
Water Cracker (5 crackers),snack,70.0,1.5,12.0,1.5,0.5,0.0,150.0,0.0,Grain/Processed,1,Kaggle Daily Food & Nutrition,water_cracker_5_crackers__snack,2.142857142857143,0.7142857142857143,0.08888888888888889,0.7111111111111111,0.2
Watermelon (1 cup diced),snack,46.0,0.9,11.5,0.2,0.6,9.4,2.0,0.0,Fruit,2,Kaggle Daily Food & Nutrition,watermelon_1_cup_diced__snack,1.956521739130435,1.3043478260869565,0.07003891050583658,0.8949416342412452,0.03501945525291829
Whiskey (1.5 oz shot),snack,105.0,0.0,0.1,0.0,0.0,0.1,1.0,0.0,Beverage,1,Kaggle Daily Food & Nutrition,whiskey_1_5_oz_shot__snack,0.0,0.0,0.0,1.0,0.0
