age,gender,weight_kg,height_m,max_bpm,avg_bpm,resting_bpm,session_duration_h,calories_burned,workout_type,fat_percentage,water_intake_l,workout_frequency,experience_level,bmi,height_cm,bmi_supplied,fitness_goal,body_fat_source,body_fat_pct,bmr,lean_body_mass_kg,activity_level,activity_multiplier,tdee,calorie_factor,protein_coefficient,calorie_target_clean,protein_target_clean,calorie_target,protein_target,bmi_category
56,Male,88.3,1.71,180,157,60,1.69,1313.0,Yoga,12.6,3.5,4,3,30.197325672856607,171.0,30.2,muscle_gain,measured,12.6,2036.96272,77.1742,active,1.75,3564.68476,1.1326149631350455,2.147878199642159,4037.415298035459,189.65764502840264,4187.4,190.6,obese
46,Female,74.9,1.53,179,151,66,1.3,883.0,HIIT,33.9,2.1,4,2,31.99624076210005,153.0,32.0,fat_loss,measured,33.9,1439.3922400000001,49.508900000000004,active,1.725,2482.9516140000005,0.7821887661819499,2.3525085547106714,1942.1368594441415,176.20289074782931,1981.9,176.6,obese
32,Female,68.1,1.66,167,122,54,1.11,677.0,Cardio,33.4,2.3,4,2,24.71331107562781,166.0,24.71,muscle_gain,measured,33.4,1349.65936,45.3546,moderate,1.55,2091.972008,1.1010014793437108,1.869540447740713,2303.2642755536335,127.31570449114254,2322.4,128.8,normal
25,Male,53.2,1.7,190,164,56,0.59,532.0,Strength,28.8,2.1,3,1,18.4083044982699,170.0,18.41,maintenance,measured,28.8,1188.17344,37.8784,light,1.35,1604.0341440000002,1.020352754950662,1.53192507633775,1636.680657865327,81.4984140611683,1591.3,81.8,underweight
38,Male,46.1,1.79,188,158,68,0.64,556.0,Strength,29.2,2.8,3,1,14.387815611248088,179.0,14.39,fat_loss,measured,29.2,1074.9980799999998,32.638799999999996,light,1.35,1451.247408,0.8093571523794029,2.354734099997161,1200.0,108.55324200986912,1227.4,110.8,underweight
56,Female,58.0,1.68,168,156,74,1.59,1116.0,HIIT,15.5,2.7,5,3,20.549886621315196,168.0,20.55,muscle_gain,measured,15.5,1428.616,49.01,very_active,1.9,2714.3704,1.1112352615101813,2.0464770275092428,3016.304101279495,118.69566759553608,2947.2,120.5,normal
36,Male,70.3,1.72,174,169,73,1.49,1385.0,Cardio,21.3,2.3,3,2,23.762844780962684,172.0,23.76,muscle_gain,measured,21.3,1565.04376,55.3261,moderate,1.55,2425.817828,1.1375896135909307,1.8428758054913394,2759.585165596511,129.55416912604116,2804.4,129.5,normal
40,Female,69.7,1.51,189,141,64,1.27,895.0,Cardio,30.6,1.9,3,2,30.568834700232447,151.0,30.57,fat_loss,measured,30.6,1414.83088,48.3718,moderate,1.55,2192.987864,0.7931846098739187,2.1732210361229836,1739.4442233650784,151.47350621777196,1749.5,155.8,obese
28,Male,121.7,1.94,185,127,52,1.03,719.0,Strength,28.9,2.6,4,2,32.33606121798278,194.0,32.34,fat_loss,measured,28.9,2239.0199200000006,86.52870000000001,moderate,1.55,3470.480876000001,0.8009988954858134,2.278736658358837,2779.851348480639,277.32225132227046,2797.8,292.2,obese
28,Male,101.8,1.84,169,136,64,1.08,808.0,Cardio,29.7,2.7,3,1,30.06852551984877,184.0,30.07,fat_loss,measured,29.7,1915.8126400000003,71.56540000000001,moderate,1.5250000000000001,2921.6142760000007,0.8025515693500554,2.1856112748701397,2344.7461222393267,222.49522778178022,2278.1,220.2,obese
41,Male,120.8,1.67,188,146,54,0.82,593.0,HIIT,20.5,3.0,2,1,43.31456846785471,167.0,43.31,fat_loss,measured,20.5,2444.3776000000003,96.036,light,1.35,3299.9097600000005,0.8277657289610618,2.325117839804654,2731.552207992123,280.87423504840217,2688.8,278.9,obese
53,Male,51.7,1.7,175,152,72,1.15,865.0,HIIT,23.6,3.5,3,2,17.889273356401386,170.0,17.89,muscle_gain,measured,23.6,1223.1740800000002,39.4988,moderate,1.55,1895.9198240000005,1.144595083459152,1.9859022957951908,2170.0605091831417,102.67114869261137,2153.9,101.7,underweight
57,Male,112.5,1.61,195,165,61,1.24,1013.0,Cardio,22.1,2.7,3,2,43.40110335249411,161.0,43.4,fat_loss,measured,22.1,2262.9700000000003,87.6375,moderate,1.55,3507.6035000000006,0.7939316512759472,2.2815522807806445,2784.7974387762924,256.6746315878225,2833.8,246.8,obese
41,Male,94.5,2.0,179,136,69,1.18,794.0,HIIT,27.6,3.7,3,1,23.625,200.0,23.62,maintenance,measured,27.6,1847.8288,68.41799999999999,moderate,1.5250000000000001,2817.93892,0.9867120578667625,1.7044951349986912,2780.4943106960422,161.07479025737632,2748.6,163.2,normal
20,Male,117.7,1.81,196,161,54,1.35,1195.0,Yoga,26.4,3.3,3,2,35.926864259332746,181.0,35.93,fat_loss,measured,26.4,2241.1475200000004,86.6272,moderate,1.55,3473.778656000001,0.8010999787423632,2.156263700642956,2782.8440074772757,253.79223756567595,2659.2,248.8,obese
39,Female,42.5,1.75,181,131,52,1.13,740.0,Strength,26.2,2.1,2,1,13.877551020408163,175.0,13.88,muscle_gain,measured,26.2,1047.484,31.365,light,1.35,1414.1034,1.1002038862492995,1.9025019685946165,1555.8020562383476,80.85633366527121,1574.7,80.2,underweight
19,Female,64.0,1.53,166,167,58,1.33,1111.0,HIIT,29.8,2.3,3,2,27.339911999658252,153.0,27.34,fat_loss,measured,29.8,1340.4448,44.928,moderate,1.55,2077.68944,0.7954461883872563,2.136557712283261,1652.6901457004533,136.7396935861287,1657.9,131.6,overweight
41,Female,43.8,1.77,182,165,58,1.19,884.0,Cardio,31.9,1.6,3,1,13.98065689935842,177.0,13.98,maintenance,measured,31.9,1014.28048,29.8278,moderate,1.5250000000000001,1546.7777320000002,1.027105240987817,1.5749954868268718,1588.7035151804491,68.98480232301698,1591.7,66.2,underweight
47,Female,66.8,1.75,199,146,56,1.13,742.0,Strength,32.8,2.5,3,2,21.812244897959182,175.0,21.81,muscle_gain,measured,32.8,1339.6153600000002,44.8896,moderate,1.55,2076.4038080000005,1.141910238913424,2.1991986459176442,2371.066768474024,146.90646954729863,2364.6,140.9,normal
55,Female,75.2,1.67,188,167,51,1.37,1030.0,HIIT,25.2,2.2,2,1,26.964035999856577,167.0,26.96,maintenance,measured,25.2,1584.9913600000002,56.2496,light,1.35,2139.7383360000003,1.0021076954258563,1.6891709387798934,2144.248252703317,127.02565459624799,2061.0,126.8,overweight
19,Male,89.0,1.77,175,127,72,1.5,1048.0,Strength,28.9,3.7,4,2,28.40818411056848,177.0,28.41,fat_loss,measured,28.9,1736.8264000000001,63.279,active,1.725,2996.0255400000005,0.8042744272978744,2.3369294248458585,2409.626725353305,207.9867188112814,2357.9,219.9,overweight
38,Male,71.9,1.77,197,142,72,1.12,875.0,Cardio,25.7,3.1,2,1,22.949982444380606,177.0,22.95,fat_loss,measured,25.7,1523.9087200000001,53.4217,light,1.35,2057.276772,0.8272563340075394,2.0416047928135477,1701.8952404435845,146.7913846032941,1694.6,147.7,normal
50,Female,71.0,1.68,187,161,70,1.17,848.0,Yoga,33.1,2.5,2,1,25.15589569160998,168.0,25.16,muscle_gain,measured,33.1,1395.9784000000002,47.499,light,1.35,1884.5708400000003,1.1296587093732082,2.188846379720188,2128.9218628367835,155.40809296013336,2177.9,154.9,overweight
29,Male,120.9,1.78,197,168,65,0.78,721.0,Yoga,28.1,3.4,2,1,38.158060850902665,178.0,38.16,fat_loss,measured,28.1,2247.62536,86.9271,light,1.35,3034.294236,0.8271433959284354,2.055511060549335,2509.7964386111175,248.5112872204146,2527.7,245.4,obese
39,Female,64.3,1.69,190,148,58,1.25,925.0,HIIT,26.9,1.9,4,2,22.51321732432338,169.0,22.51,muscle_gain,measured,26.9,1385.2712800000002,47.0033,active,1.725,2389.592958,1.149894087213706,1.8537375643377716,2747.77881325171,119.19532538691871,2762.1,119.1,normal
42,Female,63.7,1.71,173,169,62,1.42,1080.0,Yoga,26.1,1.8,3,2,21.784480694914677,171.0,21.78,maintenance,measured,26.1,1386.8048800000001,47.0743,moderate,1.55,2149.5475640000004,0.9720258792589418,1.6046594512101622,2089.415860906017,102.21680704208734,2221.6,101.3,normal
44,Male,65.2,1.8,192,139,68,0.73,502.0,HIIT,27.2,2.7,2,1,20.123456790123456,180.0,20.12,maintenance,measured,27.2,1395.2569600000002,47.4656,sedentary,1.2,1674.3083520000002,0.9771136361255408,1.6091621386093355,1635.989521818082,104.91737143732868,1650.4,107.9,normal
59,Male,53.9,1.75,168,135,69,1.48,989.0,Strength,21.6,2.8,4,2,17.599999999999998,175.0,17.6,fat_loss,measured,21.6,1282.7641600000002,42.257600000000004,active,1.725,2212.7681760000005,0.8180599418988423,2.0433690968127203,1810.1770054941678,110.13759431820561,1767.7,112.2,underweight
45,Male,84.9,1.86,186,136,66,1.64,1104.0,HIIT,14.2,3.5,5,3,24.540409295872355,186.0,24.54,maintenance,measured,14.2,1943.4347200000002,72.8442,very_active,1.9,3692.5259680000004,0.9775682481395983,1.6924317233654693,3609.6961417477346,143.68745331372835,3631.8,146.3,normal
33,Female,78.0,1.68,183,135,55,1.29,871.0,HIIT,32.3,1.8,3,2,27.636054421768712,168.0,27.64,fat_loss,measured,32.3,1510.6096000000002,52.806000000000004,moderate,1.55,2341.4448800000005,0.7970921427559282,2.2198418691585755,1866.3473165440976,173.1476657943689,1719.1,177.1,overweight
32,Male,108.2,1.8,172,138,53,1.27,964.0,HIIT,28.4,3.5,3,1,33.39506172839506,180.0,33.4,fat_loss,measured,28.4,2043.3779200000001,77.4712,moderate,1.5250000000000001,3116.1513280000004,0.7950009644898236,2.1353067052477654,2477.3433112562448,231.04018550780822,2472.4,221.0,obese
20,Female,65.4,1.52,185,127,50,1.03,654.0,Yoga,28.0,2.2,4,2,28.30678670360111,152.0,28.31,muscle_gain,measured,28.0,1387.1008000000002,47.088,moderate,1.55,2150.00624,1.127552254529486,2.147193902760997,2424.244383164463,140.42648124056922,2409.4,138.9,overweight
54,Female,50.2,1.61,188,157,67,1.48,1046.0,HIIT,28.2,2.7,2,1,19.36653678484626,161.0,19.37,maintenance,measured,28.2,1148.54176,36.0436,light,1.35,1550.5313760000001,0.9730371857379062,1.7093974401277734,1508.7246865013635,85.81175149441422,1437.6,87.9,normal
24,Female,58.9,1.51,187,157,68,1.04,816.0,Cardio,31.7,2.5,2,1,25.832200342090257,151.0,25.83,fat_loss,measured,31.7,1238.9399200000003,40.2287,light,1.35,1672.5688920000005,0.8025485189663769,2.3702743600517753,1362.8339120000003,139.60915980704956,1362.8,138.4,overweight
38,Male,81.4,1.71,187,148,58,1.52,1237.0,HIIT,10.2,3.5,5,3,27.837625252214362,171.0,27.84,muscle_gain,measured,10.2,1948.8995200000002,73.0972,very_active,1.9,3702.9090880000003,1.127770828108066,1.8759538836327712,4176.032848582644,152.7026461277076,4267.6,148.7,overweight
26,Male,127.6,1.73,167,160,62,1.32,1162.0,Strength,27.3,2.9,3,1,42.63423435463931,173.0,42.63,fat_loss,measured,27.3,2373.72832,92.7652,moderate,1.5250000000000001,3619.9356880000005,0.785958526216093,2.3650672802482866,2845.119318337519,301.78258495968134,2820.1,299.6,obese
56,Female,59.3,1.56,182,155,57,1.26,879.0,Cardio,33.4,2.6,4,2,24.367192636423404,156.0,24.37,fat_loss,measured,33.4,1223.06608,39.4938,active,1.725,2109.7889880000002,0.7970712543011219,2.1717643642189164,1681.6521549758547,128.78562679818174,1653.7,127.4,normal
35,Male,96.9,1.71,188,145,72,1.34,1069.0,Strength,24.2,2.9,3,2,33.138401559454195,171.0,33.14,fat_loss,measured,24.2,1956.5243200000002,73.45020000000001,moderate,1.55,3032.6126960000006,0.8052275874576573,2.104985007752725,2441.9434048935423,203.97304725123905,2483.9,208.6,obese
21,Male,62.6,1.81,164,150,62,1.3,1072.0,Strength,27.6,3.5,4,2,19.10808583376576,181.0,19.11,fat_loss,measured,27.6,1348.9638400000001,45.3224,active,1.725,2326.9626240000002,0.7951982555286194,2.059492901525763,1850.396619285099,128.92425563551276,1865.6,130.6,normal
42,Male,45.5,1.6,166,163,64,1.31,1057.0,Strength,21.7,2.6,3,2,17.773437499999996,160.0,17.77,muscle_gain,measured,21.7,1139.5324,35.6265,moderate,1.55,1766.2752200000002,1.1208918167576565,1.8192300161845465,1979.8034402398296,82.77496573639687,2024.5,82.9,underweight
31,Female,48.8,1.51,195,131,60,1.48,969.0,Cardio,28.2,2.0,2,1,21.402570062716546,151.0,21.4,maintenance,measured,28.2,1126.82944,35.038399999999996,light,1.35,1521.219744,0.9948736600987668,1.7225175637213392,1513.421454527789,84.05885710960135,1486.7,83.1,normal
26,Female,44.3,1.6,186,136,61,1.08,734.0,Cardio,34.7,2.0,3,1,17.304687499999996,160.0,17.3,muscle_gain,measured,34.7,994.84264,28.927899999999998,moderate,1.5250000000000001,1517.1350260000002,1.1046656921078428,2.1563428176622828,1675.9270135173404,95.52598682243912,1682.0,97.8,underweight
43,Male,113.2,1.83,161,134,63,1.45,962.0,Yoga,29.9,2.9,4,2,33.802143987578006,183.0,33.8,fat_loss,measured,29.9,2084.02912,79.35320000000002,active,1.725,3594.9502320000006,0.8093998200294659,2.1633430712804365,2909.752070795687,244.8904356689454,3089.9,244.8,obese
19,Female,60.5,1.59,184,128,53,1.14,730.0,Cardio,30.1,2.2,2,1,23.93101538704956,159.0,23.93,fat_loss,measured,30.1,1283.4532000000002,42.289500000000004,light,1.35,1732.6618200000003,0.7837027930786196,2.355060839552257,1411.7985200000003,142.48118079291154,1429.2,141.8,normal
37,Male,124.2,1.76,168,158,50,1.5,1304.0,HIIT,29.3,2.8,2,1,40.09555785123967,176.0,40.1,fat_loss,measured,29.3,2266.6830400000003,87.80940000000001,moderate,1.5250000000000001,3456.691636000001,0.809025971594614,2.2543326124420004,2796.5533093178765,279.9881104652965,2769.7,280.0,obese
45,Male,52.4,1.85,186,161,73,1.2,956.0,Strength,25.2,2.5,3,1,15.310445580715848,185.0,15.31,muscle_gain,measured,25.2,1216.61632,39.1952,moderate,1.5250000000000001,1855.3398880000002,1.10414357579786,2.0676264676787266,2048.561618256721,108.34362690636527,2097.2,106.6,underweight
24,Male,54.7,1.74,160,167,53,0.84,772.0,Yoga,22.9,3.6,3,1,18.06711586735368,174.0,18.07,maintenance,measured,22.9,1280.95192,42.173700000000004,light,1.35,1729.285092,1.0023474290593186,1.571581966821941,1733.3444660768073,85.96553358516019,1767.5,87.7,underweight
25,Male,88.1,1.95,182,131,68,1.41,1016.0,Cardio,22.7,3.0,2,1,23.1689677843524,195.0,23.17,fat_loss,measured,22.7,1840.98808,68.1013,light,1.35,2485.333908,0.8225384491464578,2.3077300741382683,2044.2826982974252,203.31101953158142,2162.8,207.7,normal
52,Female,59.7,1.71,169,151,58,1.23,836.0,Strength,34.3,2.0,3,1,20.41653842207859,171.0,20.42,muscle_gain,measured,34.3,1217.2146400000001,39.2229,moderate,1.5250000000000001,1856.2523260000005,1.1144398130155813,1.8909223038583385,2068.6814950971784,112.88806154034282,2057.0,110.0,normal
31,Female,79.7,1.54,184,144,59,1.03,742.0,Cardio,26.7,2.3,4,2,33.60600438522517,154.0,33.61,fat_loss,measured,26.7,1631.87416,58.4201,moderate,1.55,2529.4049480000003,0.7841372428344217,2.250145820164626,1983.400621936464,179.3366218671207,1999.6,183.8,obese
34,Female,51.0,1.62,162,158,53,1.42,1122.0,Yoga,30.8,2.4,3,2,19.43301326017375,162.0,19.43,maintenance,measured,30.8,1132.3072,35.291999999999994,moderate,1.55,1755.07616,0.989228805534188,1.4024219954872736,1736.1718933783295,71.52352176985096,1783.4,72.4,normal
53,Male,84.2,1.76,165,137,69,1.67,1133.0,Cardio,12.8,3.5,5,3,27.182334710743802,176.0,27.18,fat_loss,measured,12.8,1955.92384,73.4224,very_active,1.9,3716.255296,0.8012249596743697,2.1452206071344535,2977.5564996772628,180.627575120721,3017.5,181.7,overweight
57,Male,122.1,1.89,165,134,58,1.13,750.0,Cardio,27.4,3.6,3,1,34.181573864113545,189.0,34.18,fat_loss,measured,27.4,2284.72336,88.6446,moderate,1.5250000000000001,3484.203124,0.8106082803364898,2.0681379226358483,2824.3239026886654,252.51964035383708,2797.1,254.0,obese
21,Male,96.7,1.72,161,151,62,1.26,1046.0,Strength,25.0,2.8,3,1,32.68658734451055,172.0,32.69,fat_loss,measured,25.0,1936.5400000000002,72.525,moderate,1.5250000000000001,2953.2235000000005,0.7875765915199839,2.3639781163432687,2325.8896981267176,228.5966838503941,2415.8,225.7,obese
19,Female,73.0,1.79,177,125,61,0.81,506.0,HIIT,27.7,1.6,3,1,22.783308885490467,179.0,22.78,muscle_gain,measured,27.7,1510.0264000000002,52.779,light,1.35,2038.5356400000003,1.100198068186181,2.1447034584588365,2242.7929730566802,156.56335246749506,2104.1,156.8,normal
23,Male,114.8,1.6,182,163,60,1.47,1318.0,Cardio,21.7,2.7,4,2,44.84374999999999,160.0,44.84,fat_loss,measured,21.7,2311.58944,89.8884,active,1.725,3987.4917840000007,0.8221541156713402,2.208013804153681,3278.3327814212553,253.4799847168426,3288.1,245.8,obese
59,Female,65.5,1.52,161,162,61,1.4,1021.0,Yoga,31.2,2.1,3,2,28.350069252077564,152.0,28.35,fat_loss,measured,31.2,1343.3824,45.06399999999999,moderate,1.55,2082.24272,0.8027544658977498,2.21647779816762,1671.529642563078,145.1792957799791,1687.6,145.8,overweight
21,Female,50.3,1.52,171,154,67,1.08,832.0,Cardio,32.2,2.6,3,1,21.77112188365651,152.0,21.77,maintenance,measured,32.2,1106.63344,34.10339999999999,moderate,1.5250000000000001,1687.6159960000002,1.0044178365292726,1.7989721165308878,1695.0716075945138,90.48829746150365,1631.4,90.7,normal
46,Female,61.0,1.71,181,153,61,1.67,1150.0,Cardio,17.8,2.7,4,3,20.86111966075032,171.0,20.86,muscle_gain,measured,17.8,1453.0672,50.141999999999996,active,1.75,2542.8676,1.1400664081528225,1.80225330703262,2899.037931140188,109.93745172898983,2936.4,107.6,normal
35,Female,44.6,1.62,196,157,65,0.56,440.0,HIIT,32.4,2.0,2,1,16.99436061575979,162.0,16.99,maintenance,measured,32.4,1021.23136,30.1496,sedentary,1.2,1225.4776319999999,1.0157948222755102,1.5743510083714671,1244.833833400053,70.21605497336743,1232.9,70.1,underweight
43,Female,58.2,1.61,179,124,54,1.04,580.0,Strength,26.4,2.6,3,2,22.452837467690287,161.0,22.45,muscle_gain,measured,26.4,1295.24032,42.8352,moderate,1.55,2007.6224960000002,1.143096703257495,2.1574041482089332,2294.906656563184,125.56092142575991,2243.9,122.2,normal
51,Female,44.8,1.63,198,137,69,1.08,666.0,Yoga,33.8,2.1,4,2,16.861756182016634,163.0,16.86,muscle_gain,measured,33.8,1010.60416,29.6576,moderate,1.55,1566.436448,1.116097551833534,2.1597217856780695,1748.295884715617,96.75553599837751,1727.1,97.3,underweight
27,Male,87.5,1.63,183,135,74,1.75,1299.0,Strength,12.9,3.5,5,3,32.933117543001245,163.0,32.93,fat_loss,measured,12.9,2016.1900000000003,76.2125,very_active,1.9,3830.7610000000004,0.7896897276719673,2.1083734394918756,3025.1126108663934,184.48267595553912,3185.3,185.6,obese
53,Male,51.8,1.74,179,127,61,1.23,773.0,Strength,21.3,3.7,3,2,17.10926146122341,174.0,17.11,muscle_gain,measured,21.3,1250.55856,40.7666,moderate,1.55,1938.365768,1.1006351791107316,2.0860437083975567,2133.4335542447907,108.05706409499344,2167.7,111.8,underweight
31,Female,64.4,1.7,160,144,70,1.97,1418.0,Strength,17.3,2.7,5,3,22.28373702422146,170.0,22.28,muscle_gain,measured,17.3,1520.3900800000001,53.2588,very_active,1.9,2888.741152,1.1198028525602808,2.0568086268876775,3234.820582317872,132.45847557156645,3029.7,135.3,normal
48,Female,67.1,1.61,160,151,74,0.62,421.0,Cardio,33.4,1.5,2,1,25.886346977354265,161.0,25.89,fat_loss,measured,33.4,1335.27376,44.6886,sedentary,1.2,1602.328512,0.8103252569277037,2.238347469136318,1468.8011360000003,150.1931151790469,1487.5,150.1,overweight
32,Male,85.9,1.6,176,145,60,1.99,1587.0,HIIT,14.5,3.5,5,3,33.55468749999999,160.0,33.55,fat_loss,measured,14.5,1956.4012000000002,73.4445,very_active,1.9,3717.1622800000005,0.8083258815617304,2.177308008703823,3004.678476889012,187.0307579476584,3012.3,180.3,obese
25,Female,65.4,1.77,160,141,58,0.89,627.0,Cardio,27.6,2.6,3,1,20.875227425069426,177.0,20.88,maintenance,measured,27.6,1392.7513600000002,47.3496,light,1.35,1880.2143360000005,1.0227289731539884,1.490254454024301,1922.9496771666886,97.4626412931893,1892.5,102.3,normal
31,Female,61.1,1.76,189,150,67,1.81,1358.0,Yoga,18.6,2.7,4,3,19.72494834710744,176.0,19.72,maintenance,measured,18.6,1444.28464,49.7354,very_active,1.9,2744.140816,1.0196666993838515,1.6865755261004276,2798.109008495229,103.04976464473613,2784.5,106.2,normal
40,Male,106.5,1.65,162,162,74,1.32,1176.0,HIIT,21.0,3.6,4,2,39.11845730027549,165.0,39.12,fat_loss,measured,21.0,2187.3160000000003,84.135,active,1.725,3773.1201000000005,0.8048267644747897,2.2145300771084337,3036.7080420577954,235.8474532120482,2951.0,234.3,obese
57,Female,64.0,1.52,170,129,52,1.73,1004.0,Strength,15.2,2.7,5,3,27.700831024930746,152.0,27.7,maintenance,measured,15.2,1542.2752,54.272,very_active,1.9,2930.3228799999997,0.9773614616995348,1.407488822347162,2863.9846532483903,90.07928463021837,2897.9,89.6,overweight
38,Female,61.4,1.54,183,131,69,1.47,963.0,HIIT,30.6,2.7,3,2,25.889694720863552,154.0,25.89,fat_loss,measured,30.6,1290.4105599999998,42.611599999999996,moderate,1.55,2000.1363679999997,0.8050288300907549,2.2672867243830312,1610.1674403530114,139.21140487711813,1582.7,135.6,overweight
33,Female,40.5,1.63,181,147,66,1.07,786.0,Yoga,31.9,1.5,4,2,15.243328691332005,163.0,15.24,muscle_gain,measured,31.9,965.7388000000001,27.5805,moderate,1.55,1496.89514,1.145974304454984,1.871242845108182,1715.403366903546,75.78533522688137,1700.4,74.3,underweight
35,Male,70.1,1.79,185,125,63,1.08,743.0,Cardio,28.0,2.3,3,2,21.878218532505226,179.0,21.88,fat_loss,measured,28.0,1460.1951999999999,50.471999999999994,moderate,1.55,2263.30256,0.8240427905539524,2.153428155822587,1865.0581574103041,150.95531372316336,1807.2,146.8,normal
41,Male,94.1,1.62,172,139,50,1.13,777.0,Cardio,23.4,3.1,4,2,35.85581466239901,162.0,35.86,fat_loss,measured,23.4,1926.9409600000001,72.0806,moderate,1.55,2986.7584880000004,0.8137037796653198,2.0648311057496507,2430.336670633076,194.3006070510421,2538.3,189.5,obese
43,Male,55.5,1.82,160,124,66,1.08,663.0,Strength,20.1,2.0,3,1,16.755222799178842,182.0,16.76,muscle_gain,measured,20.1,1327.8411999999998,44.3445,moderate,1.5250000000000001,2024.9578299999998,1.1329452869885015,2.1205775317118176,2294.166429848963,117.69205301000588,2127.3,112.1,underweight
42,Female,53.7,1.72,183,142,74,1.37,875.0,Cardio,29.8,1.6,3,1,18.151703623580318,172.0,18.15,maintenance,measured,29.8,1184.26384,37.6974,moderate,1.5250000000000001,1806.0023560000002,1.01974192712674,1.508389617319397,1841.656322902873,81.00052245005162,1823.4,82.5,underweight
58,Female,66.1,1.75,169,128,57,0.63,363.0,Cardio,25.2,1.8,2,1,21.583673469387755,175.0,21.58,muscle_gain,measured,25.2,1437.96448,49.4428,sedentary,1.2,1725.557376,1.1343519205337387,1.9134757596949679,1957.3893234567586,126.48074771583737,1777.1,129.1,normal
46,Male,103.9,1.77,194,148,54,1.18,864.0,Yoga,20.9,2.9,2,1,33.164161000989495,177.0,33.16,fat_loss,measured,20.9,2145.1938400000004,82.18490000000001,light,1.35,2896.0116840000005,0.8112096425496627,2.062169018118834,2359.7132240000005,214.25936098254687,2375.8,222.2,obese
32,Female,61.7,1.58,183,135,54,1.87,1262.0,HIIT,16.6,2.7,5,3,24.715590450248357,158.0,24.72,muscle_gain,measured,16.6,1481.48848,51.4578,very_active,1.9,2814.8281119999997,1.1200880795038035,1.9918410271367781,3152.855414103397,122.89659137433921,3048.2,122.6,normal
18,Female,52.3,1.74,187,165,58,1.2,990.0,Cardio,29.4,2.2,2,1,17.27440877262518,174.0,17.27,muscle_gain,measured,29.4,1167.5540799999999,36.92379999999999,light,1.35,1576.1980079999998,1.1199753381282036,1.880085178798516,1765.3028969668007,98.32845485116238,1785.6,95.3,underweight
42,Female,59.5,1.74,195,141,52,1.78,1129.0,Yoga,16.4,2.7,5,3,19.652530056810676,174.0,19.65,muscle_gain,measured,16.4,1444.4272,49.742000000000004,very_active,1.9,2744.41168,1.1243171768961087,2.0581478118929866,3085.589192298307,122.4597948076327,3015.9,125.6,normal
24,Female,72.9,1.76,175,127,68,0.86,546.0,Yoga,30.8,1.5,3,1,23.53434917355372,176.0,23.53,muscle_gain,measured,30.8,1459.6508800000001,50.4468,light,1.35,1970.5286880000003,1.1440864949473315,1.9851791515886943,2254.455259847084,144.71956015081582,2381.9,149.5,normal
26,Female,76.7,1.63,199,139,72,1.08,751.0,Strength,25.6,1.7,2,1,28.86822989197938,163.0,28.87,fat_loss,measured,25.6,1602.59968,57.0648,light,1.35,2163.5095680000004,0.8120763419409388,2.2306690563141918,1762.859648,171.09231661929851,1846.3,165.2,overweight
41,Male,72.1,1.83,175,133,58,1.13,744.0,Yoga,21.4,2.8,3,2,21.529457433784223,183.0,21.53,fat_loss,measured,21.4,1594.0849600000001,56.6706,moderate,1.55,2470.831688,0.8212732470192696,2.3864670270160713,2029.227963241863,172.06427264785873,1981.6,165.0,normal
18,Female,54.8,1.68,176,158,71,1.27,1003.0,Strength,32.0,2.2,4,2,19.41609977324263,168.0,19.42,fat_loss,measured,32.0,1174.9024,37.263999999999996,active,1.725,2026.70664,0.8051340449029514,2.278132450730178,1631.7705148948698,124.84165830001375,1693.0,120.3,normal
25,Male,105.0,1.88,174,156,67,1.34,1150.0,Cardio,21.4,2.3,3,2,29.708012675418743,188.0,29.71,fat_loss,measured,21.4,2152.648,82.53,moderate,1.55,3336.6044,0.8068232716456427,2.2220574346896877,2692.050078195247,233.31603064241722,2740.1,231.5,overweight
41,Female,55.0,1.55,175,169,65,1.45,1103.0,Strength,31.4,2.0,4,2,22.892819979188342,155.0,22.89,maintenance,measured,31.4,1184.9679999999998,37.73,active,1.725,2044.0697999999998,1.0119275773299212,1.7312148452103517,2068.4506006072565,95.21681648656934,2084.6,92.0,normal
28,Male,81.6,1.66,174,153,50,1.09,917.0,Yoga,20.5,3.5,4,2,29.612425606038613,166.0,29.61,fat_loss,measured,20.5,1771.2352,64.872,moderate,1.55,2745.41456,0.8147288139046572,2.032303178562034,2236.7683481453764,165.83593937066195,2175.7,171.3,overweight
34,Female,75.6,1.6,193,130,51,0.64,416.0,HIIT,29.1,2.7,2,1,29.531249999999993,160.0,29.53,fat_loss,measured,29.1,1527.76864,53.60039999999999,sedentary,1.2,1833.3223679999999,0.7909736728540583,2.114466820327824,1680.5455040000002,159.8536916167835,1680.5,157.5,overweight
25,Male,81.5,1.61,170,159,63,1.93,1688.0,HIIT,10.9,3.5,4,3,31.44168820647351,161.0,31.44,fat_loss,measured,10.9,1938.5164000000002,72.6165,very_active,1.9,3683.18116,0.8263467367958494,2.3873626950626394,3043.5847325939512,194.57005964760512,3076.4,191.1,obese
52,Female,61.5,1.69,160,152,63,1.8,1231.0,Cardio,15.5,2.7,4,3,21.532859493715208,169.0,21.53,muscle_gain,measured,15.5,1492.498,51.9675,very_active,1.9,2835.7462,1.1112336841509536,1.90712532256588,3151.176697143067,117.28820733780162,3265.9,121.2,normal
52,Male,74.0,1.63,174,150,50,1.26,936.0,Cardio,25.7,3.7,3,2,27.85200797922391,163.0,27.85,fat_loss,measured,25.7,1557.6112,54.982,moderate,1.55,2414.29736,0.8129087144504061,2.124321963489795,1962.6033632186095,157.19982529824483,1909.4,153.7,overweight
50,Female,56.4,1.59,185,163,74,1.26,924.0,HIIT,34.3,2.6,3,1,22.309244096356945,159.0,22.31,fat_loss,measured,34.3,1170.38368,37.0548,moderate,1.5250000000000001,1784.835112,0.7981177530162761,2.0572794826323966,1424.5085890939934,116.03056282046717,1433.6,118.0,normal
22,Male,102.6,1.84,163,153,65,1.25,1052.0,Strength,20.5,2.7,3,2,30.304820415879014,184.0,30.3,fat_loss,measured,20.5,2131.8472,81.567,moderate,1.55,3304.3631600000003,0.7940750659711724,2.0649301142683703,2623.912394269712,211.8618297239348,2513.0,208.8,obese
59,Female,54.6,1.57,164,169,64,0.58,441.0,Cardio,29.2,2.3,3,1,22.151000040569595,157.0,22.15,muscle_gain,measured,29.2,1204.98688,38.6568,light,1.35,1626.732288,1.1496612996898665,1.8441278641431027,1870.1911564695502,100.68938138221341,1916.0,99.9,normal
56,Male,129.0,1.78,194,126,64,1.29,805.0,Yoga,27.1,2.7,2,1,40.714556242898624,178.0,40.71,fat_loss,measured,27.1,2401.2856,94.041,light,1.35,3241.7355600000005,0.8139765426617951,2.349509068836417,2641.4141600000003,303.0866698798978,2680.7,287.5,obese
58,Male,103.5,1.66,172,168,61,1.33,1106.0,Cardio,24.6,3.1,3,1,37.5598780664828,166.0,37.56,fat_loss,measured,24.6,2055.6424,78.039,moderate,1.5250000000000001,3134.8546600000004,0.7941679649887993,2.2467739584224824,2489.6011458678545,232.54110469672693,2515.3,228.6,obese
45,Female,59.4,1.51,169,142,65,1.15,735.0,Strength,33.1,1.9,4,2,26.051488969782028,151.0,26.05,fat_loss,measured,33.1,1228.35376,39.7386,moderate,1.55,1903.948328,0.8163594511247975,2.386770676915097,1554.3062120160557,141.77417820875678,1570.3,144.3,overweight
24,Female,60.1,1.79,170,165,63,1.97,1625.0,Cardio,15.9,2.7,4,3,18.757217315314755,179.0,18.76,muscle_gain,measured,15.9,1461.7525600000001,50.5441,very_active,1.9,2777.3298640000003,1.1376325521910122,1.956537764433571,3159.580861458637,117.58791964245762,3107.5,119.3,normal
26,Male,77.7,1.62,177,126,73,1.16,804.0,Yoga,29.6,3.0,3,2,29.606767261088244,162.0,29.61,fat_loss,measured,29.6,1551.53728,54.7008,moderate,1.55,2404.882784,0.798143425334123,2.366168515897528,1919.4413827488218,183.85129368523792,1950.3,184.0,overweight
25,Female,41.2,1.62,193,144,64,1.49,1073.0,Yoga,28.9,2.1,4,2,15.698826398414873,162.0,15.7,muscle_gain,measured,28.9,1002.7331200000002,29.293200000000006,active,1.725,1729.7146320000004,1.1466582332081305,1.9826121420108254,1983.3915238833722,81.683620250846,2003.3,83.1,underweight
29,Male,58.6,1.61,198,122,72,1.2,805.0,Yoga,23.4,2.0,3,2,22.607152501832488,161.0,22.61,fat_loss,measured,23.4,1339.5721600000002,44.8876,moderate,1.55,2076.3368480000004,0.828474256552207,2.090353938402406,1720.191626498753,122.49474079038099,1696.3,126.4,normal
51,Male,109.3,1.78,182,157,64,0.54,420.0,Strength,28.7,3.3,3,1,34.4969069561924,178.0,34.5,fat_loss,measured,28.7,2053.3074400000005,77.93090000000001,light,1.35,2771.965044000001,0.7932711248211823,2.305337813131194,2258.638184000001,251.97342297523952,2258.6,248.6,obese
50,Male,69.6,1.96,166,139,68,0.97,667.0,Strength,25.6,2.0,3,1,18.117451062057476,196.0,18.12,muscle_gain,measured,25.6,1488.49984,51.782399999999996,light,1.35,2009.474784,1.1365344359023675,2.0192775287685705,2283.837290093472,140.5417160022925,2357.0,146.3,underweight
40,Female,56.2,1.79,198,153,57,1.79,1369.0,Yoga,17.6,2.7,5,3,17.54002684061047,179.0,17.54,muscle_gain,measured,17.6,1370.27008,46.3088,very_active,1.9,2603.513152,1.110095020271462,2.1825551063046045,2890.1469852464575,122.65959697431877,2844.0,120.5,underweight
41,Male,71.7,1.96,162,168,51,0.51,424.0,Yoga,27.3,2.5,2,1,18.664098292378178,196.0,18.66,maintenance,measured,27.3,1495.9194400000001,52.1259,sedentary,1.2,1795.1033280000001,0.9831051529906687,1.5889720448269813,1764.7753319074986,113.92929561409456,1796.7,108.8,normal
54,Male,86.0,1.93,171,163,51,1.74,1404.0,Strength,12.9,3.5,5,3,23.087868130688072,193.0,23.09,maintenance,measured,12.9,1987.9696000000001,74.906,very_active,1.9,3777.14224,1.0163586961519981,1.4525553200423538,3838.931362227038,124.91975752364243,3761.0,123.3,normal
52,Female,79.4,1.59,166,163,59,1.39,1020.0,Strength,26.6,1.5,3,2,31.406985483169176,159.0,31.41,fat_loss,measured,26.6,1628.8393600000002,58.2796,moderate,1.55,2524.7010080000005,0.8272607881273393,2.032389624668217,2088.586145663968,161.37173619865644,2049.6,159.8,obese
57,Female,78.4,1.62,185,149,52,1.01,677.0,Strength,31.7,2.0,4,2,29.873494894071023,162.0,29.87,maintenance,measured,31.7,1526.6195200000004,53.54720000000001,moderate,1.55,2366.260256000001,0.9997582452639848,1.4462062770069695,2365.6882013764684,113.38257211734641,2412.9,113.1,overweight
39,Female,55.4,1.6,192,136,72,1.44,979.0,HIIT,26.3,1.6,3,2,21.640624999999996,160.0,21.64,muscle_gain,measured,26.3,1251.9236799999999,40.8298,moderate,1.55,1940.4817039999998,1.1157015647898307,2.0518360317950517,2164.998473598837,113.67171616144586,2290.6,114.8,normal
44,Female,61.7,1.55,196,129,66,1.41,819.0,Strength,33.1,2.6,4,2,25.681581685744014,155.0,25.68,fat_loss,measured,33.1,1261.58968,41.277300000000004,active,1.725,2176.2421980000004,0.7941153449160647,2.283851853797935,1728.1873236856652,140.91365937933259,1739.9,141.8,overweight
52,Male,85.5,1.82,174,154,57,1.78,1357.0,Yoga,14.9,3.5,4,3,25.81209998792416,182.0,25.81,maintenance,measured,14.9,1941.6268,72.7605,very_active,1.9,3689.0909199999996,0.997227545502159,1.758458276841948,3678.863083285901,150.34818266998656,3678.8,143.5,overweight
18,Male,87.6,1.93,161,139,72,1.72,1315.0,HIIT,11.9,3.5,4,3,23.517409863352036,193.0,23.52,muscle_gain,measured,11.9,2036.9929599999998,77.17559999999999,active,1.75,3564.7376799999997,1.1320140331661157,2.0665824061492684,4035.3330783160222,181.0326187786759,4119.7,180.8,normal
52,Male,82.4,1.72,166,137,53,1.01,685.0,Strength,24.4,2.7,4,2,27.852893455922125,172.0,27.85,fat_loss,measured,24.4,1715.55904,62.2944,moderate,1.55,2659.116512,0.8259494784957546,2.2147682028532065,2196.29589634585,182.49689991510422,2142.0,176.1,overweight
54,Male,67.0,1.68,191,164,63,0.55,446.0,Yoga,20.5,2.8,3,1,23.738662131519277,168.0,23.74,muscle_gain,measured,20.5,1520.5240000000001,53.265,light,1.35,2052.7074000000002,1.1373759544487692,2.1316875685004018,2334.7000382790516,142.82306708952692,2348.2,144.3,normal
31,Female,42.3,1.6,163,163,70,1.09,888.0,Cardio,25.1,1.9,3,2,16.523437499999996,160.0,16.52,muscle_gain,measured,25.1,1054.34632,31.682699999999997,moderate,1.55,1634.2367960000001,1.1439780293447133,1.9173187116802641,1869.5309893706983,81.10258150407516,1842.2,81.7,underweight
20,Male,82.7,1.99,179,146,59,1.69,1357.0,HIIT,14.6,3.5,5,3,20.883311027499307,199.0,20.88,muscle_gain,measured,14.6,1895.51728,70.6258,very_active,1.9,3601.4828319999997,1.137941764594828,2.0757903033409355,4098.2777290040585,171.66785808629538,3919.0,177.3,normal
18,Male,92.4,1.74,195,168,50,1.41,1303.0,Yoga,21.3,3.1,2,1,30.519223147047168,174.0,30.52,fat_loss,measured,21.3,1940.7260800000001,72.7188,light,1.35,2619.9802080000004,0.8015196187088289,2.029592130450115,2134.7986880000003,187.53431285359065,2243.0,181.2,obese
22,Female,63.2,1.54,191,155,53,1.02,790.0,Cardio,29.5,2.4,4,2,26.648675999325352,154.0,26.65,maintenance,measured,29.5,1332.4096000000002,44.556000000000004,moderate,1.55,2065.2348800000004,1.0272071812827608,1.5700896793537027,2121.424099771641,99.22966773515401,2100.3,104.0,overweight
43,Male,82.7,1.85,187,142,50,1.22,858.0,Yoga,28.2,3.1,4,2,24.163623082542,185.0,24.16,fat_loss,measured,28.2,1652.5777600000001,59.3786,moderate,1.55,2561.4955280000004,0.8103512741410192,2.317528816129518,2075.711164821323,191.65963309391114,2033.5,194.5,normal
31,Male,86.6,1.76,172,151,66,1.29,1071.0,Strength,28.9,3.3,3,2,27.957128099173552,176.0,27.96,fat_loss,measured,28.9,1699.9681600000001,61.5726,moderate,1.55,2634.9506480000005,0.8026601514954015,2.011974205796719,2114.969886306587,174.23696622199586,2090.6,168.5,overweight
56,Male,129.5,1.95,160,129,66,1.0,639.0,Strength,25.2,3.5,2,1,34.05654174884944,195.0,34.06,fat_loss,measured,25.2,2462.3056,96.866,light,1.35,3324.1125600000005,0.8139298829674005,2.3144770627737716,2708.5361600000006,299.72477962920345,2708.5,299.9,obese
44,Male,98.0,1.83,194,130,56,1.28,824.0,Cardio,25.7,3.5,4,2,29.26334020126011,183.0,29.26,fat_loss,measured,25.7,1942.7824,72.814,active,1.725,3351.29964,0.8176725129686896,2.2987660396557796,2740.265598349865,225.2790718862664,2715.2,229.1,overweight
26,Male,86.2,1.68,189,157,72,1.97,1701.0,Strength,13.3,3.5,5,3,30.541383219954653,168.0,30.54,fat_loss,measured,13.3,1984.28464,74.7354,very_active,1.9,3770.140816,0.8085672713033762,2.3763265566238023,3048.4124720226046,204.83934918097177,2796.5,211.1,obese
32,Male,78.6,1.62,195,125,69,1.28,880.0,Yoga,29.6,3.1,3,1,29.949702789208953,162.0,29.95,fat_loss,measured,29.6,1565.22304,55.334399999999995,moderate,1.5250000000000001,2386.9651360000003,0.80416748106966,2.3625901792776274,1919.5197408182185,185.6995880912215,1935.5,188.9,overweight
32,Female,59.0,1.66,184,160,64,0.51,408.0,Cardio,31.0,1.8,2,1,21.410944984758313,166.0,21.41,maintenance,measured,31.0,1249.3359999999998,40.709999999999994,sedentary,1.2,1499.2031999999997,1.0248330272294641,1.4288399263208191,1536.4329538880995,84.30155565292833,1459.5,84.1,normal
43,Female,57.3,1.79,175,166,62,1.98,1479.0,Yoga,17.8,2.7,4,3,17.883336974501418,179.0,17.88,muscle_gain,measured,17.8,1387.37296,47.10059999999999,very_active,1.9,2636.0086239999996,1.125395440255142,2.002529751524986,2966.552085922831,114.74495476238168,2792.4,120.6,underweight
59,Male,122.3,1.89,178,153,51,0.66,500.0,Yoga,20.1,3.1,3,1,34.23756333809244,189.0,34.24,fat_loss,measured,20.1,2480.70232,97.7177,light,1.35,3348.948132,0.8069025315191595,2.0797802865615753,2728.772552,254.35712904648065,2832.2,254.0,obese
30,Male,85.3,1.95,160,155,68,1.61,1373.0,Yoga,10.4,3.5,5,3,22.43261012491782,195.0,22.43,muscle_gain,measured,10.4,2020.86208,76.4288,very_active,1.9,3839.637952,1.146832093967993,2.1395809440318834,4403.420032571136,182.50625452591964,4488.0,174.7,normal
49,Female,45.2,1.74,164,156,73,1.24,870.0,Strength,30.8,2.1,3,2,14.929316950720043,174.0,14.93,muscle_gain,measured,30.8,1045.61344,31.2784,moderate,1.55,1620.7008320000002,1.1480574436436444,2.1894236968132104,1860.6576540970477,98.96195109595712,1787.2,97.5,underweight
56,Male,55.6,1.92,181,136,62,0.68,458.0,Strength,29.4,3.2,3,1,15.082465277777779,192.0,15.08,muscle_gain,measured,29.4,1217.87776,39.2536,light,1.35,1644.1349760000003,1.1325904303936256,1.9319240713597374,1862.1315400930537,107.4149783676014,1925.7,110.2,underweight
49,Male,82.8,1.95,183,159,73,1.91,1503.0,Yoga,14.3,3.5,5,3,21.775147928994084,195.0,21.78,muscle_gain,measured,14.3,1902.72736,70.9596,very_active,1.9,3615.181984,1.1214105677533819,1.9365928332583153,4054.103281209237,160.3498865937885,4109.3,161.3,normal
21,Male,125.2,1.66,196,159,60,1.38,1207.0,HIIT,29.8,3.4,3,2,45.43475105240238,166.0,45.43,fat_loss,measured,29.8,2268.43264,87.8904,moderate,1.55,3516.070592,0.787235631247754,2.296624351140865,2767.976052004784,287.5373687628363,2758.2,286.4,obese
47,Female,58.5,1.79,195,131,71,1.42,837.0,Yoga,30.3,2.4,4,2,18.257857120564278,179.0,18.26,muscle_gain,measured,30.3,1250.7292000000002,40.7745,active,1.725,2157.5078700000004,1.1049747622394748,1.9348760202977695,2383.9917456830462,113.19024718741952,2374.1,111.3,underweight
54,Male,86.1,1.95,195,140,64,1.17,811.0,Yoga,27.9,3.4,2,1,22.642998027613412,195.0,22.64,fat_loss,measured,27.9,1710.8869600000003,62.078100000000006,light,1.35,2309.6973960000005,0.7952192374675214,2.016890967453546,1881.9756560000005,173.6543122977503,1882.0,174.6,normal
40,Female,63.5,1.61,163,159,59,1.31,1041.0,Cardio,33.4,1.6,3,2,24.497511670074456,161.0,24.5,muscle_gain,measured,33.4,1283.4856,42.291000000000004,moderate,1.55,1989.40268,1.1004981371139515,1.8508677197619006,2189.3339433095025,117.53010020488068,2160.3,116.8,normal
56,Male,69.3,1.68,195,138,58,0.66,451.0,Yoga,26.5,2.1,2,1,24.55357142857143,168.0,24.55,fat_loss,measured,26.5,1470.2068,50.9355,sedentary,1.2,1764.2481599999999,0.8224068885044882,2.222121646606223,1617.22748,153.99303010981123,1726.0,149.4,normal
32,Female,70.5,1.62,177,122,58,1.24,756.0,Strength,28.4,1.8,2,1,26.86328303612254,162.0,26.86,maintenance,measured,28.4,1460.3247999999999,50.477999999999994,light,1.35,1971.43848,0.9834223368582933,1.5375079559308706,1938.7566369739618,108.39431089312637,1931.9,106.5,overweight
46,Female,60.1,1.65,175,137,69,1.69,1042.0,Cardio,17.3,2.7,4,3,22.075298438934805,165.0,22.08,maintenance,measured,17.3,1443.57832,49.7027,active,1.75,2526.26206,0.9795654933757688,1.5701551794883426,2474.639141200386,94.3663262872494,2420.7,94.4,normal
53,Male,94.1,1.95,177,138,50,0.89,608.0,HIIT,28.6,3.5,3,1,24.746877054569364,195.0,24.75,fat_loss,measured,28.6,1821.24784,67.1874,light,1.35,2458.684584,0.8046007018734259,2.3544286630704594,2003.372624,221.5517371949302,2034.2,227.6,normal
30,Female,79.2,1.62,181,166,66,1.26,1046.0,Cardio,28.0,2.5,4,2,30.178326474622764,162.0,30.18,fat_loss,measured,28.0,1601.7184000000002,57.024,active,1.725,2762.9642400000007,0.8119616823808788,2.023328057105468,2243.421092668607,160.24758212275307,2259.7,164.0,obese
49,Male,115.3,1.91,161,125,61,1.38,854.0,HIIT,29.2,3.2,2,1,31.60549327046956,191.0,31.61,fat_loss,measured,29.2,2133.2598399999997,81.63239999999999,light,1.35,2879.900784,0.7820170384453482,2.081004506778314,2346.585824,239.9398196315396,2346.6,244.6,obese
24,Female,62.9,1.79,180,135,59,1.42,958.0,Cardio,27.3,2.3,4,2,19.631097656128087,179.0,19.63,muscle_gain,measured,27.3,1357.73128,45.7283,active,1.725,2342.086458,1.1063696628773874,2.0986003814794483,2591.2134049671545,132.00196399505728,2561.4,133.4,normal
39,Male,62.0,1.64,195,127,54,0.97,678.0,Cardio,27.5,3.2,3,1,23.051754907792983,164.0,23.05,fat_loss,measured,27.5,1340.92,44.949999999999996,light,1.35,1810.2420000000002,0.8279905774291038,2.2991814152419563,1498.8633188664157,142.54924774500128,1475.0,141.8,normal
45,Male,88.5,1.78,198,167,67,1.53,1265.0,HIIT,13.2,3.5,4,3,27.93207928291882,178.0,27.93,fat_loss,measured,13.2,2029.2688,76.818,active,1.75,3551.2204,0.8105023161574552,2.263693122416378,2878.2723593856044,200.33684133384943,3034.7,205.0,overweight
19,Female,73.9,1.77,198,137,64,1.28,877.0,Strength,32.5,2.6,3,2,23.58836860416866,177.0,23.59,fat_loss,measured,32.5,1447.4620000000002,49.88250000000001,moderate,1.55,2243.5661000000005,0.8266476226208828,2.2688558828982885,1854.638582757806,167.66844974618354,1883.9,164.8,normal
59,Male,50.3,1.95,188,167,55,1.07,885.0,Strength,24.4,3.4,3,1,13.228139381985535,195.0,13.23,muscle_gain,measured,24.4,1191.3788800000002,38.0268,moderate,1.5250000000000001,1816.8527920000004,1.1105441139622954,1.863372877393634,2017.6951740915629,93.72765573289979,1956.6,91.2,underweight
23,Male,83.1,1.8,185,162,56,0.7,624.0,Strength,29.3,3.1,3,1,25.648148148148145,180.0,25.65,fat_loss,measured,29.3,1639.03672,58.7517,light,1.35,2212.6995720000004,0.8200164519239114,2.381179963055849,1814.4500522049975,197.87605492994103,1814.4,196.4,overweight
45,Female,65.1,1.78,180,158,66,1.46,1038.0,Cardio,31.3,2.3,3,1,20.546648150486046,178.0,20.55,fat_loss,measured,31.3,1336.0319200000001,44.7237,moderate,1.5250000000000001,2037.4486780000004,0.787316160597359,2.284972598882665,1604.116270577125,148.75171618726148,1676.1,153.0,normal
45,Male,46.6,1.79,176,168,55,1.46,1214.0,Yoga,22.9,2.4,3,2,14.543865672107612,179.0,14.54,muscle_gain,measured,22.9,1146.0577600000001,35.9286,moderate,1.55,1776.3895280000004,1.1310443681766658,1.8174321930367243,2009.175371332406,84.69234019551135,2026.9,82.8,underweight
37,Male,103.5,1.89,175,168,57,0.54,499.0,Cardio,26.4,3.1,2,1,28.974552784076597,189.0,28.97,maintenance,measured,26.4,2015.4016000000001,76.176,sedentary,1.2,2418.48192,1.018257807525122,1.7929701654180727,2462.638097398348,185.57241212077054,2464.1,182.7,overweight
47,Female,61.9,1.54,190,131,61,1.95,1150.0,Yoga,16.4,2.7,4,3,26.100522853769608,154.0,26.1,maintenance,measured,16.4,1487.7654400000001,51.748400000000004,very_active,1.9,2826.754336,0.980081226598259,1.5789361602833378,2770.448856918827,97.73614832153861,2796.4,101.0,overweight
28,Female,52.0,1.61,168,164,70,1.32,1082.0,Yoga,27.9,2.0,3,2,20.060954438486167,161.0,20.06,muscle_gain,measured,27.9,1179.8272000000002,37.492000000000004,moderate,1.55,1828.7321600000002,1.1045599785949083,2.0368811470276804,2019.9443555054206,105.91781964543938,1956.8,107.0,normal
45,Male,113.4,1.71,190,129,63,0.83,530.0,Strength,24.0,2.3,2,1,38.78116343490305,171.0,38.78,fat_loss,measured,24.0,2231.5744000000004,86.18400000000001,light,1.35,3012.6254400000007,0.8123239519935072,2.13232751670686,2454.731840000001,241.80594039455795,2492.9,246.0,obese
42,Male,62.9,1.98,173,126,61,1.42,886.0,Yoga,28.5,3.4,4,2,16.044281195796348,198.0,16.04,muscle_gain,measured,28.5,1341.4276,44.9735,active,1.725,2313.96261,1.123952150247011,1.8430974984983446,2600.7832511006854,115.93083265554587,2503.5,115.3,underweight
56,Female,40.4,1.8,196,165,72,1.23,913.0,Cardio,30.0,2.1,4,2,12.469135802469134,180.0,12.47,muscle_gain,measured,30.0,980.848,28.279999999999998,moderate,1.55,1520.3144,1.1269021295984143,1.875174205165019,1713.2455350191353,75.75703788866677,1732.6,79.3,underweight
50,Female,67.1,1.75,161,120,59,0.67,362.0,Cardio,31.8,2.7,3,1,21.910204081632653,175.0,21.91,maintenance,measured,31.8,1358.4635199999998,45.76219999999999,light,1.35,1833.9257519999999,1.0116375007898668,1.6245610723486765,1855.268064387457,109.00804795459618,1934.8,110.1,normal
18,Male,70.0,1.61,173,168,71,1.3,1201.0,Strength,23.9,2.5,2,1,27.005130974885226,161.0,27.01,maintenance,measured,23.9,1520.632,53.27,light,1.35,2052.8532,1.0208267117400456,1.6719868520933159,2095.60738184103,117.03907964653212,2086.7,120.2,overweight
44,Female,69.5,1.75,192,155,69,1.02,711.0,HIIT,27.6,2.1,3,1,22.693877551020407,175.0,22.69,muscle_gain,measured,27.6,1456.8688,50.318,moderate,1.5250000000000001,2221.72492,1.131850612638431,2.109267680362604,2514.660711816069,146.59410378520099,2559.3,146.3,normal
30,Male,107.9,1.66,194,140,64,1.08,832.0,Cardio,29.5,2.8,3,2,39.156626506024104,166.0,39.16,fat_loss,measured,29.5,2013.1012000000003,76.0695,moderate,1.55,3120.3068600000006,0.8215505686992084,2.1714679900674874,2563.4898753490415,234.3013961282819,2513.6,229.8,obese
58,Male,109.0,1.91,198,156,56,1.49,1151.0,Yoga,26.0,2.2,3,2,29.878566925248762,191.0,29.88,maintenance,measured,26.0,2112.2560000000003,80.66,moderate,1.55,3273.996800000001,1.0284247691744837,1.7061354579437726,3367.059403317999,185.96876491587122,3406.3,184.7,overweight
20,Male,101.0,1.91,179,143,58,1.36,1070.0,Cardio,29.3,2.7,3,2,27.685644582111237,191.0,27.69,fat_loss,measured,29.3,1912.3912000000003,71.40700000000001,moderate,1.55,2964.2063600000006,0.8294475423379705,2.1566644892749363,2458.6536802845817,217.82311341676856,2384.9,216.9,overweight
56,Male,88.5,1.85,161,144,59,1.57,1119.0,Cardio,11.0,3.5,4,3,25.858290723155587,185.0,25.86,fat_loss,measured,11.0,2071.324,78.765,active,1.75,3624.817,0.799634650589553,2.0679962782089696,2898.5292752460714,183.0176706214938,2679.6,184.6,overweight
23,Male,80.9,1.8,178,126,59,1.55,1074.0,Cardio,10.7,3.5,4,3,24.969135802469136,180.0,24.97,muscle_gain,measured,10.7,1930.4639200000001,72.2437,active,1.75,3378.3118600000003,1.1120889366805873,1.9736269097786083,3756.9832441628173,159.66641700108943,3773.1,153.7,normal
25,Female,43.1,1.62,196,161,65,1.04,837.0,HIIT,33.6,1.8,4,2,16.422801402225268,162.0,16.42,muscle_gain,measured,33.6,988.15744,28.618399999999998,moderate,1.55,1531.644032,1.1431382458449646,2.136407044826791,1750.8808719993888,92.07914363203469,1783.8,89.2,underweight
44,Female,59.1,1.52,177,136,56,1.58,967.0,Yoga,18.4,2.7,5,3,25.57998614958449,152.0,25.58,muscle_gain,measured,18.4,1411.6729600000003,48.22560000000001,very_active,1.9,2682.1786240000006,1.116518413367635,1.9095837297176685,2994.701821637067,112.85639842631421,2964.0,116.6,overweight
26,Female,54.0,1.53,175,148,54,1.14,844.0,Strength,26.9,1.7,3,1,23.06805074971165,153.0,23.07,muscle_gain,measured,26.9,1222.6384000000003,39.474000000000004,moderate,1.5250000000000001,1864.5235600000005,1.1403121061074075,1.814102645033986,2126.138787590482,97.96154283183525,2080.9,97.0,normal
54,Female,72.3,1.78,163,149,72,1.27,852.0,Cardio,27.7,1.8,2,1,22.819088498926902,178.0,22.82,maintenance,measured,27.7,1499.0946400000003,52.27290000000001,light,1.35,2023.7777640000004,0.982099360372517,1.674628745769881,1987.550847560523,121.07565831916239,1980.4,119.0,normal
50,Male,51.1,1.98,171,126,52,0.92,574.0,Yoga,28.0,2.4,2,1,13.034384246505459,198.0,13.03,muscle_gain,measured,28.0,1164.7072,36.792,light,1.35,1572.3547200000003,1.1087446164592067,2.1939765864574423,1743.3398309642237,112.1122035679753,1767.6,107.5,underweight
59,Male,89.4,1.72,188,152,67,1.08,813.0,Yoga,24.5,3.2,3,1,30.219037317468906,172.0,30.22,fat_loss,measured,24.5,1827.9352000000001,67.497,moderate,1.5250000000000001,2787.6011800000006,0.8016930585341632,2.388941131890543,2234.8005159676427,213.57133719101455,2334.9,221.0,obese
41,Male,51.5,1.8,166,126,60,1.09,680.0,Strength,26.7,2.1,4,2,15.89506172839506,180.0,15.9,muscle_gain,measured,26.7,1185.3892,37.7495,moderate,1.55,1837.35326,1.1195894261696075,2.169390092650458,2057.081282034258,111.72358977149858,2113.5,113.1,underweight
32,Male,87.9,1.88,173,143,64,1.52,1195.0,Cardio,11.6,3.5,5,3,24.869850611136265,188.0,24.87,maintenance,measured,11.6,2048.3977600000003,77.70360000000001,very_active,1.9,3891.9557440000003,0.974894425122331,1.4084399782482304,3794.2459576484343,123.80187408801946,3866.6,123.4,normal
49,Female,42.0,1.52,171,130,70,1.1,644.0,HIIT,28.8,2.2,3,1,18.178670360110804,152.0,18.18,muscle_gain,measured,28.8,1015.9264000000001,29.904,moderate,1.5250000000000001,1549.2877600000002,1.1479282963296493,1.847971068823735,1778.4712588611787,77.61478489059687,1734.9,77.9,underweight
49,Male,79.2,1.72,194,128,69,1.46,925.0,Yoga,29.9,3.3,3,1,26.771227690643595,172.0,26.77,fat_loss,measured,29.9,1569.2147200000002,55.519200000000005,moderate,1.5250000000000001,2393.0524480000004,0.7962087807450973,2.284204203713424,1905.3693718811505,180.90897293410316,1870.0,191.6,overweight
41,Male,64.8,1.71,164,131,54,1.2,778.0,Strength,22.5,2.8,3,2,22.1606648199446,171.0,22.16,fat_loss,measured,22.5,1454.752,50.22,moderate,1.55,2254.8656,0.7857863495465711,2.382188179220453,1771.8426085421388,154.36579401348533,1638.4,155.4,normal
58,Female,63.0,1.78,176,154,73,1.58,1095.0,HIIT,17.5,2.7,4,3,19.883853048857468,178.0,19.88,muscle_gain,measured,17.5,1492.6599999999999,51.974999999999994,active,1.75,2612.1549999999997,1.112346710115828,1.9271053920227017,2905.6220205626105,121.40763969743021,2890.9,117.1,normal
29,Female,56.2,1.77,191,123,61,0.68,418.0,Yoga,33.4,2.6,3,1,17.938651090044367,177.0,17.94,muscle_gain,measured,33.4,1178.4707200000003,37.4292,light,1.35,1590.9354720000003,1.103655698353095,1.8912924798250905,1755.8449993848712,106.29063736617009,1766.6,105.4,underweight
56,Female,52.9,1.64,169,155,53,1.1,767.0,Cardio,27.4,2.3,3,2,19.668352171326593,164.0,19.67,muscle_gain,measured,27.4,1199.55664,38.4054,moderate,1.55,1859.3127920000002,1.128052168348994,1.9838442287038838,2097.4018266546223,104.94535969843545,2206.6,106.7,normal
19,Female,49.0,1.69,176,147,64,1.05,772.0,Yoga,29.2,2.4,3,1,17.15626203564301,169.0,17.16,muscle_gain,measured,29.2,1119.3472000000002,34.692,moderate,1.5250000000000001,1707.0044800000003,1.1396966262452193,2.1684176962022788,1945.4672468414751,106.25246711391166,1772.9,107.4,underweight
20,Male,128.2,1.84,164,132,58,0.83,603.0,HIIT,26.2,2.3,3,1,37.86625708884688,184.0,37.87,fat_loss,measured,26.2,2413.61056,94.6116,light,1.35,3258.3742560000005,0.8135033893005384,2.3513378240719205,2654.9716160000003,301.4415090460202,2655.0,285.9,obese
54,Male,83.6,1.86,168,142,56,1.54,1082.0,HIIT,12.4,3.5,5,3,24.16464331136547,186.0,24.16,muscle_gain,measured,12.4,1951.84576,73.2336,very_active,1.9,3708.5069439999997,1.119964263508682,1.9964354087338643,4153.3952482537925,166.90200017015104,3975.1,168.4,normal
34,Female,56.2,1.77,192,138,59,1.81,1249.0,Cardio,17.3,2.7,5,3,17.938651090044367,177.0,17.94,muscle_gain,measured,17.3,1373.9118400000002,46.4774,very_active,1.9,2610.4324960000004,1.1392376568511486,1.9279382203658326,2973.903000111136,108.3501279845598,2961.3,107.7,underweight
19,Male,87.8,1.78,195,161,72,1.28,1133.0,Cardio,23.6,3.3,2,1,27.71114758237596,178.0,27.71,fat_loss,measured,23.6,1818.91072,67.0792,light,1.35,2455.529472,0.8009995262557144,2.2239906200866093,2000.8017920000002,195.2663764436043,2000.8,192.5,overweight
19,Male,85.9,1.85,195,156,62,1.66,1424.0,Strength,12.9,3.5,4,3,25.098612125639153,185.0,25.1,muscle_gain,measured,12.9,1986.08824,74.8189,active,1.75,3475.65442,1.1003462423757162,1.9959787909072988,3824.423280843549,171.45457813893697,4085.2,170.5,overweight
45,Male,51.1,1.87,177,158,57,1.44,1126.0,Cardio,26.2,3.4,4,2,14.612942892276013,187.0,14.61,muscle_gain,measured,26.2,1184.5748800000001,37.711800000000004,active,1.725,2043.3916680000002,1.1203761947620317,2.092889615068756,2289.367381402281,106.94665933001343,2381.6,106.7,underweight
40,Female,57.4,1.71,168,143,61,1.87,1337.0,Strength,18.3,2.7,5,3,19.62997161519784,171.0,19.63,muscle_gain,measured,18.3,1382.9492799999998,46.895799999999994,very_active,1.9,2627.6036319999994,1.105791680432015,1.9667315872319242,2905.582235738545,112.89039310711244,2922.2,110.6,normal
54,Male,114.9,1.92,188,135,71,1.2,802.0,HIIT,20.7,2.6,4,2,31.168619791666668,192.0,31.17,fat_loss,measured,20.7,2338.0991200000003,91.1157,moderate,1.55,3624.0536360000006,0.7873761848291267,2.267252547833607,2853.493525529805,260.50731774608147,2862.8,255.6,obese
49,Female,62.1,1.66,173,152,73,1.37,937.0,HIIT,31.3,1.8,3,2,22.53592683988968,166.0,22.54,muscle_gain,measured,31.3,1291.5143200000002,42.6627,moderate,1.55,2001.8471960000004,1.1070906113998318,1.8288272616163417,2216.226236148679,113.57017294637483,2061.0,115.8,normal
50,Male,57.1,1.91,184,131,68,1.09,707.0,Yoga,29.5,2.7,4,2,15.651983224144075,191.0,15.65,maintenance,measured,29.5,1239.5188000000003,40.255500000000005,moderate,1.55,1921.2541400000005,0.9879548947681658,1.4314345985351136,1898.1124317066033,81.734915576355,1898.9,81.5,underweight
18,Male,68.1,1.8,174,153,50,1.1,926.0,Yoga,25.4,3.3,4,2,21.018518518518515,180.0,21.02,muscle_gain,measured,25.4,1467.33616,50.8026,moderate,1.55,2274.371048,1.1165077181243672,2.06823355476907,2539.3528289706055,140.84670507977364,2506.7,142.4,normal
36,Male,69.2,1.65,165,126,65,1.23,852.0,Strength,27.2,2.7,3,1,25.417814508723602,165.0,25.42,fat_loss,measured,27.2,1458.15616,50.3776,moderate,1.5250000000000001,2223.688144,0.8090316339690578,2.032516124403835,1799.0340525779416,140.6501158087454,1836.7,140.1,overweight
19,Female,65.2,1.52,188,130,71,1.23,800.0,Cardio,30.6,2.4,3,1,28.220221606648202,152.0,28.22,fat_loss,measured,30.6,1347.37408,45.248799999999996,moderate,1.5250000000000001,2054.745472,0.8267032669855361,2.1044671107855226,1698.6647945261375,137.2112556232161,1661.0,128.8,overweight
43,Male,108.6,1.73,174,150,66,1.33,988.0,Cardio,28.5,2.2,2,1,36.285876574559786,173.0,36.29,fat_loss,measured,28.5,2047.2184000000002,77.649,light,1.35,2763.7448400000003,0.8093853206602862,2.3661963215934265,2251.9402400000004,256.9689205250461,2251.9,263.3,obese
49,Female,40.0,1.65,188,148,74,1.03,686.0,Yoga,34.3,2.5,3,2,14.692378328741967,165.0,14.69,maintenance,measured,34.3,937.648,26.28,moderate,1.55,1453.3544000000002,1.0206105884320442,1.6981670070106505,1483.3088893843008,67.92668028042601,1533.4,67.5,underweight
23,Female,41.9,1.58,163,132,67,0.56,370.0,HIIT,26.8,1.8,3,1,16.784169203653256,158.0,16.78,muscle_gain,measured,26.8,1032.48928,30.6708,light,1.35,1393.8605280000002,1.1489283300918487,2.1029014342168697,1601.4458488159828,88.11157009368684,1568.5,87.4,underweight
49,Female,68.3,1.52,177,150,60,1.45,979.0,Strength,29.4,1.8,4,2,29.56198060941828,152.0,29.56,fat_loss,measured,29.4,1411.54768,48.21979999999999,active,1.725,2434.919748,0.8063420354941319,2.057339978864028,1963.3781458671785,140.5163205564131,1976.0,142.2,overweight
21,Male,88.4,1.6,198,121,67,1.71,1138.0,HIIT,12.0,3.5,4,3,34.53124999999999,160.0,34.53,maintenance,measured,12.0,2050.3072,77.792,active,1.75,3588.0376000000006,0.9761433041859224,1.6571607327312274,3502.4388784073276,146.49300877344052,3564.5,143.5,obese
28,Male,66.0,1.9,175,158,56,1.18,1025.0,HIIT,24.1,3.0,3,1,18.282548476454295,190.0,18.28,maintenance,measured,24.1,1452.0304,50.094,moderate,1.5250000000000001,2214.3463600000005,0.9729342037494729,1.6147236110445007,2154.4133125921444,106.57175832893705,2280.3,106.3,underweight
34,Male,71.9,1.64,170,134,67,1.26,929.0,Cardio,21.3,2.1,4,2,26.73259964306961,164.0,26.73,fat_loss,measured,21.3,1592.2424800000001,56.585300000000004,active,1.725,2746.6182780000004,0.8221502196322265,2.0398662001860743,2258.132820503588,146.66637979337875,2260.9,145.8,overweight
55,Male,75.6,1.71,173,130,57,1.03,663.0,Strength,28.1,2.0,4,2,25.854108956602033,171.0,25.85,maintenance,measured,28.1,1544.09824,54.356399999999994,moderate,1.55,2393.352272,1.0079859983045678,1.6875928678249927,2412.4655791864257,127.58202080756944,2432.7,129.1,overweight
41,Female,63.4,1.59,162,153,55,1.84,1267.0,HIIT,15.2,2.7,5,3,25.07812190973458,159.0,25.08,muscle_gain,measured,15.2,1531.28512,53.7632,very_active,1.9,2909.441728,1.124690813551982,2.161175643870949,3272.222384046404,137.01853582141817,3363.8,132.2,overweight
22,Female,71.6,1.77,197,158,56,1.49,1177.0,Yoga,30.3,1.8,3,1,22.854224520412394,177.0,22.85,maintenance,measured,30.3,1447.95232,49.9052,moderate,1.5250000000000001,2208.127288,1.013788567819091,1.481366505149767,2238.5742008637735,106.06584176872332,2320.0,104.1,normal
51,Female,57.4,1.77,177,123,72,1.08,598.0,Yoga,31.6,2.1,4,2,18.3216827859172,177.0,18.32,maintenance,measured,31.6,1218.05056,39.261599999999994,moderate,1.55,1887.9783679999998,0.9701890091659203,1.6036944195533744,1831.6958621766112,92.05205968236369,1781.3,94.6,underweight
23,Male,83.8,1.99,179,130,71,1.79,1280.0,Cardio,11.0,3.5,4,3,21.161081790863864,199.0,21.16,fat_loss,measured,11.0,1980.9712,74.582,very_active,1.9,3763.8452799999995,0.8227100301358287,2.3795962385029528,3096.5532637353963,199.41016478654743,3110.8,216.0,normal
39,Female,55.9,1.71,184,148,59,1.95,1443.0,Yoga,19.5,2.7,5,3,19.116993262884307,171.0,19.12,muscle_gain,measured,19.5,1341.9892,44.9995,very_active,1.9,2549.7794799999997,1.1360411494201912,1.8674090864891482,2896.654411227217,104.38816793474338,3020.0,100.2,normal
28,Male,87.0,1.76,197,121,60,1.2,799.0,Yoga,28.4,3.5,3,2,28.08626033057851,176.0,28.09,fat_loss,measured,28.4,1715.5072,62.291999999999994,moderate,1.55,2659.03616,0.8069919059155596,2.25659456389297,2145.820658656791,196.32372705868838,2050.6,184.3,overweight
33,Female,65.3,1.71,172,135,74,1.18,796.0,HIIT,29.7,2.5,4,2,22.33165760404911,171.0,22.33,muscle_gain,measured,29.7,1361.5674400000003,45.9059,moderate,1.55,2110.4295320000006,1.1340780496300065,2.175073135960835,2393.391807532128,142.0322757782425,2436.8,149.1,normal
50,Male,45.4,1.67,163,158,62,1.37,1071.0,Yoga,24.1,2.8,4,2,16.278819606296388,167.0,16.28,maintenance,measured,24.1,1114.30576,34.4586,active,1.725,1922.177436,1.0056121897501926,1.5666659857909635,1932.9650605043707,71.12663575490974,1737.4,70.4,underweight
26,Male,87.1,1.87,173,132,58,1.71,1241.0,Yoga,11.2,3.5,4,3,24.90777545826303,187.0,24.91,muscle_gain,measured,11.2,2040.64768,77.34479999999999,active,1.75,3571.13344,1.122292113708774,2.199037598292925,4007.8548967136853,191.53617481131377,4000.6,189.9,normal
23,Female,78.6,1.73,192,156,56,1.47,1147.0,HIIT,32.3,1.5,4,2,26.26215376390791,173.0,26.26,maintenance,measured,32.3,1519.38352,53.2122,active,1.725,2620.936572,0.9999282871056814,1.7694280334448664,2620.7486170525963,139.0770434287665,2578.9,140.5,overweight
33,Female,78.0,1.71,187,136,58,1.08,734.0,Cardio,26.3,2.1,3,1,26.674874320303687,171.0,26.67,maintenance,measured,26.3,1611.6976,57.486,moderate,1.5250000000000001,2457.8388400000003,0.9703858901255311,1.6140733267514935,2385.052130538503,125.8977194866165,2422.6,128.8,overweight
46,Female,58.0,1.53,196,140,62,1.83,1153.0,Cardio,18.4,2.7,4,3,24.77679524969029,153.0,24.78,maintenance,measured,18.4,1392.2848000000001,47.328,very_active,1.9,2645.34112,1.0093152372142131,1.4427805730027832,2669.9831000453123,83.68127323416142,2690.5,81.7,normal
20,Female,71.3,1.69,167,163,52,1.28,1043.0,Strength,33.4,2.3,3,2,24.96411190084381,169.0,24.96,maintenance,measured,33.4,1395.69328,47.4858,moderate,1.55,2163.324584,1.02898627407456,1.4592070624335707,2226.031303304057,104.04146355151359,2220.6,100.1,normal
37,Male,49.1,1.74,193,138,52,1.11,842.0,Yoga,22.3,2.6,3,2,16.217465979653852,174.0,16.22,muscle_gain,measured,22.3,1194.05512,38.1507,moderate,1.55,1850.7854360000001,1.1217593471550822,2.139896260655593,2076.135862411494,105.06890639818961,2134.1,101.2,underweight
53,Female,78.3,1.65,164,126,50,1.24,703.0,HIIT,33.7,1.6,3,1,28.7603305785124,165.0,28.76,fat_loss,measured,33.7,1491.3186400000002,51.9129,moderate,1.5250000000000001,2274.2609260000004,0.7863416305842118,2.140439895114351,1788.3460449247998,167.59644378745367,1756.1,164.2,overweight
36,Female,57.3,1.64,164,157,70,1.13,887.0,Strength,25.3,1.8,4,2,21.30428316478287,164.0,21.3,maintenance,measured,25.3,1294.5469600000001,42.8031,moderate,1.55,2006.5477880000003,1.0082170942529411,1.4304301777907362,2023.0357802970268,81.96364918740917,1958.4,80.0,normal
43,Female,48.4,1.61,190,127,69,1.28,732.0,Cardio,34.1,2.4,2,1,18.672119131206355,161.0,18.67,fat_loss,measured,34.1,1058.94496,31.8956,light,1.35,1429.575696,0.8021444398939104,2.3187274016441037,1200.0,112.22640623957462,1200.0,110.9,normal
20,Male,76.4,1.62,168,132,51,1.35,980.0,Cardio,21.2,2.6,4,2,29.11141594269166,162.0,29.11,maintenance,measured,21.2,1670.3891200000003,60.20320000000001,active,1.725,2881.4212320000006,0.979910107295844,1.4150093096086158,2823.5337886136435,108.10671125409826,2832.1,107.4,overweight
36,Male,110.2,1.77,191,156,74,1.19,1021.0,HIIT,26.5,3.4,2,1,35.175077404321875,177.0,35.18,fat_loss,measured,26.5,2119.5352000000003,80.997,light,1.35,2861.3725200000003,0.8034995822871375,2.0459306929924903,2331.4887200000003,225.46156236777244,2483.6,227.7,obese
37,Female,72.9,1.76,192,121,52,1.21,732.0,Strength,27.5,1.9,3,2,23.53434917355372,176.0,23.53,maintenance,measured,27.5,1511.614,52.8525,moderate,1.55,2343.0017000000003,0.9787364968848593,1.627544870338563,2293.1812760532703,118.64802104768125,2339.0,119.0,normal
49,Male,82.1,1.86,162,160,64,1.87,1481.0,Strength,14.2,3.5,4,3,23.731067175395996,186.0,23.73,muscle_gain,measured,14.2,1891.5428800000002,70.4418,very_active,1.9,3593.931472,1.1409688469938886,2.0266976959488807,4100.563847782889,166.3918808374031,4120.7,161.5,normal
24,Female,58.9,1.76,189,130,73,0.63,410.0,HIIT,30.1,1.7,3,1,19.014721074380166,176.0,19.01,muscle_gain,measured,30.1,1259.29576,41.1711,light,1.35,1700.049276,1.1241729462639385,2.098727791299545,1911.1494033947954,123.61506690754318,1793.5,124.8,normal
58,Male,82.2,1.87,171,143,55,1.57,1111.0,HIIT,10.7,3.5,4,3,23.506534359003687,187.0,23.51,muscle_gain,measured,10.7,1955.5393600000002,73.4046,active,1.75,3422.1938800000003,1.1376373605495058,2.08174488131757,3893.2156129318723,171.11942924430426,4017.7,165.8,normal
50,Male,96.7,1.72,188,125,62,1.46,903.0,Strength,25.7,2.7,3,2,32.68658734451055,172.0,32.69,fat_loss,measured,25.7,1921.9189600000002,71.8481,moderate,1.55,2978.9743880000005,0.7859576076210257,2.147846596282521,2341.34758315679,207.6967658605198,2442.5,212.0,obese
57,Male,81.4,1.86,162,145,70,1.8,1292.0,Cardio,12.0,3.5,5,3,23.52873164527691,186.0,23.53,muscle_gain,measured,12.0,1917.2512000000002,71.632,very_active,1.9,3642.7772800000002,1.1042052653269938,1.8591385819473008,4022.373852989545,151.3338805705103,3953.7,156.4,normal
56,Male,107.8,1.73,185,126,50,1.09,680.0,Yoga,26.6,2.8,3,2,36.01857729960907,173.0,36.02,fat_loss,measured,26.6,2079.10432,79.12519999999999,moderate,1.55,3222.611696,0.8224737937424905,2.3094935849198803,2650.5136673680413,248.9634084543631,2559.9,264.2,obese
35,Female,65.8,1.62,189,158,69,1.0,790.0,Cardio,33.8,1.5,4,2,25.072397500381033,162.0,25.07,fat_loss,measured,33.8,1310.8873600000002,43.5596,moderate,1.55,2031.8754080000003,0.8017500128824268,2.3719315328920523,1629.0561345394865,156.07309486429702,1553.7,159.9,overweight
57,Female,68.5,1.56,168,138,68,1.45,900.0,HIIT,29.1,1.6,4,2,28.147600262984877,156.0,28.15,maintenance,measured,29.1,1419.0364,48.5665,active,1.725,2447.83779,1.0165294370329574,1.7726071786255484,2488.2991706166986,121.42359173585007,2369.6,125.9,overweight
18,Female,63.9,1.59,185,125,50,1.87,1169.0,Strength,16.4,2.7,4,3,25.27589889640441,159.0,25.28,maintenance,measured,16.4,1523.88064,53.4204,very_active,1.9,2895.373216,0.9759314077197351,1.4204658263812404,2825.6856585648966,90.76776630576126,2849.3,92.8,overweight
28,Male,76.3,1.62,161,162,70,1.16,1034.0,Strength,20.1,2.3,3,2,29.073311995122687,162.0,29.07,fat_loss,measured,20.1,1686.81592,60.963699999999996,moderate,1.55,2614.564676,0.791839287382383,2.287339358045296,2070.315029858991,174.52399301885606,2128.3,178.5,overweight
45,Female,44.5,1.65,162,148,71,1.44,959.0,Yoga,30.7,1.6,3,1,16.345270890725438,165.0,16.35,muscle_gain,measured,30.7,1036.1116000000002,30.838500000000003,moderate,1.5250000000000001,1580.0701900000004,1.1455237544878514,1.9469433461850663,1810.007936403133,86.63897890523545,1828.3,88.3,underweight
42,Female,50.7,1.75,163,162,51,1.29,940.0,Strength,29.0,1.9,3,2,16.555102040816326,175.0,16.56,muscle_gain,measured,29.0,1147.5352,35.997,moderate,1.55,1778.67956,1.1058136772756015,2.0605537664756985,1966.8881849385489,104.47007596031793,2059.6,102.6,underweight
40,Female,55.1,1.61,184,158,64,1.55,1224.0,Yoga,16.9,2.7,4,3,21.25689595308823,161.0,21.26,muscle_gain,measured,16.9,1359.02296,45.7881,active,1.75,2378.29018,1.1268820279325038,2.1714774066962956,2680.0524610503594,119.64840510896589,2677.4,117.7,normal
48,Male,73.7,1.61,172,121,63,1.36,815.0,Cardio,21.8,3.6,4,2,28.43254504070059,161.0,28.43,maintenance,measured,21.8,1614.88144,57.6334,active,1.725,2785.670484,0.9866603331770241,1.6090944439575425,2748.510567864842,118.59026051967089,2720.1,114.2,overweight
47,Male,55.6,1.77,198,138,68,1.2,820.0,Cardio,24.3,2.9,4,2,17.74713524210795,177.0,17.75,muscle_gain,measured,24.3,1279.12672,42.0892,moderate,1.55,1982.646416,1.1150470109113744,2.160177313815598,2210.7439598549495,120.10585864814725,2187.6,118.2,underweight
59,Male,86.9,1.76,194,123,60,1.13,688.0,Strength,29.8,3.1,3,2,28.053977272727277,176.0,28.05,fat_loss,measured,29.8,1687.68208,61.0038,moderate,1.55,2615.907224,0.7824885165196233,2.288681271566113,2046.9173630607258,198.88640249909525,2040.5,202.1,overweight
52,Female,60.3,1.68,182,125,64,1.6,900.0,Strength,16.5,2.7,4,3,21.36479591836735,168.0,21.36,muscle_gain,measured,16.5,1457.5708,50.3505,active,1.75,2550.7489,1.13400987445952,2.081624628230454,2892.5744398667584,125.52196508229638,3083.7,133.3,normal
24,Female,40.4,1.64,168,168,55,0.99,832.0,HIIT,31.0,1.9,2,1,15.020820939916717,164.0,15.02,fat_loss,measured,31.0,972.1216,27.875999999999998,light,1.35,1312.36416,0.7824095730621866,2.2624761470025656,1200.0,91.40403633890365,1221.6,93.2,underweight
33,Female,78.5,1.66,161,156,69,1.29,1006.0,HIIT,32.8,1.9,4,2,28.487443750907246,166.0,28.49,fat_loss,measured,32.8,1509.4432000000002,52.752,active,1.725,2603.7895200000003,0.7967916310952269,2.3663988504518767,2074.677698669458,185.76230976047233,2124.1,188.2,overweight
43,Male,102.6,1.72,190,147,58,0.82,597.0,Strength,27.5,2.0,2,1,34.680908599242834,172.0,34.68,fat_loss,measured,27.5,1976.716,74.38499999999999,light,1.35,2668.5666,0.8067445186674213,2.0023104226686645,2174.3876,205.43704936580497,2276.1,206.4,obese
19,Male,110.8,1.91,161,149,54,1.31,1074.0,Strength,23.3,2.9,2,1,30.3719744524547,191.0,30.37,fat_loss,measured,23.3,2205.6457600000003,84.9836,light,1.35,2977.621776000001,0.8286274584145851,2.1883802629941824,2467.3391643668037,242.4725331397554,2426.2,250.4,obese
18,Female,60.9,1.79,191,126,69,1.11,699.0,Cardio,31.1,2.1,2,1,19.00689741268999,179.0,19.01,maintenance,measured,31.1,1276.3381600000002,41.960100000000004,light,1.35,1723.0565160000003,1.0211370555071622,1.6703228537047865,1759.4768572206697,101.7226617906215,1881.7,101.7,normal
29,Male,55.7,1.61,177,128,51,1.41,993.0,Strength,28.7,2.3,3,1,21.48836850430153,161.0,21.49,fat_loss,measured,28.7,1227.8245600000002,39.71410000000001,moderate,1.5250000000000001,1872.4324540000005,0.8043360141236271,2.0721238083442883,1506.0648567660821,115.41729612477687,1462.8,114.3,normal
22,Male,110.5,1.92,172,144,55,1.16,919.0,HIIT,20.2,3.3,3,2,29.97504340277778,192.0,29.98,fat_loss,measured,20.2,2274.6664,88.179,moderate,1.55,3525.7329200000004,0.820696158875155,2.0245223159411845,2893.5554646636847,223.7097159115009,2961.1,222.4,overweight
54,Male,55.2,1.71,164,152,67,0.77,579.0,Cardio,24.4,2.8,2,1,18.877603365137993,171.0,18.88,muscle_gain,measured,24.4,1271.39392,41.7312,light,1.35,1716.3817920000001,1.117403730015448,2.126163581327812,1917.891416511399,117.36422968929524,2003.5,114.5,normal
49,Male,46.5,1.72,169,120,72,1.4,832.0,Yoga,22.2,2.6,4,2,15.717955651703626,172.0,15.72,muscle_gain,measured,22.2,1151.4232000000002,36.177,active,1.725,1986.2050200000003,1.1016676327082031,2.163107907250249,2188.1377824565498,100.58451768713657,2201.9,100.3,underweight
26,Female,70.9,1.66,184,125,68,0.81,506.0,HIIT,28.9,1.7,3,1,25.729423718972278,166.0,25.73,maintenance,measured,28.9,1458.8538400000002,50.40990000000001,light,1.35,1969.4526840000003,0.9824177835243778,1.4801288054123827,1934.8253405714172,104.94113230373794,1968.3,106.2,overweight
58,Male,74.6,1.75,193,137,58,1.09,739.0,HIIT,24.2,2.9,2,1,24.359183673469385,175.0,24.36,fat_loss,measured,24.2,1591.4108800000001,56.5468,light,1.35,2148.4046880000005,0.7828292864330525,2.3236396415669853,1750.5519680000002,173.3435172608971,1750.6,175.0,normal
52,Male,45.1,1.72,196,129,70,0.93,594.0,Cardio,27.5,3.3,2,1,15.24472687939427,172.0,15.24,muscle_gain,measured,27.5,1076.266,32.6975,light,1.35,1452.9591000000003,1.116097081639758,2.1394280378965345,1621.6434112519296,96.48820450913371,1598.9,96.8,underweight
36,Male,99.9,1.99,189,147,73,1.33,1075.0,Yoga,20.9,2.5,3,1,25.226635691017904,199.0,25.23,maintenance,measured,20.9,2076.8514400000004,79.02090000000001,moderate,1.5250000000000001,3167.198446000001,1.0019315050722393,1.5885650996141072,3173.315905863238,158.69765345144933,3194.6,156.9,overweight
33,Male,117.0,1.61,166,130,55,1.04,744.0,HIIT,25.1,2.4,3,2,45.137147486593875,161.0,45.14,fat_loss,measured,25.1,2262.8728,87.633,moderate,1.55,3507.4528400000004,0.7972221919064099,2.2245962251119225,2796.2192411131628,260.27775833809494,2771.3,260.0,obese
20,Female,75.9,1.73,165,152,63,1.39,1056.0,Strength,30.6,2.1,4,2,25.360018710949248,173.0,25.36,maintenance,measured,30.6,1507.77136,52.6746,active,1.725,2600.905596,1.0016342370584255,1.4297680677142168,2605.1560923104494,108.51939633950907,2598.0,109.7,overweight
37,Female,71.2,1.64,162,120,73,1.11,666.0,HIIT,29.9,1.7,3,2,26.472337894110655,164.0,26.47,fat_loss,measured,29.9,1448.0819200000003,49.91120000000001,moderate,1.55,2244.5269760000006,0.8053648061234785,2.1039547334917805,1807.663032865158,149.80157702461477,1823.6,148.2,overweight
41,Male,78.8,1.72,172,132,62,1.01,660.0,Cardio,27.3,3.1,4,2,26.636019469983776,172.0,26.64,fat_loss,measured,27.3,1607.41216,57.2876,moderate,1.55,2491.4888480000004,0.7930604610009441,2.3958456143526106,1975.9012943735913,188.7926344109857,2014.8,184.5,overweight
50,Male,50.6,1.69,162,156,60,1.31,1012.0,Cardio,23.8,3.0,2,1,17.716466510276252,169.0,17.72,muscle_gain,measured,23.8,1202.83552,38.5572,light,1.35,1623.8279520000003,1.1426188009232348,1.924338738883672,1855.4163474198724,97.3715401875138,1864.7,98.0,underweight
41,Male,82.5,1.79,185,139,61,1.69,1163.0,Cardio,14.7,3.5,4,3,25.748260041821418,179.0,25.75,muscle_gain,measured,14.7,1890.046,70.3725,active,1.75,3307.5805,1.120454446978349,1.860020291026051,3705.9932799638714,153.45167400964922,3580.6,157.6,overweight
28,Male,108.5,1.79,183,120,68,1.33,878.0,HIIT,24.8,2.1,4,2,33.86286320651665,179.0,33.86,fat_loss,measured,24.8,2132.3872,81.592,active,1.725,3678.3679200000006,0.7901847039795165,2.069501990687985,2906.5900659929503,224.54096598964634,2896.1,225.9,obese
25,Male,49.9,1.98,165,122,68,1.15,772.0,Yoga,25.7,2.1,3,2,12.728293031323334,198.0,12.73,maintenance,measured,25.7,1170.83512,37.0757,moderate,1.55,1814.794436,1.003413388659088,1.4271311116913468,1820.9890347464182,71.2138424733982,1783.0,73.6,underweight
53,Male,125.1,1.91,171,137,70,0.52,353.0,Strength,28.3,3.1,2,1,34.29182314081302,191.0,34.29,fat_loss,measured,28.3,2307.44872,89.69669999999999,sedentary,1.2,2768.938464,0.8094203352681897,2.2855902369203123,2538.193592,285.92733863873104,2560.8,285.4,obese
55,Female,79.7,1.66,195,160,68,1.06,763.0,Cardio,27.8,1.9,2,1,28.922920598054873,166.0,28.92,fat_loss,measured,27.8,1612.9374400000002,57.5434,light,1.35,2177.465544,0.8100248751000363,2.023141599037251,1774.2311840000002,161.24438544326892,1811.2,165.8,overweight
57,Male,126.8,1.63,161,133,73,0.96,632.0,Yoga,20.8,2.1,2,1,47.72479205088637,163.0,47.72,fat_loss,measured,20.8,2539.1929600000003,100.4256,light,1.35,3427.9104960000004,0.8160479538514452,2.2145464775855825,2797.339346246693,280.80449335785187,2838.4,293.0,obese
37,Female,54.6,1.57,170,150,62,1.31,982.0,Strength,32.1,2.4,3,1,22.151000040569595,157.0,22.15,maintenance,measured,32.1,1170.78544,37.07340000000001,moderate,1.5250000000000001,1785.4477960000004,0.9951028148435311,1.629594851854017,1776.7041275557792,88.97587891122933,1785.5,88.2,normal
52,Female,47.8,1.54,198,146,63,1.34,880.0,Cardio,29.8,1.9,3,2,20.155169505818854,154.0,20.16,maintenance,measured,29.8,1094.80096,33.5556,moderate,1.55,1696.9414880000002,0.9807255983940528,1.6545739983375136,1664.2339562584946,79.08863712053315,1685.7,78.3,normal
42,Male,97.9,1.91,193,136,73,1.01,680.0,Strength,29.0,2.8,3,2,26.835887174145448,191.0,26.84,maintenance,measured,29.0,1871.3944000000001,69.509,moderate,1.55,2900.66132,1.0259360777834523,1.7138140952133813,2975.8930976189718,167.78239992139004,2918.6,168.5,overweight
52,Female,63.1,1.54,185,165,67,1.36,1010.0,Strength,34.8,1.8,3,2,26.60651037274414,154.0,26.61,fat_loss,measured,34.8,1258.6499200000003,41.141200000000005,moderate,1.55,1950.9073760000006,0.8124096487582896,2.0862133843846333,1584.9359760961167,131.64006455467037,1661.0,126.8,overweight
42,Female,72.4,1.69,177,148,61,1.07,713.0,Yoga,29.0,2.3,3,2,25.349252477154167,169.0,25.35,fat_loss,measured,29.0,1480.3264000000001,51.404,moderate,1.55,2294.5059200000005,0.786563658951129,2.1303604494196047,1804.774971920227,154.2380965379794,1867.3,148.1,overweight
46,Female,58.9,1.7,180,155,53,1.52,1060.0,Strength,17.1,2.7,4,3,20.380622837370243,170.0,20.38,muscle_gain,measured,17.1,1424.68696,48.8281,active,1.75,2493.20218,1.1101841595817996,2.0734947557666867,2767.913566870811,122.12884111465785,2707.0,125.6,normal
35,Female,50.4,1.6,195,156,59,1.03,803.0,Cardio,29.1,1.9,4,2,19.687499999999996,160.0,19.69,maintenance,measured,29.1,1141.84576,35.733599999999996,moderate,1.55,1769.8609279999998,0.9943829336548409,1.6380758010715797,1759.919501745719,82.55902037400762,1752.3,82.5,normal
35,Female,64.2,1.59,199,145,66,1.63,1182.0,Yoga,16.6,2.7,5,3,25.394565088406313,159.0,25.39,fat_loss,measured,16.6,1526.52448,53.5428,very_active,1.9,2900.396512,0.8102280594818316,2.1239334412260664,2349.9826376456326,136.35652692671346,2381.8,140.7,overweight
19,Female,58.8,1.77,181,136,53,1.4,952.0,HIIT,32.8,2.7,2,1,18.768553097768837,177.0,18.77,fat_loss,measured,32.8,1223.4937600000003,39.513600000000004,light,1.35,1651.7165760000005,0.8293793801671474,2.0443105200352365,1369.8996700146834,120.2054585780719,1387.7,117.3,normal
52,Male,105.2,1.62,189,141,61,1.36,949.0,HIIT,27.6,3.2,3,1,40.085352842554485,162.0,40.09,fat_loss,measured,27.6,2015.1596800000002,76.1648,moderate,1.5250000000000001,3073.1185120000005,0.7919726766242854,2.3952850458283743,2433.8258935322815,251.98398682114498,2434.9,242.7,obese
33,Female,45.9,1.5,189,144,62,0.92,662.0,Yoga,29.8,1.7,3,1,20.4,150.0,20.4,fat_loss,measured,29.8,1065.9908799999998,32.221799999999995,light,1.35,1439.0876879999998,0.8154709415427246,2.059624226542171,1200.0,94.53675199828565,1200.0,96.7,normal
58,Female,65.2,1.63,167,121,53,1.12,610.0,HIIT,25.4,2.0,3,2,24.5398773006135,163.0,24.54,muscle_gain,measured,25.4,1420.6067200000002,48.6392,moderate,1.55,2201.9404160000004,1.146486635572642,1.8798171517971491,2524.495259271264,122.56407829717413,2603.1,125.2,normal
53,Female,56.3,1.79,193,141,59,1.52,964.0,Strength,16.5,2.7,5,3,17.571236852782373,179.0,17.57,muscle_gain,measured,16.5,1385.4268,47.01049999999999,very_active,1.9,2632.31092,1.119255351652823,2.0381463004134437,2946.228084424166,114.74763671327688,2989.7,112.0,underweight
50,Male,90.0,1.7,168,124,74,0.81,497.0,Cardio,22.9,2.7,2,1,31.14186851211073,170.0,31.14,fat_loss,measured,22.9,1868.824,69.39,light,1.35,2522.9124,0.8153325464779578,2.161588374189283,2057.012591632816,194.54295367703548,2055.7,196.9,obese
21,Female,60.0,1.7,179,123,52,1.97,1212.0,Strength,19.1,2.7,5,3,20.761245674740486,170.0,20.76,muscle_gain,measured,19.1,1418.464,48.54,very_active,1.9,2695.0816,1.1079381797075365,2.064973219703606,2985.983802067275,123.89839318221637,2952.3,126.6,normal
50,Male,51.5,1.71,199,155,64,1.48,1136.0,Yoga,20.9,2.9,2,1,17.612256762764613,171.0,17.61,muscle_gain,measured,20.9,1249.9084,40.7365,light,1.35,1687.3763400000003,1.1209530790209603,2.188140086815538,1891.4697037901192,112.68921447100021,1834.8,114.9,underweight
31,Female,63.1,1.64,184,125,51,1.54,962.0,Cardio,19.0,2.7,4,3,23.460737656157054,164.0,23.46,muscle_gain,measured,19.0,1473.9976000000001,51.111000000000004,active,1.75,2579.4958,1.1147748672418114,1.8392125071286465,2875.5570879958104,116.0543091998176,2736.3,115.8,normal
38,Male,91.5,1.77,178,140,74,0.8,616.0,Yoga,26.7,3.4,2,1,29.20616681030355,177.0,29.21,fat_loss,measured,26.7,1818.7012000000002,67.0695,light,1.35,2455.2466200000003,0.7988556979678002,2.23125259892536,2000.5713200000005,204.15961280167045,2005.5,203.0,overweight
37,Male,48.7,1.67,164,132,74,1.39,1009.0,Yoga,27.3,3.0,2,1,17.462081824375204,167.0,17.46,fat_loss,measured,27.3,1134.74584,35.4049,light,1.35,1531.9068840000002,0.7943426533717723,2.284758978945448,1248.220424,111.26776227464332,1306.8,108.0,underweight
25,Female,57.8,1.56,170,156,66,1.35,1053.0,Yoga,29.3,1.6,3,2,23.7508218277449,156.0,23.75,fat_loss,measured,29.3,1252.6753600000002,40.8646,moderate,1.55,1941.6468080000004,0.8189978905764508,2.2771841840544145,1590.2046399964993,131.62124583834515,1636.4,133.2,normal
24,Female,42.0,1.75,174,144,55,0.83,598.0,Strength,31.8,2.3,3,1,13.714285714285714,175.0,13.71,muscle_gain,measured,31.8,988.7104,28.644,light,1.35,1334.7590400000001,1.1281844853133176,1.9317015685270857,1505.854440559698,81.1314658781376,1516.3,82.1,underweight
20,Male,128.4,1.92,167,145,57,0.63,502.0,Cardio,26.1,2.0,2,1,34.83072916666667,192.0,34.83,fat_loss,measured,26.1,2419.57216,94.8876,sedentary,1.2,2903.486592,0.8198634927770069,2.0249400648503544,2661.5293760000004,260.0023043267855,2738.8,255.0,obese
34,Female,74.2,1.57,178,158,52,1.47,1161.0,Cardio,32.7,2.4,3,1,30.102641080774067,157.0,30.1,fat_loss,measured,32.7,1448.6305600000003,49.936600000000006,moderate,1.5250000000000001,2209.161604000001,0.7984417595631755,2.0662634393112262,1763.8868782571678,153.316747196893,1764.5,154.5,obese
50,Male,89.6,1.68,182,139,74,1.79,1232.0,Cardio,12.2,3.5,5,3,31.74603174603175,168.0,31.75,fat_loss,measured,12.2,2069.24608,78.66879999999999,very_active,1.9,3931.5675519999995,0.7965546627260401,2.289257903729489,3131.708465368003,205.11750817416223,2994.3,200.8,obese
29,Male,125.9,2.0,186,152,67,1.36,1137.0,Strength,24.7,3.1,4,2,31.475,200.0,31.48,fat_loss,measured,24.7,2417.7383200000004,94.8027,active,1.725,4170.598602000001,0.7962451251833776,2.269375622276135,3320.8188059391105,285.71439084456546,3121.9,283.1,obese
39,Male,105.5,1.99,199,133,71,0.81,593.0,HIIT,26.4,2.5,2,1,26.640741395419305,199.0,26.64,fat_loss,measured,26.4,2047.1968,77.648,light,1.35,2763.7156800000002,0.7922100068094412,2.3288510107410874,2251.9164800000003,245.69378163318473,2324.5,256.4,overweight
39,Male,93.4,1.7,191,155,50,1.1,938.0,Strength,21.1,2.5,4,2,32.31833910034602,170.0,32.32,fat_loss,measured,21.1,1961.76016,73.6926,moderate,1.55,3040.7282480000003,0.8152762303095475,2.0684187759970896,2479.0334634251954,193.19031367812818,2399.3,189.6,obese
47,Male,82.1,1.84,185,136,65,1.37,922.0,Strength,24.4,3.4,4,2,24.249763705103966,184.0,24.25,fat_loss,measured,24.4,1710.6601600000001,62.0676,active,1.725,2950.8887760000002,0.8242696377976678,2.2350766079109934,2432.3280225747235,183.49978950949256,2490.5,182.6,normal
55,Female,42.9,1.69,186,140,56,0.9,567.0,Yoga,34.7,2.4,2,1,15.02048247610378,169.0,15.02,muscle_gain,measured,34.7,975.0959200000001,28.0137,light,1.35,1316.3794920000003,1.1090187225494548,2.1120435806604227,1459.8895026081404,90.60666961033213,1455.7,91.7,underweight
55,Male,128.4,1.68,178,165,52,1.13,923.0,Cardio,20.4,2.6,4,2,45.49319727891157,168.0,45.49,fat_loss,measured,20.4,2577.6582400000007,102.20640000000002,moderate,1.55,3995.370272000001,0.7818422840230409,2.2457238622640157,3123.749418978239,288.3509439146996,3165.9,282.7,obese
25,Male,112.4,1.96,188,135,72,1.42,1054.0,Cardio,23.2,2.5,2,1,29.25864223240317,196.0,29.26,maintenance,measured,23.2,2234.58112,86.3232,light,1.35,3016.684512,0.9734595464427788,1.68227300107776,2936.620336812475,189.08748532114024,2931.2,193.0,overweight
44,Female,77.7,1.79,198,165,53,1.41,1047.0,HIIT,28.1,2.2,3,1,24.25017945756999,179.0,24.25,fat_loss,measured,28.1,1576.7120800000002,55.8663,moderate,1.5250000000000001,2404.4859220000008,0.7821393749382201,2.0065921299917893,1880.6431160808304,155.91220850036203,1970.8,150.1,normal
44,Male,89.3,1.99,192,135,58,1.4,936.0,HIIT,26.3,2.0,4,2,22.549935607686674,199.0,22.55,muscle_gain,measured,26.3,1791.58456,65.8141,active,1.725,3090.4833660000004,1.124460704935121,1.8698754919685152,3475.1271043226257,166.9798814327884,3492.2,165.5,normal
51,Female,70.3,1.55,178,139,54,1.4,876.0,Yoga,26.1,1.6,3,1,29.26118626430801,155.0,29.26,muscle_gain,measured,26.1,1492.15672,51.951699999999995,moderate,1.5250000000000001,2275.538998,1.1383937686628096,2.1405753972896906,2590.459415672414,150.48245042946525,2568.9,153.0,overweight
38,Female,59.1,1.72,196,148,68,1.07,792.0,Cardio,31.3,1.7,3,2,19.977014602487834,172.0,19.98,muscle_gain,measured,31.3,1246.99672,40.6017,moderate,1.55,1932.8449160000002,1.1170799911655152,2.135050520063025,2159.1423816895913,126.18148573572479,2217.0,129.9,normal
47,Female,49.9,1.69,178,147,64,1.48,979.0,HIIT,26.0,1.7,3,2,17.47137705262421,169.0,17.47,muscle_gain,measured,26.0,1167.6016,36.926,moderate,1.55,1809.78248,1.120194081838139,2.021900671444422,2027.3076235103504,100.89284350507666,2096.7,104.7,underweight
50,Male,101.7,1.67,192,127,57,0.53,333.0,HIIT,20.9,2.9,2,1,36.46599017533795,167.0,36.47,fat_loss,measured,20.9,2107.60552,80.44470000000001,sedentary,1.2,2529.126624,0.8246322437757796,2.109261103730475,2318.3660720000003,214.5118542493893,2340.6,216.9,obese
45,Male,93.0,1.91,175,143,55,1.03,729.0,Cardio,27.3,3.7,3,2,25.492722238973712,191.0,25.49,fat_loss,measured,27.3,1830.3976000000002,67.611,moderate,1.55,2837.1162800000006,0.8258564498540756,2.3730668819171616,2343.050778824002,220.69522001829603,2304.4,222.8,overweight
50,Male,87.4,1.6,182,122,67,0.77,465.0,Strength,23.2,3.1,2,1,34.14062499999999,160.0,34.14,fat_loss,measured,23.2,1819.8611200000003,67.12320000000001,light,1.35,2456.8125120000004,0.7842489482000391,2.261045168684071,2001.8472320000005,197.6153477429878,2001.8,203.6,obese
22,Female,55.1,1.61,166,144,68,1.62,1166.0,HIIT,19.9,2.7,4,3,21.25689595308823,161.0,21.26,muscle_gain,measured,19.9,1323.3181600000003,44.1351,active,1.75,2315.8067800000003,1.1126283269488844,1.9207800498021315,2576.6322231682834,105.83498074409745,2609.9,107.0,normal
36,Male,123.7,1.69,185,138,73,1.3,987.0,Cardio,20.4,2.1,4,2,43.310808445082465,169.0,43.31,fat_loss,measured,20.4,2496.8483200000005,98.46520000000001,active,1.725,4307.063352000001,0.8292196911183749,2.3372551640262484,3571.501742372713,289.1184637900469,3514.6,300.0,obese
21,Female,61.3,1.57,191,152,64,1.94,1474.0,HIIT,17.2,2.7,4,3,24.86916304921092,157.0,24.87,muscle_gain,measured,17.2,1466.33824,50.7564,very_active,1.9,2786.042656,1.1398085643046743,1.918067112827295,3175.5552798269414,117.57751401631317,3138.0,116.0,normal
52,Male,72.3,1.94,171,121,56,1.46,874.0,Yoga,21.1,2.9,3,2,19.210330534594537,194.0,19.21,muscle_gain,measured,21.1,1602.16552,57.04469999999999,moderate,1.55,2483.356556,1.145430168610259,1.8476166982821793,2844.5115186584726,133.58268728580157,2882.7,129.9,normal
34,Female,69.2,1.53,167,134,59,1.36,911.0,HIIT,28.5,2.1,2,1,29.561279849630484,153.0,29.56,fat_loss,measured,28.5,1438.7248000000002,49.47800000000001,light,1.35,1942.2784800000004,0.8201807035110926,2.264964439882209,1593.019330140856,156.73553923984886,1613.9,154.6,overweight
45,Male,81.4,1.61,164,141,55,1.14,796.0,Cardio,30.0,2.2,4,2,31.403109447937965,161.0,31.4,fat_loss,measured,30.0,1600.768,56.98,moderate,1.55,2481.1904,0.8008883519938714,2.2619601541593295,1987.1564904390145,184.12355654856944,2100.8,187.6,obese
47,Male,84.8,1.86,187,129,63,1.85,1181.0,HIIT,14.4,3.5,5,3,24.511504220141052,186.0,24.51,muscle_gain,measured,14.4,1937.91808,72.58879999999999,very_active,1.9,3682.044352,1.1262756129981188,2.1062754327283226,4146.996759635062,178.61215669536176,4141.0,174.5,normal
46,Male,55.1,1.72,164,137,66,1.43,970.0,Yoga,20.5,3.6,3,2,18.624932395889672,172.0,18.62,maintenance,measured,20.5,1316.1772,43.804500000000004,moderate,1.55,2040.0746600000002,1.012194984943263,1.7256111131423955,2064.9533397618325,95.08117233414599,1993.5,94.5,normal
23,Female,59.0,1.78,185,141,58,1.67,1177.0,Yoga,17.8,2.7,5,3,18.621386188612547,178.0,18.62,muscle_gain,measured,17.8,1417.5568,48.498,very_active,1.9,2693.35792,1.1350921192635652,2.0401917127604,3057.209349348108,120.3713110528636,3139.0,120.8,normal
52,Female,64.9,1.51,164,165,68,1.83,1359.0,HIIT,18.2,2.7,4,3,28.463663874391475,151.0,28.46,muscle_gain,measured,18.2,1516.7051200000003,53.08820000000001,very_active,1.9,2881.7397280000005,1.1280404364458214,1.848297966035626,3250.7189404963833,119.95453799571214,3407.7,117.6,overweight
58,Male,109.7,1.75,181,168,54,1.01,840.0,HIIT,22.1,2.7,2,1,35.820408163265306,175.0,35.82,fat_loss,measured,22.1,2215.85608,85.4563,light,1.35,2991.4057080000002,0.7803734651711989,2.377031756478462,2437.4416880000003,260.7603836856873,2452.4,252.4,obese
54,Male,78.4,1.9,174,146,72,0.81,585.0,Yoga,21.5,3.7,2,1,21.71745152354571,190.0,21.72,fat_loss,measured,21.5,1699.3504000000003,61.544000000000004,light,1.35,2294.1230400000004,0.8284519358009327,2.157254376908101,1900.5706734535208,169.12874314959515,1869.3,163.5,normal
41,Female,76.7,1.79,172,132,56,1.4,832.0,Yoga,34.0,2.0,4,2,23.938079335850944,179.0,23.94,fat_loss,measured,34.0,1463.4352,50.62199999999999,active,1.725,2524.4257199999997,0.7972726654021026,2.393331072590615,2012.6556223940217,183.56849326770018,1952.8,184.3,normal
46,Female,63.1,1.61,187,152,68,1.0,684.0,Strength,34.7,2.2,4,2,24.343196635932255,161.0,24.34,fat_loss,measured,34.7,1260.0128800000002,41.2043,moderate,1.55,1953.0199640000003,0.7826580002971699,2.1642889432981085,1528.546699564691,136.56663232211065,1545.2,134.5,normal
48,Female,62.9,1.58,192,124,69,1.98,1105.0,Strength,20.0,2.7,4,3,25.196282647011692,158.0,25.2,muscle_gain,measured,20.0,1456.912,50.32,very_active,1.9,2768.1328,1.13190863752585,1.8911010247421214,3133.2734261386163,118.95025445627944,3327.8,119.3,overweight
52,Male,85.6,1.74,182,145,56,1.84,1321.0,Yoga,13.9,3.5,4,3,28.273219711983085,174.0,28.27,maintenance,measured,13.9,1961.9545600000001,73.7016,very_active,1.9,3727.713664,1.003176091953143,1.4017760861695636,3739.553225371851,119.99203297611464,3838.4,118.2,overweight
50,Female,66.3,1.57,192,132,73,1.25,742.0,HIIT,31.6,1.6,2,1,26.897642906405938,157.0,26.9,maintenance,measured,31.6,1349.54272,45.349199999999996,light,1.35,1821.882672,1.0064010880176009,1.7922414994554057,1833.5447033412138,118.8256114138934,1887.5,119.5,overweight
38,Male,61.3,1.97,177,146,51,1.37,1100.0,Cardio,23.5,2.8,3,1,15.795305212708392,197.0,15.8,maintenance,measured,23.5,1382.9212000000002,46.8945,moderate,1.5250000000000001,2108.9548300000006,1.0173107381198305,1.5186130647250713,2145.4623947686823,93.09098086764686,2165.0,92.9,underweight
49,Female,44.1,1.65,189,133,74,1.16,694.0,HIIT,26.7,1.8,4,2,16.198347107438018,165.0,16.2,muscle_gain,measured,26.7,1068.22648,32.3253,moderate,1.55,1655.751044,1.1050783684728946,2.1977418186774726,1829.734662300812,96.92041420367654,1714.7,98.5,underweight
40,Male,63.8,1.62,185,143,72,1.3,1022.0,HIIT,20.8,3.4,2,1,24.31031854900167,162.0,24.31,muscle_gain,measured,20.8,1461.43936,50.5296,light,1.35,1972.9431360000003,1.1455140278228204,1.8101726358912213,2260.034038384747,115.48901416985991,2274.6,120.0,normal
50,Female,55.4,1.55,175,122,65,1.85,1016.0,Strength,18.5,2.7,4,3,23.05931321540062,155.0,23.06,muscle_gain,measured,18.5,1345.2615999999998,45.150999999999996,very_active,1.9,2555.9970399999997,1.1371615048480608,1.930086417528467,2906.5814403935888,106.92678753107707,2878.1,104.5,normal
20,Female,74.7,1.58,172,166,62,1.04,863.0,Strength,32.8,2.4,3,2,29.92308924851786,158.0,29.92,fat_loss,measured,32.8,1454.28544,50.19840000000001,moderate,1.55,2254.142432,0.7920809682776899,2.26832604688506,1785.4633201743868,169.44395570231399,1686.4,164.4,overweight
35,Female,78.0,1.67,198,168,57,1.13,949.0,Strength,33.3,2.5,4,2,27.968016063681024,167.0,27.97,fat_loss,measured,33.3,1493.7616,52.026,moderate,1.55,2315.33048,0.8088467547759235,2.218284477200305,1872.7475449817814,173.0261892216238,1898.9,176.5,overweight
42,Female,57.5,1.67,192,149,55,1.14,764.0,Yoga,34.1,2.4,2,1,20.617447739252036,167.0,20.62,muscle_gain,measured,34.1,1188.478,37.8925,light,1.35,1604.4453,1.1456469654354873,1.8621671906091106,1838.1278891522302,107.07461346002385,1857.3,108.0,normal
59,Female,60.7,1.73,185,154,55,1.03,714.0,Yoga,33.8,2.5,3,2,20.281332486885628,173.0,20.28,muscle_gain,measured,33.8,1237.96144,40.183400000000006,moderate,1.55,1918.840232,1.1213874195985138,1.9711153613282137,2151.763296384294,119.64670243262258,2135.6,125.8,normal
48,Male,69.0,1.74,160,167,58,1.48,1223.0,HIIT,30.0,2.3,3,2,22.79032897344431,174.0,22.79,maintenance,measured,30.0,1413.28,48.3,moderate,1.55,2190.584,1.0117972798882509,1.553597433227043,2216.4269325667237,107.19822289266597,2220.5,103.5,normal
20,Female,75.8,1.78,197,133,53,1.42,944.0,HIIT,27.4,2.0,4,2,23.923747001641207,178.0,23.92,maintenance,measured,27.4,1558.6652800000002,55.0308,active,1.725,2688.6976080000004,1.01413770823157,1.417211486362639,2726.7096303048243,107.42463066628804,2805.6,103.8,normal
57,Female,75.7,1.63,161,131,60,0.69,407.0,Cardio,32.6,2.3,3,1,28.491851405773648,163.0,28.49,fat_loss,measured,32.6,1472.07088,51.0218,light,1.35,1987.2956880000002,0.8213198348725373,2.207341483117247,1632.2053663110655,167.09575027197562,1619.3,171.7,overweight
41,Female,71.2,1.64,165,147,54,1.42,939.0,HIIT,30.9,2.3,3,2,26.472337894110655,164.0,26.47,fat_loss,measured,30.9,1432.7027200000002,49.199200000000005,moderate,1.55,2220.689216,0.8042424643030358,2.0115687187949325,1785.9725675270167,143.2236927781992,1779.7,143.2,overweight
49,Male,85.0,1.68,197,163,74,1.82,1468.0,HIIT,11.3,3.5,4,3,30.116213151927443,168.0,30.12,muscle_gain,measured,11.3,1998.532,75.395,very_active,1.9,3797.2108,1.131391779775882,1.8479437908014382,4296.1330851962,157.07522221812224,4136.6,157.9,obese
39,Female,63.6,1.56,183,148,66,1.22,903.0,Strength,34.8,2.4,2,1,26.13412228796844,156.0,26.13,fat_loss,measured,34.8,1265.6915200000003,41.467200000000005,light,1.35,1708.6835520000004,0.807454164420645,2.1507980243647364,1392.2606720000003,136.79075434959725,1416.0,134.4,overweight
40,Male,73.2,1.94,177,162,69,0.81,722.0,Strength,29.0,2.4,2,1,19.449463279838454,194.0,19.45,maintenance,measured,29.0,1492.5952000000002,51.972,light,1.35,2015.0035200000004,0.9973786653144598,1.4898165908143677,2009.7215213815389,109.05457444761171,1894.0,107.6,normal
19,Female,48.3,1.52,186,136,56,0.96,653.0,Strength,26.3,1.6,2,1,20.905470914127424,152.0,20.91,muscle_gain,measured,26.3,1138.89736,35.5971,light,1.35,1537.511436,1.1101337990153137,2.1289417816058167,1706.8434114761703,102.82788805156095,1727.6,103.8,normal
44,Female,42.8,1.78,167,159,64,1.49,1066.0,Strength,25.3,2.6,3,2,13.508395404620627,178.0,13.51,muscle_gain,measured,25.3,1060.58656,31.9716,moderate,1.55,1643.909168,1.1220393760166198,1.901447060234345,1844.5308170907206,81.38193417802997,1827.1,82.2,underweight
59,Male,88.1,1.76,187,168,74,1.35,1123.0,Strength,26.9,3.0,3,2,28.441373966942148,176.0,28.44,fat_loss,measured,26.9,1761.06376,64.4011,moderate,1.55,2729.648828,0.8003256734326679,2.395409838220705,2184.6080365037924,211.03560674724412,2144.3,211.7,overweight
19,Female,72.4,1.75,169,140,64,1.2,840.0,Cardio,31.0,1.7,4,2,23.640816326530615,175.0,23.64,fat_loss,measured,31.0,1449.0496,49.956,moderate,1.55,2246.0268800000003,0.7906051446084119,2.3467656961128314,1775.7204062567805,169.905836398569,1819.9,174.7,normal
43,Male,73.2,1.88,176,142,63,1.17,822.0,Cardio,29.4,3.3,3,1,20.71072883657764,188.0,20.71,maintenance,measured,29.4,1486.2707200000002,51.6792,moderate,1.5250000000000001,2266.5628480000005,0.971911815470137,1.545080489363436,2202.8992124768447,113.09989182140352,2283.0,111.6,normal
34,Male,110.5,1.86,188,139,62,1.42,1086.0,Cardio,22.3,3.6,2,1,31.940108683084745,186.0,31.94,fat_loss,measured,22.3,2224.5436,85.8585,light,1.35,3003.1338600000004,0.8050719158368574,2.3939536934680765,2446.99796,264.53188312822243,2519.7,266.0,obese
57,Female,46.1,1.76,165,130,60,1.44,842.0,Strength,25.8,1.7,3,2,14.882489669421489,176.0,14.88,muscle_gain,measured,25.8,1108.85392,34.2062,moderate,1.55,1718.723576,1.1295547749961985,2.0799807423338845,1941.3924221693417,95.88711222159208,1940.9,97.1,underweight
50,Male,90.8,1.71,173,153,62,1.07,810.0,Yoga,22.6,3.4,4,2,31.05228959337916,171.0,31.05,fat_loss,measured,22.6,1888.0307200000002,70.2792,moderate,1.55,2926.4476160000004,0.826117850993785,2.003815594693297,2417.5906155758057,181.94645599815138,2562.3,180.1,obese
26,Female,59.3,1.51,181,129,71,1.7,1096.0,Strength,15.1,2.7,5,3,26.007631244243672,151.0,26.01,muscle_gain,measured,15.1,1457.46712,50.345699999999994,very_active,1.9,2769.187528,1.1281431835057627,2.129365613233454,3124.0400335623735,126.27138086474383,3096.8,121.5,overweight
56,Female,45.1,1.73,165,129,73,0.83,482.0,Strength,25.4,2.6,3,1,15.068996625346653,173.0,15.07,muscle_gain,measured,25.4,1096.7233600000002,33.644600000000004,light,1.35,1480.5765360000003,1.1193750018353432,2.1292644439973865,1657.3203627023663,96.02982642428213,1699.4,98.6,underweight
46,Male,45.0,1.77,185,162,58,1.48,1187.0,Cardio,29.1,3.6,3,2,14.363688595231254,177.0,14.36,muscle_gain,measured,29.1,1059.1480000000001,31.904999999999998,moderate,1.55,1641.6794000000002,1.1001110248532064,2.1499900962557614,1806.0296072143972,96.74955433150926,1796.1,101.8,underweight
59,Male,89.4,1.62,198,125,59,1.43,885.0,Strength,23.5,3.6,3,2,34.06492912665752,162.0,34.06,fat_loss,measured,23.5,1847.2456000000002,68.391,moderate,1.55,2863.2306800000006,0.7843834402178416,2.3750829565640257,2245.8707309156703,212.3324163168239,2154.0,226.7,obese
43,Male,127.7,1.69,171,155,53,1.14,875.0,Cardio,24.1,2.9,3,2,44.71131963166557,169.0,44.71,fat_loss,measured,24.1,2463.5648800000004,96.9243,moderate,1.55,3818.5255640000005,0.7925534909638997,2.1009879461309113,3026.3857660830945,268.2961607209174,3060.0,271.0,obese
52,Male,70.9,1.72,194,143,66,1.31,927.0,Strength,20.2,2.6,3,2,23.96565711195241,172.0,23.97,muscle_gain,measured,20.2,1592.0891200000003,56.57820000000001,moderate,1.55,2467.7381360000004,1.1215914287694078,1.8676927542320838,2767.7939417849957,132.41941627505474,2728.9,130.5,normal
42,Female,49.2,1.5,173,131,63,1.15,678.0,HIIT,27.7,1.5,3,2,21.866666666666667,150.0,21.87,maintenance,measured,27.7,1138.3465600000002,35.571600000000004,moderate,1.55,1764.4371680000004,0.9802581183325941,1.5319489125058485,1729.6038582197716,75.37188649528775,1754.3,76.8,normal
41,Female,62.3,1.79,181,162,73,1.99,1451.0,Yoga,19.0,2.7,5,3,19.443837583096656,179.0,19.44,muscle_gain,measured,19.0,1460.0008,50.463,very_active,1.9,2774.00152,1.1433099884734912,2.0049253820770057,3171.543645856647,124.90685130339745,3301.1,129.7,normal
30,Male,64.1,1.87,182,142,67,0.64,500.0,Yoga,26.2,2.1,2,1,18.330521318882433,187.0,18.33,fat_loss,measured,26.2,1391.80528,47.3058,sedentary,1.2,1670.166336,0.7812015223496898,2.3452942616147863,1530.9858080000001,150.33336216950778,1580.8,150.1,underweight
24,Female,69.7,1.75,166,146,60,1.41,1029.0,Cardio,32.5,2.0,3,1,22.759183673469387,175.0,22.76,maintenance,measured,32.5,1386.226,47.04750000000001,moderate,1.5250000000000001,2113.9946500000005,1.0054274613642462,1.44246896063636,2125.4682742870987,100.5400865563543,2193.9,101.5,normal
53,Female,56.9,1.59,199,164,65,1.49,1100.0,HIIT,29.5,2.0,3,2,22.507021083026775,159.0,22.51,fat_loss,measured,29.5,1236.4732,40.1145,moderate,1.55,1916.5334599999999,0.8147240607539099,2.3758045346709,1561.4459231019412,135.1832780227742,1644.8,132.7,normal
37,Female,53.0,1.71,184,156,50,1.13,881.0,Yoga,28.1,1.7,4,2,18.125235115078144,171.0,18.13,muscle_gain,measured,28.1,1193.1112,38.107,moderate,1.55,1849.3223600000001,1.115524097607101,1.8728896304786828,2062.9636568236347,99.26315041537019,2026.2,102.0,underweight
18,Female,72.7,1.55,172,125,56,0.84,525.0,Cardio,29.8,2.0,3,1,30.260145681581683,155.0,30.26,fat_loss,measured,29.8,1472.36464,51.035399999999996,light,1.35,1987.6922640000003,0.8082360268089027,2.2964665676439293,1619.601104,166.95311946771366,1619.6,166.9,obese
25,Male,76.5,1.96,180,120,59,0.67,442.0,Strength,23.2,2.3,3,1,19.913577675968348,196.0,19.91,maintenance,measured,23.2,1639.0432,58.752,light,1.35,2212.70832,1.0160288242535536,1.7990515008298575,2248.175432785656,137.6274398134841,2324.1,134.0,normal
33,Male,113.6,1.99,169,125,58,1.38,949.0,Strength,28.4,3.4,2,1,28.68614428928562,199.0,28.69,fat_loss,measured,28.4,2126.8921600000003,81.3376,light,1.35,2871.304416000001,0.8192066838781444,2.357051273918483,2352.191769036033,267.7610247171396,2411.7,273.0,overweight
31,Female,62.5,1.62,168,169,74,1.56,1318.0,HIIT,16.5,2.7,4,3,23.814967230605085,162.0,23.81,muscle_gain,measured,16.5,1497.25,52.1875,active,1.75,2620.1875,1.1089448434094578,2.193727457383734,2905.6434168909186,137.10796608648337,2843.5,138.0,normal
29,Male,95.2,1.86,174,141,52,0.64,496.0,Yoga,26.6,2.5,2,1,27.51763209619609,186.0,27.52,fat_loss,measured,26.6,1879.3388800000002,69.8768,sedentary,1.2,2255.2066560000003,0.8164012065270935,2.2170308996383348,2067.2727680000003,211.06134164556948,2067.3,216.7,overweight
40,Male,51.7,1.82,161,160,71,0.9,792.0,Strength,21.4,3.0,3,1,15.608018355271103,182.0,15.61,muscle_gain,measured,21.4,1247.7419200000002,40.6362,light,1.35,1684.4515920000003,1.1456168103777515,1.9886475037794198,1929.736060062766,102.81307594539601,1936.4,102.2,underweight
32,Male,105.3,1.67,184,143,72,0.57,448.0,Cardio,26.9,2.9,3,1,37.75682168596938,167.0,37.76,fat_loss,measured,26.9,2032.6448800000005,76.97430000000001,light,1.35,2744.070588000001,0.7846846200618975,2.3784012322271977,2235.9093680000005,250.4456497535239,2340.8,253.4,obese
45,Female,71.2,1.68,172,144,63,1.37,888.0,Strength,34.1,1.6,3,1,25.226757369614518,168.0,25.23,muscle_gain,measured,34.1,1383.4892800000002,46.92080000000001,moderate,1.5250000000000001,2109.8211520000004,1.1172750604654365,2.1175640024653792,2357.2505551720574,150.77055697553502,2290.6,150.9,overweight
51,Female,78.1,1.51,193,134,74,0.92,555.0,Strength,31.1,2.6,3,1,34.25288364545414,151.0,34.25,fat_loss,measured,31.1,1532.31544,53.810900000000004,light,1.35,2068.625844,0.8239428807081537,2.120297731853387,1704.4295370126958,165.59525285774953,1685.5,163.0,obese
19,Female,50.6,1.68,193,145,64,1.21,877.0,Yoga,30.6,2.1,3,2,17.928004535147394,168.0,17.93,maintenance,measured,30.6,1128.51424,35.1164,moderate,1.55,1749.197072,0.9835696724109789,1.5387635911326243,1720.4571910892835,77.86143771131078,1686.7,76.1,underweight
49,Male,70.2,1.89,194,127,51,0.7,440.0,Yoga,29.6,2.6,3,1,19.652305366591083,189.0,19.65,fat_loss,measured,29.6,1437.48928,49.4208,light,1.35,1940.6105280000002,0.7894942367260573,2.3206824407276714,1581.2382080000002,162.91190733908255,1581.2,163.4,normal
40,Female,62.6,1.53,197,143,73,1.93,1380.0,Cardio,18.1,2.7,5,3,26.74185142466573,153.0,26.74,muscle_gain,measured,18.1,1477.41904,51.2694,very_active,1.9,2807.096176,1.1456398333067987,2.0894868384865797,3215.9211951487923,130.80187608925988,3353.3,129.3,overweight
39,Female,60.6,1.65,162,167,63,0.92,768.0,HIIT,27.6,1.7,3,1,22.25895316804408,165.0,22.26,maintenance,measured,27.6,1317.6870400000003,43.8744,light,1.35,1778.8775040000005,1.0118438199932467,1.4142751793740023,1799.9462089474125,85.70507587006453,1844.9,84.5,normal
42,Male,76.4,1.97,165,157,65,1.14,886.0,HIIT,22.9,2.6,3,2,19.68615527326136,197.0,19.69,muscle_gain,measured,22.9,1642.3350400000002,58.9044,moderate,1.55,2545.6193120000003,1.1185998964409822,2.135104044673249,2847.5294987813645,163.12194901303624,2773.1,165.3,normal
39,Female,63.3,1.71,178,125,56,1.88,1175.0,Strength,18.5,2.7,4,3,21.64768646763107,171.0,21.65,muscle_gain,measured,18.5,1484.3332,51.589499999999994,very_active,1.9,2820.23308,1.147095383379104,2.0115161309432303,3235.0763461210313,127.32897108870648,3270.4,122.7,normal
39,Female,68.6,1.64,162,154,53,1.33,1024.0,Cardio,32.4,1.5,3,2,25.505651397977395,164.0,25.51,fat_loss,measured,32.4,1371.6697599999998,46.37359999999999,moderate,1.55,2126.088128,0.8218177125160763,2.046139243760528,1747.2568819605467,140.36515212197222,1777.7,142.4,overweight
59,Male,123.3,1.88,177,161,67,1.3,1036.0,HIIT,23.0,2.6,4,2,34.88569488456315,188.0,34.89,fat_loss,measured,23.0,2420.7256,94.941,active,1.725,4175.751660000001,0.8082536932574561,2.0980424586290636,3375.0667013209536,258.68863514896356,3376.7,255.4,obese
23,Male,107.0,1.94,198,120,73,1.35,891.0,HIIT,23.5,2.9,2,1,28.43022637899883,194.0,28.43,fat_loss,measured,23.5,2138.068,81.855,light,1.35,2886.3918000000003,0.8207776771899126,2.107440827327173,2369.085957064011,225.49616852400752,2351.9,239.5,overweight
32,Male,68.3,1.92,168,165,54,1.42,1289.0,Strength,29.9,3.5,2,1,18.52756076388889,192.0,18.53,fat_loss,measured,29.9,1404.17128,47.8783,light,1.35,1895.6312280000002,0.809586600101593,2.262236272814301,1544.588408,154.51073743321675,1612.8,158.8,normal
54,Female,47.8,1.6,171,155,55,1.19,830.0,Cardio,26.0,2.3,4,2,18.671874999999996,160.0,18.67,muscle_gain,measured,26.0,1134.0352,35.372,moderate,1.55,1757.75456,1.1288015079602634,2.182014562569996,1984.1559979520293,104.3002960908458,1978.5,106.6,normal
50,Female,58.4,1.79,164,131,56,1.6,943.0,HIIT,17.0,2.7,4,3,18.22664710839237,179.0,18.23,muscle_gain,measured,17.0,1416.9951999999998,48.471999999999994,active,1.75,2479.7416,1.1147955376778906,1.9500725551435496,2764.4048702742325,113.8842372203833,2854.6,114.1,underweight
25,Female,74.3,1.71,162,157,64,1.43,1123.0,Yoga,25.6,1.6,3,2,25.409527717930306,171.0,25.41,fat_loss,measured,25.6,1564.03072,55.279199999999996,moderate,1.55,2424.247616,0.8103232322415843,2.1167052276694784,1964.4241639510751,157.27119841584224,1890.4,154.0,overweight
22,Male,106.8,1.82,170,130,50,1.0,715.0,Yoga,28.2,2.3,4,2,32.24248279193334,182.0,32.24,fat_loss,measured,28.2,2026.33984,76.6824,moderate,1.55,3140.8267520000004,0.7808596667470782,2.037526688344146,2452.5449308770285,217.60785031515476,2307.3,217.0,obese
56,Male,125.5,1.8,189,131,73,1.26,817.0,Strength,20.9,2.7,4,2,38.73456790123456,180.0,38.73,fat_loss,measured,20.9,2514.2428,99.2705,active,1.725,4337.06883,0.816932467765441,2.27176147732484,3543.0923421604743,285.1060654042674,3646.9,287.5,obese
21,Female,55.2,1.55,163,161,53,1.37,1103.0,Strength,31.7,1.7,4,2,22.976066597294484,155.0,22.98,maintenance,measured,31.7,1184.3545600000002,37.701600000000006,active,1.725,2043.0116160000005,1.0182781409575792,1.6185869020044203,2080.35407029522,89.34599699064401,1980.9,91.5,normal
23,Female,71.4,1.72,164,169,74,1.25,1056.0,Strength,25.6,1.5,2,1,24.13466738777718,172.0,24.13,maintenance,measured,25.6,1517.42656,53.1216,light,1.35,2048.525856,0.9809647143649196,1.4631623987192357,2009.5315812001927,104.46979526855344,2019.9,105.0,normal
49,Male,77.7,1.61,160,158,50,1.03,806.0,Strength,26.7,3.4,3,2,29.975695382122602,161.0,29.98,fat_loss,measured,26.7,1600.2085600000003,56.954100000000004,moderate,1.55,2480.3232680000006,0.7951149378816068,2.0186345517630047,1972.1420811621244,156.84790467198548,1918.0,155.6,overweight
47,Male,88.4,1.6,186,126,60,1.86,1160.0,HIIT,14.2,3.5,5,3,34.53124999999999,160.0,34.53,fat_loss,measured,14.2,2008.29952,75.8472,very_active,1.9,3815.769088,0.7910355928208411,2.0835661705311903,3018.4091625935203,184.18724947495724,3057.5,182.3,obese
52,Male,104.8,1.99,187,130,67,0.93,598.0,Cardio,24.0,2.0,2,1,26.46397818236913,199.0,26.46,maintenance,measured,24.0,2090.3968,79.648,light,1.35,2822.03568,0.9717983869705312,1.7079525187924238,2742.449721797286,178.993423969446,2635.0,179.2,overweight
57,Male,82.2,1.69,188,155,63,1.15,882.0,Strength,25.2,3.4,4,2,28.780504884282767,169.0,28.78,fat_loss,measured,25.2,1698.0889600000003,61.485600000000005,moderate,1.55,2632.0378880000003,0.7970328987775157,2.2850370171596697,2097.8207875648905,187.83004281052484,2132.7,183.3,overweight
33,Female,68.2,1.75,177,150,71,0.85,638.0,Strength,29.0,1.7,2,1,22.26938775510204,175.0,22.27,maintenance,measured,29.0,1415.9152,48.422,light,1.35,1911.48552,0.9956880558624239,1.6531870774473052,1903.2433012179745,112.74735868190622,2035.6,112.0,normal
30,Male,91.4,1.99,171,152,60,1.37,1145.0,HIIT,23.0,3.7,3,2,23.080225246837202,199.0,23.08,fat_loss,measured,23.0,1890.1648,70.378,moderate,1.55,2929.75544,0.8196642175491753,2.1213130242773772,2401.4157003380396,193.8880104189523,2401.1,199.9,normal
59,Female,42.1,1.65,172,132,59,1.22,725.0,Strength,33.0,2.2,2,1,15.46372819100092,165.0,15.46,muscle_gain,measured,33.0,979.2712,28.206999999999997,light,1.35,1322.0161200000002,1.140130813918311,2.00046418114556,1507.2713149087278,84.21954202622807,1571.0,83.5,underweight
47,Female,68.7,1.76,161,137,66,1.37,845.0,Strength,27.7,2.4,3,2,22.178460743801654,176.0,22.18,muscle_gain,measured,27.7,1442.87416,49.670100000000005,moderate,1.55,2236.454948,1.1287065609353695,2.036261981846443,2524.3013730439707,139.89119815285062,2639.9,142.0,normal
36,Female,47.2,1.74,196,160,53,1.5,1200.0,Cardio,32.2,1.6,4,2,15.589906196327124,174.0,15.59,muscle_gain,measured,32.2,1061.2345599999999,32.001599999999996,active,1.725,1830.629616,1.111599577481528,2.04724016303814,2034.9271076707716,96.6297356954002,2008.5,95.0,underweight
34,Male,92.0,1.76,175,143,73,0.73,574.0,Yoga,22.1,3.5,3,1,29.700413223140497,176.0,29.7,fat_loss,measured,22.1,1918.0288000000003,71.668,light,1.35,2589.3388800000007,0.8173384475693376,2.1613313873295947,2116.366220410128,198.8424876343227,2162.8,208.4,overweight
36,Male,56.2,1.95,183,128,64,1.09,767.0,Strength,22.5,3.4,4,2,14.77975016436555,195.0,14.78,muscle_gain,measured,22.5,1310.7880000000002,43.55500000000001,moderate,1.55,2031.7214000000004,1.1036104735702565,1.8264465204832891,2242.229016416825,102.64629445116086,2227.9,101.7,underweight
45,Male,58.4,1.72,194,150,65,1.31,973.0,HIIT,23.4,3.1,4,2,19.740400216333153,172.0,19.74,muscle_gain,measured,23.4,1336.26304,44.7344,active,1.725,2305.0537440000003,1.1382011420164915,2.0206518535885847,2623.61480383019,118.00606824957335,2591.4,117.4,normal
43,Male,82.9,1.95,181,160,70,1.9,1505.0,Cardio,12.9,3.5,5,3,21.801446416831034,195.0,21.8,maintenance,measured,12.9,1929.6474400000002,72.2059,very_active,1.9,3666.330136,0.9884195806122757,1.5042568466732908,3623.872495411268,124.70289258921582,3700.5,123.0,normal
54,Female,66.9,1.74,195,129,62,1.24,720.0,HIIT,29.5,2.1,2,1,22.09671026555688,174.0,22.1,maintenance,measured,29.5,1388.7532000000003,47.16450000000001,light,1.35,1874.8168200000005,1.0290423671047502,1.7892393377532319,1929.2659383406008,119.70011169569122,1944.1,116.2,normal
43,Male,66.3,1.85,170,121,58,1.18,707.0,Cardio,27.5,3.2,2,1,19.3718042366691,185.0,19.37,maintenance,measured,27.5,1408.258,48.067499999999995,light,1.35,1901.1483000000003,0.9868614741070815,1.7185954840802924,1876.1700138341723,113.94288059452339,1910.7,119.2,normal
40,Male,93.6,1.93,188,157,60,1.38,1192.0,Cardio,22.1,2.0,3,1,25.1281913608419,193.0,25.13,fat_loss,measured,22.1,1944.9510400000001,72.9144,moderate,1.5250000000000001,2966.0503360000007,0.7952127043570394,2.0451310485242895,2358.640908949666,191.4242661418735,2333.4,185.0,overweight
26,Female,64.1,1.5,194,134,60,1.93,1293.0,Strength,15.1,2.7,5,3,28.488888888888887,150.0,28.49,muscle_gain,measured,15.1,1545.49144,54.420899999999996,very_active,1.9,2936.433736,1.1437231124607492,2.1657593376016866,3358.4671320726657,138.8251735402681,3408.8,144.5,overweight
29,Male,86.7,1.62,174,122,55,1.52,1020.0,Strength,13.9,3.5,4,3,33.036122542295374,162.0,33.04,maintenance,measured,13.9,1982.4119200000002,74.6487,active,1.75,3469.2208600000004,0.9857629439137471,1.4827630588496115,3419.829368040582,128.55555720226133,3520.3,127.4,obese
18,Female,62.0,1.59,190,162,50,1.23,996.0,Strength,33.2,2.2,4,2,24.524346347059055,159.0,24.52,fat_loss,measured,33.2,1264.5855999999999,41.416,moderate,1.55,1960.1076799999998,0.8248526930721787,2.2428647976233,1616.8000985594601,139.0576174526446,1624.2,139.1,normal
18,Female,58.1,1.61,175,150,71,1.9,1425.0,Yoga,15.3,2.7,4,3,22.414258709154737,161.0,22.41,muscle_gain,measured,15.3,1432.9511200000002,49.2107,very_active,1.9,2722.607128,1.1010602962336526,2.063908358161329,2997.7546108835345,119.91307560917322,3056.6,124.2,normal
51,Female,64.9,1.6,169,125,55,1.49,838.0,Yoga,31.1,2.5,4,2,25.351562499999996,160.0,25.35,fat_loss,measured,31.1,1335.86776,44.716100000000004,active,1.725,2304.3718860000004,0.8288301938628143,2.139649169776009,1909.9329970053993,138.863231118463,1795.7,139.7,overweight
49,Female,69.3,1.62,191,122,62,1.14,626.0,HIIT,28.8,1.9,4,2,26.40603566529492,162.0,26.41,fat_loss,measured,28.8,1435.77856,49.34159999999999,moderate,1.55,2225.456768,0.8220932413005586,2.0407206257887434,1829.5329677793852,141.42193936715992,1852.6,135.9,overweight
42,Female,42.7,1.74,161,130,71,1.04,608.0,Strength,32.9,1.6,3,1,14.10358039371119,174.0,14.1,muscle_gain,measured,32.9,988.8767200000002,28.651700000000005,moderate,1.5250000000000001,1508.0369980000005,1.1204491767654496,1.9687902939618058,1689.6788129409406,84.06734555216912,1565.4,84.4,underweight
57,Female,51.4,1.63,183,134,73,1.2,724.0,Yoga,33.7,2.0,4,2,19.345854190974446,163.0,19.35,muscle_gain,measured,33.7,1106.08912,34.0782,moderate,1.55,1714.4381360000002,1.1413552914618392,1.8542694888378692,1956.7830384075726,95.30945172626647,1917.4,96.8,normal
18,Female,67.4,1.6,182,164,71,0.6,492.0,Strength,33.5,2.4,3,1,26.328124999999996,160.0,26.33,fat_loss,measured,33.5,1338.1336000000001,44.821000000000005,light,1.35,1806.4803600000002,0.8251677285273347,2.030197629055484,1490.649295290442,136.83532019833962,1499.4,133.9,overweight
33,Female,55.6,1.61,161,147,54,1.77,1301.0,Yoga,18.9,2.7,4,3,21.44978974576598,161.0,21.45,muscle_gain,measured,18.9,1343.9785600000002,45.09160000000001,very_active,1.9,2553.5592640000004,1.14312268580138,1.8806459916027358,2919.0315242166757,104.56391713311211,2887.2,102.6,normal
56,Male,125.3,1.86,197,129,64,1.0,639.0,Yoga,22.7,2.2,3,2,36.21805989131691,186.0,36.22,fat_loss,measured,22.7,2462.1090400000003,96.8569,moderate,1.55,3816.2690120000007,0.7898096246708948,2.057393820161809,3014.125996010887,257.7914456662746,2891.6,253.3,obese
22,Male,102.1,1.85,190,157,67,1.48,1278.0,Cardio,28.1,2.4,4,2,29.831994156318476,185.0,29.83,fat_loss,measured,28.1,1955.65384,73.4099,active,1.725,3373.5028740000002,0.7815774553739815,2.087895550009183,2636.6537919577336,213.1741356559376,2671.7,207.3,overweight
39,Male,61.9,1.77,199,166,69,1.32,1205.0,Strength,25.3,2.3,3,1,19.758051645440325,177.0,19.76,muscle_gain,measured,25.3,1368.76888,46.2393,moderate,1.5250000000000001,2087.3725420000005,1.1223179368337757,2.136916898518954,2342.6956447409143,132.27515601832326,2415.3,129.2,normal
46,Male,108.8,1.64,185,169,63,1.4,1171.0,Strength,20.5,3.4,3,1,40.452111838191556,164.0,40.45,fat_loss,measured,20.5,2238.3136,86.496,moderate,1.5250000000000001,3413.42824,0.8289645884210323,2.0683446852625296,2829.611136076329,225.03590175656322,2789.6,230.9,obese
20,Female,51.1,1.58,188,169,64,0.5,422.0,Yoga,29.6,1.6,2,1,20.469476045505527,158.0,20.47,muscle_gain,measured,29.6,1147.04704,35.974399999999996,sedentary,1.2,1376.456448,1.1236699984167657,1.896515634939689,1546.6828147449069,96.9119489454181,1579.2,95.4,normal
29,Male,81.7,1.99,162,126,54,1.45,1005.0,Strength,29.4,3.2,2,1,20.63079215171334,199.0,20.63,maintenance,measured,29.4,1615.8923200000002,57.6802,light,1.35,2181.4546320000004,0.994928773226842,1.793430849048978,2170.3919808657724,146.52330036730152,2274.0,153.1,normal
43,Female,42.7,1.66,173,134,53,0.73,440.0,Yoga,33.9,1.9,2,1,15.49571781100305,166.0,15.5,muscle_gain,measured,33.9,979.6535200000001,28.224700000000002,sedentary,1.2,1175.584224,1.1188825580644204,2.1429008929284468,1315.3406837692964,91.50186812804468,1290.3,91.8,underweight
33,Male,81.8,1.99,184,137,51,1.59,1198.0,Strength,10.5,3.5,4,3,20.656044039291935,199.0,20.66,maintenance,measured,10.5,1951.3576,73.211,active,1.75,3414.8758000000003,1.0064595918561436,1.4788179274449986,3436.9345039074224,120.96730646500089,3355.6,122.7,normal
54,Male,54.6,1.76,160,137,56,1.28,868.0,Cardio,27.4,3.3,4,2,17.62654958677686,176.0,17.63,muscle_gain,measured,27.4,1226.2153600000001,39.6396,active,1.725,2115.2214960000006,1.1438317402375544,1.9413763158327566,2419.457484757564,105.99914684446851,2549.0,103.8,underweight
39,Male,107.7,1.88,162,160,59,0.72,634.0,Strength,28.1,3.6,2,1,30.471933001358085,188.0,30.47,fat_loss,measured,28.1,2042.6240800000003,77.4363,sedentary,1.2,2451.148896,0.8220410062105318,2.181542005176853,2246.8864880000006,234.95207395754707,2348.6,229.1,obese
46,Female,56.9,1.6,185,143,65,0.88,566.0,Cardio,27.7,1.6,3,1,22.226562499999996,160.0,22.23,maintenance,measured,27.7,1258.5959200000002,41.13870000000001,light,1.35,1699.1044920000004,0.9708444372799894,1.627302344761151,1649.5661444156426,92.59350341690948,1682.5,90.1,normal
31,Male,78.8,1.71,177,121,59,1.49,992.0,HIIT,24.7,2.5,4,2,26.9484627748709,171.0,26.95,fat_loss,measured,24.7,1651.66624,59.3364,active,1.725,2849.124264,0.799520165000568,2.327782224133902,2277.9323016604017,183.4292392617515,2164.6,181.3,overweight
45,Female,48.2,1.64,168,159,67,1.25,894.0,Strength,32.1,2.5,4,2,17.920880428316483,164.0,17.92,muscle_gain,measured,32.1,1076.9204800000002,32.7278,active,1.725,1857.6878280000005,1.1020567151985117,1.9383407110214483,2047.2773455899382,93.42802227123381,2191.0,96.2,underweight
22,Female,50.7,1.59,197,139,66,1.27,883.0,Strength,29.4,1.8,3,2,20.054586448320872,159.0,20.05,maintenance,measured,29.4,1143.15472,35.794200000000004,moderate,1.55,1771.889816,0.9910354695524026,1.6480017620858332,1756.0056557946805,83.55368933775175,1759.7,84.6,normal
47,Male,86.6,1.99,182,153,70,1.98,1500.0,Strength,10.6,3.5,4,3,21.868134643064568,199.0,21.87,muscle_gain,measured,10.6,2042.2806400000002,77.4204,very_active,1.9,3880.333216,1.1062207288898709,2.1392209319979623,4292.505038539097,185.2565327110235,4383.4,191.2,normal
22,Male,96.3,1.63,180,162,62,1.35,1203.0,Cardio,27.1,2.4,4,2,36.245248221611654,163.0,36.25,fat_loss,measured,27.1,1886.37832,70.2027,active,1.725,3254.002602,0.7865962107140069,2.1467428123162997,2559.5861163867185,206.73133282605966,2555.6,207.4,obese
29,Male,80.8,1.98,160,145,50,1.65,1316.0,Strength,14.6,3.5,5,3,20.610141822263035,198.0,20.61,fat_loss,measured,14.6,1860.46912,69.00319999999999,very_active,1.9,3534.8913279999997,0.8151243467172671,2.176191121183173,2881.3759844525325,175.83624259160038,2850.9,172.4,normal
33,Female,58.0,1.53,180,126,50,1.84,1159.0,Strength,18.3,2.7,5,3,24.77679524969029,153.0,24.78,fat_loss,measured,18.3,1393.5376,47.385999999999996,very_active,1.9,2647.7214400000003,0.7947591264863036,2.0833490345774512,2104.300778833458,120.83424400549217,2015.2,122.3,normal
43,Male,95.9,1.85,186,157,64,1.28,995.0,Yoga,27.7,3.4,2,1,28.02045288531775,185.0,28.02,fat_loss,measured,27.7,1867.6511200000004,69.33570000000002,light,1.35,2521.3290120000006,0.7950165619204198,2.053860176509712,2054.4162320000005,196.96519092728138,2054.4,199.1,overweight
43,Female,61.5,1.58,165,149,50,1.86,1247.0,HIIT,16.8,2.7,5,3,24.63547508412113,158.0,24.64,muscle_gain,measured,16.8,1475.2288,51.168,very_active,1.9,2802.93472,1.130315721863292,1.8951118794718207,3168.2011813724844,116.54938058751698,3088.3,116.1,normal
38,Female,40.6,1.79,195,161,55,0.62,499.0,Cardio,26.8,2.7,2,1,12.671264941793329,179.0,12.67,muscle_gain,measured,26.8,1011.9347200000001,29.7192,sedentary,1.2,1214.321664,1.1229038609415332,2.063291143887393,1363.5664849305472,83.76962044182817,1330.2,83.9,underweight
56,Male,82.5,1.87,187,124,74,1.51,927.0,Yoga,13.2,3.5,5,3,23.592324630386912,187.0,23.59,maintenance,measured,13.2,1916.776,71.61,very_active,1.9,3641.8744,0.9830273989909254,1.5004522096560535,3580.062318883637,123.78730729662442,3434.5,126.6,normal
53,Male,105.1,1.84,176,130,62,0.69,444.0,Cardio,23.3,2.9,3,1,31.043241965973532,184.0,31.04,fat_loss,measured,23.3,2111.21272,80.6117,light,1.35,2850.137172,0.787284691729689,2.266924161860795,2322.3339920000003,238.25372941156954,2322.3,252.0,obese
50,Female,58.1,1.58,199,120,50,1.93,1042.0,Yoga,19.3,2.7,5,3,23.27351385995834,158.0,23.27,maintenance,measured,19.3,1382.75272,46.8867,very_active,1.9,2627.2301679999996,0.9731728859295767,1.4842392304941339,2556.749164593806,86.23429929170918,2620.9,83.2,normal
47,Female,61.0,1.76,162,153,54,1.54,1060.0,HIIT,15.6,2.7,5,3,19.692665289256198,176.0,19.69,muscle_gain,measured,15.6,1482.0544000000002,51.484,very_active,1.9,2815.9033600000002,1.1481322658388489,2.119872334116689,3233.029505100028,129.31221238111803,3203.6,130.0,normal
54,Female,64.5,1.53,171,120,58,1.74,940.0,Yoga,17.2,2.7,4,3,27.55350506215558,153.0,27.55,muscle_gain,measured,17.2,1523.5696000000003,53.406000000000006,active,1.75,2666.2468000000003,1.1246934050441453,2.0674108367365474,2998.7101921800568,133.3479989695073,3000.4,127.3,overweight
40,Male,58.2,1.98,198,138,74,1.43,1085.0,Cardio,24.0,2.5,3,2,14.84542393633303,198.0,14.85,muscle_gain,measured,24.0,1325.4112,44.232,moderate,1.55,2054.38736,1.1252367504339464,2.149685513174239,2311.6721570989744,125.11169686674071,2430.9,127.3,underweight
27,Female,69.5,1.76,171,121,66,0.94,569.0,Strength,34.4,2.0,3,1,22.43672520661157,176.0,22.44,maintenance,measured,34.4,1354.7872,45.592,light,1.35,1828.96272,1.0010467739841689,1.684257052996883,1830.8772305933107,117.05586518328337,1694.6,122.5,normal
22,Male,62.2,1.84,161,140,65,0.51,393.0,Strength,21.5,2.3,3,1,18.37192816635161,184.0,18.37,muscle_gain,measured,21.5,1424.6632000000002,48.827000000000005,light,1.35,1923.2953200000004,1.1361675952388803,2.177103724207614,2185.1858186585932,135.41585164571362,2200.9,133.8,underweight
53,Female,68.0,1.7,181,139,57,1.06,663.0,HIIT,25.1,2.4,4,2,23.529411764705884,170.0,23.53,fat_loss,measured,25.1,1470.1312,50.932,moderate,1.55,2278.70336,0.8283960598645471,2.327508186188317,1887.6688850241046,158.27055666080557,1935.9,159.7,normal
51,Female,56.3,1.5,182,142,66,1.43,914.0,Cardio,27.4,2.4,3,1,25.022222222222222,150.0,25.02,fat_loss,measured,27.4,1252.87408,40.873799999999996,moderate,1.5250000000000001,1910.6329720000003,0.7924597645807879,2.1255735783892518,1514.0997551914115,119.66979246331486,1519.8,120.3,overweight
48,Male,94.5,1.7,189,140,64,1.01,700.0,Cardio,28.2,3.5,3,2,32.69896193771627,170.0,32.7,fat_loss,measured,28.2,1835.5816,67.851,moderate,1.55,2845.15148,0.7803536771400758,2.1505563026972716,2220.224419438529,203.22757060489218,2083.1,198.3,obese
27,Female,58.0,1.79,164,143,73,1.39,994.0,Cardio,27.1,1.5,2,1,18.101807059704754,179.0,18.1,muscle_gain,measured,27.1,1283.2912000000001,42.282,light,1.35,1732.4431200000004,1.1266587579040095,2.107894587454054,1951.8722137185473,122.25788607233513,1905.7,120.9,underweight
36,Male,84.0,1.94,168,123,50,1.8,1218.0,HIIT,11.2,3.5,5,3,22.31905622276544,194.0,22.32,muscle_gain,measured,11.2,1981.1872,74.592,very_active,1.9,3764.2556799999998,1.1353889295404036,2.004677415949865,4273.894227031584,168.39290293978866,4287.7,165.8,normal
49,Male,61.0,1.87,180,131,61,1.14,739.0,Strength,21.3,3.0,4,2,17.444021847922443,187.0,17.44,muscle_gain,measured,21.3,1406.9512000000002,48.007000000000005,moderate,1.55,2180.7743600000003,1.121580168038412,2.1884932665799393,2445.913273142661,133.4980892613763,2407.2,132.1,underweight
18,Female,64.8,1.53,170,141,54,1.98,1396.0,Yoga,18.6,2.7,5,3,27.681660899653977,153.0,27.68,muscle_gain,measured,18.6,1509.33952,52.74719999999999,very_active,1.9,2867.7450879999997,1.1127585214756175,1.9637669295644569,3191.107784091844,127.2520970357768,3232.2,122.7,overweight
22,Male,45.7,1.77,164,139,73,1.04,795.0,HIIT,20.7,2.4,3,1,14.587123751157074,177.0,14.59,maintenance,measured,20.7,1152.78616,36.240100000000005,moderate,1.5250000000000001,1757.9988940000003,1.001619688139553,1.5126062759648236,1760.8463039579592,69.12610681159244,1738.2,70.0,underweight
21,Male,80.9,1.9,194,137,55,1.8,1356.0,Yoga,11.7,3.5,4,3,22.409972299168977,190.0,22.41,muscle_gain,measured,11.7,1912.9895200000003,71.4347,very_active,1.9,3634.6800880000005,1.1372020348406822,2.094608050811557,4133.3655920685105,169.453791310655,3995.9,169.6,normal
33,Female,64.1,1.63,186,120,74,1.58,948.0,Strength,16.4,2.7,5,3,24.125860965787194,163.0,24.13,muscle_gain,measured,16.4,1527.49216,53.5876,very_active,1.9,2902.235104,1.122606825411567,2.1373513050214394,3258.0689366994493,137.00421865187425,3179.5,139.8,normal
41,Male,67.0,1.77,161,149,50,1.22,900.0,HIIT,25.6,2.6,3,2,21.38593635289987,177.0,21.39,fat_loss,measured,25.6,1446.7168000000001,49.848,moderate,1.55,2242.4110400000004,0.8283831414004981,2.042013132590327,1857.5755016263583,136.8148798835519,1787.5,141.4,normal
33,Male,106.5,1.6,183,152,74,1.4,1170.0,Strength,27.3,3.3,4,2,41.60156249999999,160.0,41.6,fat_loss,measured,27.3,2042.3908000000001,77.4255,active,1.725,3523.1241300000006,0.8099356172885026,2.0721368353610115,2853.5037170155692,220.6825729659477,2840.2,224.4,obese
19,Male,95.1,1.85,190,143,50,1.21,952.0,Yoga,25.3,2.3,4,2,27.78670562454346,185.0,27.79,muscle_gain,measured,25.3,1904.45752,71.0397,moderate,1.55,2951.909156,1.125802622482251,1.8818159924993745,3323.2670691541684,178.9607008866905,3392.1,172.8,overweight
45,Female,65.5,1.57,192,133,59,0.66,395.0,Cardio,34.3,2.3,2,1,26.573086129254737,157.0,26.57,fat_loss,measured,34.3,1299.5236,43.033500000000004,sedentary,1.2,1559.42832,0.7843571882501847,2.1163191650640902,1429.4759600000002,138.61890531169792,1429.5,140.4,overweight
49,Male,105.7,1.64,198,155,59,1.2,921.0,Cardio,29.5,3.1,3,2,39.29952409280191,164.0,39.3,fat_loss,measured,29.5,1979.5996000000002,74.5185,moderate,1.55,3068.3793800000003,0.8073994944304187,2.278861768289544,2477.4079601327217,240.8756889082048,2503.7,248.6,obese
44,Female,48.0,1.76,189,124,52,0.88,491.0,Yoga,28.6,2.6,2,1,15.495867768595042,176.0,15.5,muscle_gain,measured,28.6,1110.2752,34.272,light,1.35,1498.8715200000001,1.1046511448677259,2.0733722718365417,1655.7301405776286,99.521869048154,1628.8,104.0,underweight
37,Female,69.5,1.5,196,130,66,0.69,448.0,Cardio,32.8,2.4,2,1,30.88888888888889,150.0,30.89,fat_loss,measured,32.8,1378.8064,46.704,sedentary,1.2,1654.5676799999999,0.7834349879849452,2.0923222882470935,1516.68704,145.416399033173,1518.2,147.9,obese
41,Male,66.1,1.69,187,143,68,0.77,545.0,Yoga,27.4,3.4,2,1,23.143447358285776,169.0,23.14,maintenance,measured,27.4,1406.5537599999998,47.98859999999999,light,1.35,1898.847576,1.0187988152435903,1.689862371596649,1934.5436607569632,111.69990276253849,1938.3,111.9,normal
29,Male,68.0,1.7,190,150,60,0.76,627.0,HIIT,28.9,2.9,2,1,23.529411764705884,170.0,23.53,maintenance,measured,28.9,1414.3168000000003,48.348000000000006,light,1.35,1909.3276800000006,1.0219014012914471,1.7959318348325404,1951.1446317165482,122.12336476861275,1850.8,116.7,normal
52,Male,50.3,1.78,170,132,67,0.85,555.0,HIIT,24.5,2.3,2,1,15.87552076757985,178.0,15.88,maintenance,measured,24.5,1190.2924,37.9765,light,1.35,1606.8947400000002,0.9998103276885209,1.4915864388488849,1606.5899565603606,75.0267978740989,1653.6,77.1,underweight
50,Female,69.3,1.68,182,135,51,1.2,729.0,HIIT,30.3,2.0,2,1,24.55357142857143,168.0,24.55,fat_loss,measured,30.3,1413.32536,48.3021,light,1.35,1907.9892360000001,0.7930732193620869,2.350650446460327,1554.6578960000002,162.90007593970066,1614.4,164.2,normal
50,Male,86.7,1.63,161,143,58,1.7,1203.0,Cardio,12.1,3.5,4,3,32.63201475403666,163.0,32.63,fat_loss,measured,12.1,2016.1208800000002,76.2093,active,1.75,3528.2115400000002,0.7921067183582037,2.0700879780470203,2794.7200646229444,179.47662769667667,2725.4,172.0,obese
54,Male,125.9,1.94,199,132,73,1.35,882.0,Strength,28.5,2.9,3,2,33.45201402912106,194.0,33.45,maintenance,measured,28.5,2314.3996000000006,90.01850000000002,moderate,1.55,3587.3193800000013,1.0132104729327023,1.7480250888547526,3634.7095655704497,220.07635868681336,3559.2,213.5,obese
29,Male,88.1,1.93,186,143,66,1.88,1479.0,Cardio,11.1,3.5,5,3,23.651641654809524,193.0,23.65,muscle_gain,measured,11.1,2061.73144,78.3209,very_active,1.9,3917.2897359999997,1.1004396364844724,2.141980337970378,4310.740893088195,188.70846777519031,4250.4,183.9,normal
20,Male,124.3,1.82,194,145,63,1.25,997.0,Cardio,22.4,3.2,3,2,37.52566115203477,182.0,37.53,fat_loss,measured,22.4,2453.46688,96.4568,moderate,1.55,3802.873664,0.8114710430175522,2.355446511895524,3085.9218585900608,292.7820014286136,2951.1,296.4,obese
18,Male,62.0,1.85,161,121,53,0.88,586.0,Strength,23.7,3.0,3,1,18.115412710007302,185.0,18.12,muscle_gain,measured,23.7,1391.8096,47.306,light,1.35,1878.94296,1.122415930327485,1.9504022777714178,2108.9555104806786,120.92494122182791,2038.7,117.7,underweight
50,Female,69.7,1.72,198,135,66,1.24,753.0,Strength,27.3,2.0,4,2,23.56003244997296,172.0,23.56,muscle_gain,measured,27.3,1464.51304,50.6719,moderate,1.55,2269.9952120000003,1.1462914427777326,1.828343246472965,2602.0760866620253,127.43552427916566,2559.3,127.8,normal
57,Female,60.9,1.52,196,157,66,1.31,926.0,Strength,30.6,1.8,3,2,26.359072022160664,152.0,26.36,fat_loss,measured,30.6,1282.91536,42.264599999999994,moderate,1.55,1988.518808,0.8177150341155427,2.210718228880943,1626.0417249231184,134.63274013884944,1546.1,135.6,overweight
27,Male,76.5,1.97,180,165,61,1.13,1025.0,Strength,21.3,2.3,2,1,19.711922492205417,197.0,19.71,muscle_gain,measured,21.3,1670.4388000000001,60.2055,light,1.35,2255.0923800000005,1.1189389623617114,2.1536826394203255,2523.3107277070026,164.7567219156549,2453.0,166.2,normal
46,Male,94.7,1.82,164,120,69,1.47,873.0,Cardio,23.2,3.2,3,2,28.58954232580606,182.0,28.59,fat_loss,measured,23.2,1940.9593600000003,72.7296,moderate,1.55,3008.4870080000005,0.8126189456782708,2.1481915185825606,2444.753540527736,203.4337368097685,2507.1,204.0,overweight
30,Male,67.9,1.75,180,168,67,1.25,1155.0,Yoga,29.1,3.1,2,1,22.171428571428574,175.0,22.17,fat_loss,measured,29.1,1409.84776,48.1411,light,1.35,1903.2944760000003,0.7861646900744669,2.0251870465880466,1550.8325360000003,137.51020046332837,1550.8,135.7,normal
29,Male,121.1,1.87,188,130,52,1.31,937.0,HIIT,24.1,3.2,4,2,34.63067288169521,187.0,34.63,fat_loss,measured,24.1,2355.3618400000005,91.9149,active,1.725,4062.999174000001,0.7831941454050909,2.06787621255248,3182.1171658625212,250.41980934010533,3118.1,255.4,obese
48,Female,71.5,1.64,179,154,60,1.46,1012.0,Yoga,32.5,1.9,4,2,26.58387864366449,164.0,26.58,maintenance,measured,32.5,1412.47,48.2625,active,1.725,2436.5107500000004,1.0154821840656774,1.7470962309232088,2474.233257909502,124.91738051100943,2455.7,122.1,overweight
19,Male,98.6,1.7,197,162,74,0.83,740.0,Cardio,21.1,2.4,2,1,34.11764705882353,170.0,34.12,maintenance,measured,21.1,2050.38064,77.79539999999999,light,1.35,2768.013864,1.0066138737925086,1.6832592655640366,2786.32115835241,165.969363584614,2919.4,164.7,obese
52,Female,68.2,1.63,179,148,67,1.17,779.0,Strength,27.5,2.4,3,1,25.669012759230686,163.0,25.67,fat_loss,measured,27.5,1438.0120000000002,49.445,moderate,1.5250000000000001,2192.9683000000005,0.7966692440742366,2.1449421121540966,1747.070397839764,146.2850520489094,1783.9,142.3,overweight
40,Female,57.7,1.69,184,156,53,1.18,920.0,HIIT,33.1,2.4,4,2,20.20237386646126,169.0,20.2,maintenance,measured,33.1,1203.7880800000003,38.6013,moderate,1.55,1865.8715240000004,1.0114927217471752,1.5315543524300597,1887.31546624131,88.37068613521444,1788.8,91.0,normal
34,Male,124.6,1.63,161,136,66,1.41,1055.0,HIIT,27.6,2.8,3,2,46.89675938123377,163.0,46.9,fat_loss,measured,27.6,2318.54464,90.21039999999999,moderate,1.55,3593.744192,0.8240446746438637,2.035508503181798,2961.405763449915,253.62435949645203,2989.6,245.9,obese
43,Female,73.0,1.59,191,158,67,1.31,931.0,Yoga,28.9,2.2,3,1,28.875440053795337,159.0,28.88,fat_loss,measured,28.9,1491.1048000000003,51.903000000000006,moderate,1.5250000000000001,2273.934820000001,0.7900083479348465,2.140326418162889,1796.4274904597232,156.2438285258909,1812.4,160.8,overweight
25,Female,59.4,1.51,185,161,54,1.62,1304.0,Cardio,19.8,2.7,5,3,26.051488969782028,151.0,26.05,maintenance,measured,19.8,1398.99808,47.6388,very_active,1.9,2658.096352,0.9996804061906488,1.5025899266906637,2657.2468408612417,89.25384164542542,2532.2,91.5,overweight
46,Female,52.0,1.65,165,147,63,0.7,463.0,Cardio,34.1,1.9,2,1,19.100091827364558,165.0,19.1,fat_loss,measured,34.1,1110.1888,34.268,sedentary,1.2,1332.2265599999998,0.7852817979636284,2.2437265286094163,1221.20768,116.67377948768964,1258.5,118.8,normal
43,Female,42.2,1.65,162,148,59,1.33,886.0,Cardio,34.6,2.3,3,2,15.500459136822776,165.0,15.5,muscle_gain,measured,34.6,966.1340799999999,27.598799999999997,moderate,1.55,1497.507824,1.1147525838870536,1.8494577690993852,1669.350716195079,78.04711785599406,1663.7,78.2,underweight
27,Male,89.3,1.64,192,162,64,1.82,1622.0,HIIT,12.1,3.5,4,3,33.20196311719215,164.0,33.2,fat_loss,measured,12.1,2065.48552,78.4947,very_active,1.9,3924.422488,0.7936172802995052,2.1899291772573064,3114.489501672778,195.56067552907746,3008.5,196.5,obese
43,Male,110.0,1.76,160,122,50,1.09,658.0,Yoga,22.0,3.4,3,1,35.51136363636364,176.0,35.51,fat_loss,measured,22.0,2223.2799999999997,85.8,moderate,1.5250000000000001,3390.502,0.8075638303966254,2.1556260247411547,2738.046782087419,237.11886272152702,2727.8,233.4,obese
51,Female,66.2,1.58,164,129,65,0.86,499.0,HIIT,31.3,2.3,3,1,26.518186188110878,158.0,26.52,maintenance,measured,31.3,1352.3550400000001,45.479400000000005,light,1.35,1825.6793040000002,1.0193848737094375,1.6022056174874992,1861.069866741974,106.06601187767245,1789.4,100.4,overweight
58,Male,58.6,1.66,172,161,60,1.21,964.0,HIIT,26.8,2.9,2,1,21.2657860357091,166.0,21.27,maintenance,measured,26.8,1296.5363200000002,42.8952,light,1.35,1750.3240320000004,0.9739304936820551,1.4160180929599784,1704.6939485893256,82.97866024745474,1732.3,84.5,normal
24,Male,51.0,1.67,178,133,72,0.97,710.0,Strength,21.3,2.8,3,1,18.286779733945284,167.0,18.29,muscle_gain,measured,21.3,1236.9592000000002,40.137,light,1.35,1669.8949200000004,1.115712508645529,2.074043647754751,1863.1226503676255,105.77622603549229,1831.7,108.3,underweight
21,Male,101.5,1.95,171,131,69,0.97,699.0,Yoga,27.9,3.1,3,1,26.692965154503618,195.0,26.69,fat_loss,measured,27.9,1950.7204000000004,73.18150000000001,light,1.35,2633.4725400000007,0.7849938275128773,2.2564552616613374,2145.7924400000006,229.03020905862573,2145.8,230.0,overweight
28,Male,114.2,1.87,184,166,55,1.05,959.0,Strength,20.2,3.2,3,2,32.65749663988103,187.0,32.66,fat_loss,measured,20.2,2338.4425600000004,91.1316,moderate,1.55,3624.585968000001,0.7840551225045527,2.0665040219583464,2841.875195168523,235.99475930764316,2768.4,234.4,obese
46,Male,54.4,1.72,194,161,73,0.91,725.0,Cardio,24.8,2.9,2,1,18.388318009734995,172.0,18.39,muscle_gain,measured,24.8,1253.63008,40.9088,light,1.35,1692.400608,1.1204721453415267,1.9334156375345959,1896.287740023064,105.17781068188201,1902.9,100.0,underweight
53,Female,52.4,1.57,171,149,71,1.34,898.0,HIIT,28.3,2.2,3,2,21.258468903403788,157.0,21.26,maintenance,measured,28.3,1181.52928,37.5708,moderate,1.55,1831.370384,0.9852467659393929,1.7070734737475934,1804.3517480731841,89.4506500243739,1816.5,91.7,normal
42,Male,85.2,1.81,189,151,65,1.54,1151.0,Yoga,13.7,3.5,5,3,26.00653215713806,181.0,26.01,fat_loss,measured,13.7,1958.1961600000002,73.5276,very_active,1.9,3720.572704,0.8230902910145186,2.2332726352291115,3062.3672696760345,190.2748285215203,2975.1,185.8,overweight
38,Male,83.6,1.74,164,151,51,1.66,1379.0,Cardio,11.6,3.5,5,3,27.612630466376004,174.0,27.61,maintenance,measured,11.6,1966.29184,73.9024,very_active,1.9,3735.954496,0.9990282384199497,1.787817271498997,3732.324038955971,149.46152389731614,3480.6,149.9,overweight
53,Male,115.4,1.92,193,161,50,1.36,1084.0,Yoga,28.3,2.2,4,2,31.304253472222225,192.0,31.3,fat_loss,measured,28.3,2157.2228800000003,82.7418,active,1.725,3721.2094680000005,0.7948675192521735,2.1461616300755715,2957.8685384468604,247.66705211072096,2890.8,243.6,obese
27,Male,71.2,1.97,181,151,73,0.74,615.0,HIIT,25.9,3.6,3,1,18.34625988817027,197.0,18.35,fat_loss,measured,25.9,1509.5987200000002,52.7592,light,1.35,2037.9582720000003,0.8054214911682707,2.138526476415837,1660.5585920000003,152.2630851208076,1660.6,149.3,underweight
54,Female,78.1,1.6,198,145,73,1.1,718.0,Yoga,32.9,2.4,4,2,30.507812499999993,160.0,30.51,fat_loss,measured,32.9,1501.95016,52.4051,moderate,1.55,2328.0227480000003,0.7954205197139973,2.252053322644114,1851.7570641201685,175.8853644985053,1858.1,181.3,obese
26,Female,54.2,1.65,172,120,58,1.07,642.0,Cardio,34.9,1.9,4,2,19.908172635445364,165.0,19.91,maintenance,measured,34.9,1132.1387200000001,35.284200000000006,moderate,1.55,1754.8150160000002,1.0180430940375829,1.737148673672879,1786.4773083522507,94.15345811307004,1767.3,93.2,normal
41,Female,77.6,1.76,162,161,71,1.27,920.0,Strength,31.8,2.2,4,2,25.051652892561982,176.0,25.05,maintenance,measured,31.8,1513.14112,52.923199999999994,active,1.725,2610.168432,0.9721441826830768,1.566202265950531,2537.460056991808,121.53729583776119,2551.2,122.3,overweight
52,Female,44.1,1.62,179,121,61,1.41,768.0,HIIT,34.8,1.6,3,1,16.80384087791495,162.0,16.8,muscle_gain,measured,34.8,991.0691200000001,28.753200000000003,moderate,1.5250000000000001,1511.3804080000002,1.1308717853465264,1.9535742025519864,1709.1774603327217,86.1526223325426,1756.0,87.4,underweight
52,Male,85.5,1.8,190,136,66,1.7,1144.0,Strength,10.1,3.5,5,3,26.388888888888886,180.0,26.39,muscle_gain,measured,10.1,2030.2732000000003,76.8645,very_active,1.9,3857.5190800000005,1.1010633836818744,2.0074762359468306,4247.373010842191,171.63921817345403,4155.3,165.7,overweight
53,Female,47.8,1.76,164,149,74,1.06,711.0,HIIT,28.4,1.5,4,2,15.43130165289256,176.0,15.43,muscle_gain,measured,28.4,1109.25568,34.224799999999995,moderate,1.55,1719.346304,1.1208729719675685,2.1692673809218928,1927.1688016059345,103.69098080806647,1901.4,102.3,underweight
35,Male,102.5,1.94,183,158,64,0.84,730.0,Cardio,21.1,2.4,2,1,27.234562652779257,194.0,27.23,maintenance,measured,21.1,2116.8459999999995,80.87249999999999,light,1.35,2857.7420999999995,1.0011413332807346,1.4158123838885428,2861.003736166486,145.12076934857564,2816.5,145.4,overweight
56,Male,118.0,1.9,199,126,68,0.66,412.0,HIIT,22.6,3.2,2,1,32.686980609418285,190.0,32.69,fat_loss,measured,22.6,2342.7712,91.33200000000001,sedentary,1.2,2811.32544,0.7857034883054046,2.306107966745525,2577.0483200000003,272.1207400759719,2577.0,269.4,obese
49,Male,82.3,1.84,192,146,71,1.29,932.0,Strength,28.4,3.4,4,2,24.30883742911153,184.0,24.31,fat_loss,measured,28.4,1642.81888,58.92679999999999,active,1.725,2833.862568,0.8197258557570588,2.14308955312441,2322.9904186516965,176.37627022213894,2343.5,173.8,normal
41,Male,81.6,1.87,167,128,59,1.87,1185.0,HIIT,10.2,3.5,5,3,23.334953816237235,187.0,23.33,muscle_gain,measured,10.2,1952.77888,73.2768,very_active,1.9,3710.279872,1.1222423658612009,1.828759987195498,4163.833261560473,149.22681495515263,4198.8,145.1,normal
40,Male,60.2,1.88,183,141,61,1.22,946.0,Cardio,25.2,3.0,3,2,17.032593933906746,188.0,17.03,maintenance,measured,25.2,1342.6393600000001,45.0296,moderate,1.55,2081.0910080000003,1.0167700516650398,1.4362268099024482,2115.99101172381,86.46085395612738,2211.2,85.6,underweight
49,Female,49.2,1.54,179,153,63,1.28,881.0,HIIT,30.7,2.1,3,2,20.74548827795581,154.0,20.75,muscle_gain,measured,30.7,1106.4649600000002,34.095600000000005,moderate,1.55,1715.0206880000005,1.1140135551498613,1.9062980597431893,1910.5562937944417,93.78986453936493,1937.5,92.8,normal
54,Female,46.6,1.5,175,165,58,1.38,1025.0,Strength,30.6,2.0,2,1,20.711111111111112,150.0,20.71,muscle_gain,measured,30.6,1068.5526399999999,32.340399999999995,light,1.35,1442.546064,1.1238913960701558,2.1848101922272494,1621.2651097644682,101.81215495778983,1612.9,102.7,normal
29,Female,68.7,1.72,171,168,62,1.08,907.0,Cardio,29.8,1.7,4,2,23.222011898323423,172.0,23.22,muscle_gain,measured,29.8,1411.71184,48.227399999999996,moderate,1.55,2188.153352,1.107130968416099,2.1559586242048643,2422.572339642693,148.11435748287417,2320.3,152.7,normal
30,Female,60.6,1.55,172,120,52,1.3,780.0,Strength,32.9,1.6,3,2,25.223725286160246,155.0,25.22,muscle_gain,measured,32.9,1248.3121600000002,40.662600000000005,moderate,1.55,1934.8838480000004,1.1332744271081794,1.9837292089081615,2192.75438436307,120.21399005983459,2262.5,124.6,overweight
40,Male,52.1,1.61,198,128,70,0.87,612.0,HIIT,21.3,3.3,2,1,20.099533197021717,161.0,20.1,maintenance,measured,21.3,1255.65832,41.002700000000004,light,1.35,1695.1387320000001,0.9792657953427908,1.4169151342860546,1659.99137860835,73.82127849630345,1640.7,79.8,normal
42,Female,46.6,1.77,184,139,63,0.61,382.0,Yoga,28.1,2.6,2,1,14.874397523061699,177.0,14.87,muscle_gain,measured,28.1,1093.71664,33.5054,sedentary,1.2,1312.4599680000001,1.1284367039517857,2.0932252470634096,1481.0280003585863,97.54429651315489,1481.3,101.3,underweight
52,Male,65.5,1.74,191,138,70,1.48,1011.0,Strength,26.2,2.8,4,2,21.63429779363192,174.0,21.63,muscle_gain,measured,26.2,1414.1224,48.339,active,1.725,2439.36114,1.1326698971965663,1.9689680775767329,2762.9909316690987,128.967409081276,2970.7,128.9,normal
58,Female,44.2,1.57,183,155,59,1.08,753.0,HIIT,31.9,2.3,3,1,17.93176193760396,157.0,17.93,maintenance,measured,31.9,1020.1643200000001,30.100200000000005,moderate,1.5250000000000001,1555.7505880000003,0.9952280038112185,1.643673205262962,1548.3265521233698,72.65035567262292,1530.6,75.2,underweight
47,Male,89.1,1.84,168,159,65,1.44,1133.0,Yoga,24.0,3.6,3,2,26.317344045368618,184.0,26.32,maintenance,measured,24.0,1832.6656,67.716,moderate,1.55,2840.63168,1.0196399834474081,1.7253735566852995,2896.421639175383,153.73078390066019,2946.4,160.1,overweight
34,Male,65.9,1.62,199,164,56,0.81,731.0,Yoga,28.8,2.2,2,1,25.110501447950003,162.0,25.11,fat_loss,measured,28.8,1383.48928,46.9208,light,1.35,1867.710528,0.8295447634695686,2.035963501161085,1549.3494881793831,134.1699947265155,1536.0,136.6,overweight
37,Female,55.6,1.57,182,123,53,0.97,597.0,Cardio,29.2,2.4,2,1,22.5566960120086,157.0,22.56,fat_loss,measured,29.2,1220.27968,39.3648,light,1.35,1647.3775680000003,0.8181969626875324,2.0323145492581363,1347.8793225371742,112.99668893875238,1388.0,110.7,normal
42,Male,63.7,1.98,172,128,69,1.37,868.0,Yoga,24.0,3.0,2,1,16.248342005917763,198.0,16.25,fat_loss,measured,24.0,1415.6992000000002,48.412000000000006,light,1.35,1911.1939200000004,0.7879946739598387,2.135457062539684,1557.2691200000004,136.02861488377786,1586.4,139.2,underweight
39,Male,86.2,1.82,191,160,72,1.96,1725.0,Strength,10.2,3.5,5,3,26.02342712232822,182.0,26.02,muscle_gain,measured,10.2,2042.0041600000002,77.4076,very_active,1.9,3879.8079040000002,1.1073914853884057,2.1302347971576823,4296.466237832237,183.62623951499222,4431.3,184.1,overweight
30,Female,59.2,1.63,174,141,74,1.85,1304.0,Strength,17.8,2.7,4,3,22.281606383379128,163.0,22.28,maintenance,measured,17.8,1421.1078400000001,48.6624,very_active,1.9,2700.1048960000003,0.98442343526499,1.7230349669076728,2658.046537296139,102.00367004093424,2566.4,95.3,normal
36,Male,85.4,1.88,195,137,60,1.98,1492.0,Yoga,13.5,3.5,5,3,24.162516976007247,188.0,24.16,maintenance,measured,13.5,1965.6136000000004,73.87100000000001,very_active,1.9,3734.6658400000006,0.9917475874449124,1.7857113973262044,3703.845836732928,152.49975333165787,3757.8,154.1,normal
53,Female,68.1,1.55,164,131,65,1.41,831.0,HIIT,26.1,2.2,4,2,28.345473465140472,155.0,28.35,fat_loss,measured,26.1,1457.03944,50.3259,active,1.725,2513.393034,0.8138140055567135,2.0879556704834723,2045.434452537881,142.18978115992445,2060.4,144.1,overweight
29,Female,60.0,1.62,181,161,69,0.85,684.0,Strength,28.1,1.9,2,1,22.86236854138088,162.0,22.86,fat_loss,measured,28.1,1301.824,43.14,light,1.35,1757.4624000000001,0.8259929116630162,2.367717466319054,1451.6514849142727,142.06304797914322,1471.9,142.7,normal
58,Female,74.8,1.69,175,162,53,1.28,933.0,Strength,32.8,2.3,4,2,26.189559189104024,169.0,26.19,fat_loss,measured,32.8,1455.73696,50.2656,active,1.725,2511.146256,0.8114508376795537,2.288977003657049,2037.671732967075,171.21547987354725,1938.7,172.1,overweight
36,Male,90.3,1.65,169,158,71,1.38,1199.0,Cardio,23.7,3.4,4,2,33.16804407713499,165.0,33.17,fat_loss,measured,23.7,1858.21624,68.8989,active,1.725,3205.423014,0.8297791330757815,2.2098999502228533,2659.7931296980787,199.55396550512364,2673.6,200.0,obese
29,Male,86.1,1.65,183,128,71,1.66,1169.0,HIIT,11.2,3.5,4,3,31.62534435261708,165.0,31.63,fat_loss,measured,11.2,2021.4668800000002,76.4568,active,1.75,3537.5670400000004,0.8186135900650565,2.379142481546823,2895.900454710216,204.84416766118147,2920.3,204.9,obese
26,Male,73.7,1.66,177,125,72,0.93,639.0,Yoga,26.7,2.2,2,1,26.745536362316738,166.0,26.75,maintenance,measured,26.7,1536.8773600000002,54.0221,light,1.35,2074.7844360000004,0.9954524705294968,1.6873146297212884,2065.3492926323493,124.35508821045896,2114.4,130.6,overweight
24,Female,67.7,1.56,177,138,66,1.42,980.0,HIIT,27.0,2.1,3,2,27.81886916502301,156.0,27.82,muscle_gain,measured,27.0,1437.4936,49.421,moderate,1.55,2228.11508,1.1011208552255503,2.029578419315896,2453.4239824305455,137.40245898768617,2527.5,131.8,overweight
45,Male,78.3,1.96,166,167,62,1.29,1066.0,Cardio,29.0,2.2,3,1,20.382132444814662,196.0,20.38,fat_loss,measured,29.0,1570.8088,55.592999999999996,moderate,1.5250000000000001,2395.48342,0.8249777057667024,2.321831125773662,1976.220416033774,181.79937714807772,1913.5,183.0,normal
31,Female,48.2,1.65,163,166,60,1.1,913.0,Cardio,26.1,2.5,2,1,17.704315886134072,165.0,17.7,maintenance,measured,26.1,1139.3876800000003,35.619800000000005,light,1.35,1538.1733680000004,1.0136490047188726,1.5024003501578682,1559.1679035582767,72.41569687760925,1486.1,73.0,underweight
48,Female,56.8,1.51,185,126,52,1.37,777.0,HIIT,32.1,2.1,4,2,24.911188105784834,151.0,24.91,maintenance,measured,32.1,1203.05152,38.5672,active,1.725,2075.263872,0.9812426161262723,1.6830570169797539,2036.3373509136175,95.59763856445001,2147.5,95.9,normal
36,Male,112.4,1.63,164,135,58,1.02,757.0,Cardio,25.0,3.4,4,2,42.304941849523885,163.0,42.3,fat_loss,measured,25.0,2190.88,84.30000000000001,moderate,1.55,3395.8640000000005,0.7892253616012751,2.398002169927615,2680.101993348753,269.53544389986394,2624.4,274.3,obese
33,Female,59.0,1.67,175,124,55,0.9,558.0,Cardio,33.7,1.9,3,1,21.15529420201513,167.0,21.16,maintenance,measured,33.7,1214.9272,39.117000000000004,light,1.35,1640.1517200000003,0.9943014715809508,1.6242843271654763,1630.8052688120279,95.83277530276311,1695.4,97.3,normal
22,Male,98.4,1.88,194,135,71,0.52,386.0,Cardio,21.3,2.2,2,1,27.840651878678138,188.0,27.84,muscle_gain,measured,21.3,2042.7212800000004,77.44080000000001,sedentary,1.2,2451.2655360000003,1.1151273002448627,1.9186348148881844,2733.4731193429566,188.79366578499736,2855.2,185.2,overweight
52,Male,66.5,1.6,185,120,70,1.34,796.0,HIIT,26.8,2.1,4,2,25.976562499999996,160.0,25.98,muscle_gain,measured,26.8,1421.4448,48.678,active,1.725,2451.99228,1.1231328702096999,2.0584148180382793,2753.913127168426,136.88458539954559,2825.8,134.1,overweight
29,Male,106.5,1.81,177,156,60,1.29,1107.0,Cardio,25.7,2.5,4,2,32.508165196422574,181.0,32.51,fat_loss,measured,25.7,2079.1972,79.1295,active,1.725,3586.6151700000005,0.8177906120245096,2.346819923359295,2933.100214970691,249.9363218377649,3039.8,249.3,obese
42,Male,88.4,1.93,188,158,65,1.68,1314.0,Yoga,12.4,3.5,4,3,23.73218072968402,193.0,23.73,muscle_gain,measured,12.4,2042.6694400000001,77.4384,active,1.75,3574.6715200000003,1.118656577205377,2.1512887084923356,3998.8298071967424,190.17392183072246,3967.2,188.1,normal
38,Male,88.4,1.79,182,138,68,1.74,1321.0,Yoga,12.5,3.5,5,3,27.5896507599638,179.0,27.59,muscle_gain,measured,12.5,2040.7600000000002,77.35000000000001,very_active,1.9,3877.4440000000004,1.1141026365162714,2.1588684081434826,4319.870583344198,190.84396727988388,4334.8,194.8,overweight
53,Female,53.3,1.74,173,156,54,1.37,962.0,Strength,32.2,1.8,3,2,17.60470339542872,174.0,17.6,muscle_gain,measured,32.2,1150.56784,36.13739999999999,moderate,1.55,1783.380152,1.1063693679979865,1.9833887315723595,1973.077171668393,105.71461939280675,2020.6,103.9,underweight
40,Female,58.1,1.56,174,136,63,0.61,415.0,Yoga,34.4,2.2,2,1,23.874095989480605,156.0,23.87,fat_loss,measured,34.4,1193.25376,38.113600000000005,sedentary,1.2,1431.904512,0.806558206124654,2.399252867319784,1312.579136,139.39659159127947,1312.6,138.2,normal
33,Female,74.2,1.76,192,145,66,1.15,834.0,Strength,25.9,1.5,4,2,23.954028925619838,176.0,23.95,muscle_gain,measured,25.9,1557.61552,54.9822,moderate,1.55,2414.304056,1.114019145656642,2.0528084599425873,2689.5809418204854,152.31838772773997,2630.8,152.1,normal
56,Male,84.6,1.63,184,141,52,1.01,705.0,HIIT,20.2,2.9,4,2,31.84161993300463,163.0,31.84,fat_loss,measured,20.2,1828.2332800000001,67.5108,moderate,1.55,2833.7615840000003,0.7864365674548637,2.265766173669549,2228.5737331064174,191.68381829244385,2201.7,191.7,obese
59,Male,78.0,1.92,180,127,53,0.72,453.0,Cardio,28.1,2.7,3,1,21.158854166666668,192.0,21.16,fat_loss,measured,28.1,1581.3712,56.082,light,1.35,2134.8511200000003,0.7933647934670442,2.0829147069902265,1739.5083200000001,162.46734714523768,1739.5,165.2,normal
56,Male,89.0,1.68,176,152,65,1.77,1332.0,Yoga,10.5,3.5,5,3,31.533446712018144,168.0,31.53,maintenance,measured,10.5,2090.5480000000002,79.655,very_active,1.9,3972.0412,0.9811544030111627,1.4367425254289605,3897.185712321743,127.87008476317749,3970.7,123.3,obese
31,Female,42.7,1.76,182,121,65,1.46,883.0,Strength,34.9,2.2,3,1,13.78486570247934,176.0,13.78,maintenance,measured,34.9,970.43032,27.797700000000003,moderate,1.5250000000000001,1479.9062380000003,1.0112481421395496,1.6091349786754985,1496.5524337182303,68.71006358944379,1493.2,68.2,underweight
48,Male,83.9,1.82,176,149,70,1.9,1401.0,HIIT,13.1,3.5,5,3,25.329066537857745,182.0,25.33,maintenance,measured,13.1,1944.8365600000004,72.90910000000001,very_active,1.9,3695.1894640000005,0.998092409945273,1.4677292007893308,3688.140557328142,123.14247994622487,3855.9,119.5,overweight
22,Female,78.7,1.52,173,166,74,1.45,1204.0,Strength,31.5,2.3,3,2,34.06336565096953,152.0,34.06,fat_loss,measured,31.5,1534.4452000000003,53.90950000000001,moderate,1.55,2378.3900600000006,0.7912325478970118,2.304814277283918,1881.8596270667272,181.38888362224435,1906.2,185.7,obese
52,Female,65.9,1.52,188,139,53,1.27,794.0,Cardio,27.0,2.3,4,2,28.523199445983384,152.0,28.52,muscle_gain,measured,27.0,1409.1112000000003,48.107000000000006,active,1.725,2430.7168200000006,1.1483690997804512,1.8558865663325148,2791.3600864046016,122.30292472131273,2934.7,119.8,overweight
40,Male,76.9,1.92,179,137,68,1.13,851.0,Yoga,22.4,3.7,4,2,20.860460069444446,192.0,20.86,maintenance,measured,22.4,1658.9670400000002,59.674400000000006,moderate,1.55,2571.3989120000006,1.0199860053239609,1.5295555818377997,2622.7909043452596,117.6228242433268,2701.0,120.0,normal
46,Male,84.3,2.0,189,162,66,1.83,1467.0,HIIT,13.3,3.5,5,3,21.075,200.0,21.07,muscle_gain,measured,13.3,1948.70296,73.0881,very_active,1.9,3702.535624,1.1270414388534744,1.893859379210941,4172.911077079207,159.65234566748234,4238.4,159.4,normal
28,Female,62.4,1.6,178,129,62,1.1,710.0,Strength,34.1,1.7,3,2,24.374999999999996,160.0,24.37,muscle_gain,measured,34.1,1258.22656,41.1216,moderate,1.55,1950.2511680000002,1.1391849381644525,2.0774893115454733,2221.6967562232317,129.63533304043753,2305.5,132.5,normal
35,Male,63.7,1.74,198,143,71,1.03,810.0,HIIT,29.8,2.7,4,2,21.039767472585545,174.0,21.04,fat_loss,measured,29.8,1335.8958400000001,44.7174,moderate,1.55,2070.6385520000003,0.8221164945243353,2.246910647439594,1702.3061077971859,143.12820824190214,1634.2,143.0,normal
29,Female,54.9,1.52,172,123,72,1.48,910.0,Strength,27.0,2.0,3,1,23.762119113573405,152.0,23.76,maintenance,measured,27.0,1235.6632,40.077,moderate,1.5250000000000001,1884.3863800000001,0.9833580160456815,1.5876835821046174,1853.026452100304,87.16382865754349,1911.5,89.0,normal
26,Male,76.4,1.79,177,156,73,1.17,1004.0,Strength,21.3,2.7,3,2,23.844449299335228,179.0,23.84,maintenance,measured,21.3,1668.7388800000003,60.12680000000001,moderate,1.55,2586.5452640000008,1.017385826842433,1.5134019338490674,2631.51449208002,115.62390774606875,2627.3,117.6,normal
27,Male,106.4,1.86,182,123,50,1.34,907.0,Cardio,20.6,3.1,2,1,30.755000578101512,186.0,30.76,fat_loss,measured,20.6,2194.8025600000005,84.48160000000001,light,1.35,2962.983456000001,0.8092951074936421,2.1215013016472075,2414.282816000001,225.72773849526288,2414.3,223.7,obese
34,Female,68.4,1.5,192,132,61,1.37,904.0,Cardio,33.7,2.1,4,2,30.400000000000002,150.0,30.4,fat_loss,measured,33.7,1349.5427200000001,45.3492,active,1.725,2327.961192,0.7840839336881781,2.315800512813298,1825.31696889678,158.4007550764296,1760.7,158.1,obese
55,Male,63.5,1.86,198,144,53,1.36,969.0,Strength,22.9,2.9,4,2,18.35472308937449,186.0,18.35,muscle_gain,measured,22.9,1427.5036,48.9585,active,1.725,2462.44371,1.1038312073222214,2.0397891121112486,2718.12221337231,129.5266086190643,2785.4,129.3,underweight
24,Female,59.4,1.5,199,132,60,1.25,825.0,Yoga,25.0,2.0,3,2,26.4,150.0,26.4,maintenance,measured,25.0,1332.28,44.55,moderate,1.55,2065.034,1.015284617078943,1.5192823912120788,2096.597253944998,90.24537403799748,2112.1,93.3,overweight
30,Male,113.4,1.91,177,137,54,1.27,957.0,HIIT,22.2,3.7,3,1,31.0846742139744,191.0,31.08,fat_loss,measured,22.2,2275.66432,88.2252,moderate,1.5250000000000001,3470.388088,0.795375466775152,2.139148216099495,2760.2615453839276,242.5794077056827,2722.3,253.3,obese
57,Female,61.9,1.52,168,143,51,0.92,592.0,HIIT,28.4,2.6,3,1,26.791897506925206,152.0,26.79,fat_loss,measured,28.4,1327.32064,44.3204,light,1.35,1791.882864,0.8229695543949179,2.0754578711615017,1474.6650421139693,128.47084222489696,1460.1,130.4,overweight
59,Female,70.7,1.68,192,121,66,1.17,637.0,Cardio,34.9,1.9,3,2,25.04960317460318,168.0,25.05,muscle_gain,measured,34.9,1364.1551200000001,46.0257,moderate,1.55,2114.4404360000003,1.134552832114447,1.9173098661856023,2398.944385001106,135.5538075393221,2393.3,136.3,overweight
26,Male,111.5,1.9,191,167,57,1.02,937.0,Yoga,25.2,2.2,2,1,30.886426592797786,190.0,30.89,fat_loss,measured,25.2,2171.4832,83.402,light,1.35,2931.5023200000005,0.8259944092859246,2.1154282708357277,2421.4045271287177,235.87025219818364,2459.9,231.7,obese
44,Female,72.1,1.66,176,152,55,1.4,958.0,Strength,27.0,2.5,2,1,26.1649005661199,166.0,26.16,fat_loss,measured,27.0,1506.8727999999999,52.632999999999996,light,1.35,2034.27828,0.8073190918101286,2.2095627338352615,1657.56008,159.30947310952234,1657.6,155.8,overweight
19,Male,56.9,1.87,178,138,70,0.61,463.0,Cardio,23.3,3.7,3,1,16.27155480568503,187.0,16.27,maintenance,measured,23.3,1312.6736799999999,43.6423,light,1.35,1772.1094679999999,1.027033066407949,1.7214851691521733,1820.0150209305991,97.95250612475866,1787.6,98.1,underweight
22,Male,86.2,1.9,186,128,58,1.91,1345.0,Strength,11.7,3.5,5,3,23.878116343490305,190.0,23.88,muscle_gain,measured,11.7,2014.0753600000003,76.11460000000001,very_active,1.9,3826.7431840000004,1.1007222315780905,2.1815489546610514,4212.181297168728,188.04951989178264,4088.3,194.0,normal
46,Male,59.4,1.68,165,147,62,1.16,844.0,Strength,20.2,2.5,4,2,21.045918367346943,168.0,21.05,muscle_gain,measured,20.2,1393.8659200000002,47.4012,moderate,1.55,2160.492176,1.1344056551132706,2.108152611594352,2450.874542282376,125.22426512870452,2529.6,119.6,normal
54,Female,75.6,1.72,194,154,60,0.97,672.0,Cardio,26.4,1.9,3,1,25.554353704705246,172.0,25.55,maintenance,measured,26.4,1571.85856,55.6416,light,1.35,2122.009056,0.9914633733156746,1.580220822553444,2103.89425686817,119.46469418504036,2104.8,122.3,overweight
55,Female,76.3,1.73,196,158,65,1.08,768.0,Yoga,32.0,2.6,3,1,25.493668348424602,173.0,25.49,fat_loss,measured,32.0,1490.6943999999999,51.88399999999999,moderate,1.5250000000000001,2273.30896,0.8041490585951078,2.0568894606721635,1828.0792600798234,156.94066584928606,1805.0,160.1,overweight
36,Male,95.8,1.86,193,129,65,1.37,972.0,HIIT,21.2,3.2,3,1,27.69106255058388,186.0,27.69,fat_loss,measured,21.2,2000.59264,75.4904,moderate,1.5250000000000001,3050.9037760000006,0.8074853541709829,2.319938889747821,2463.5601161049494,222.25014563784123,2378.1,225.0,overweight
25,Male,120.6,1.83,179,120,51,1.04,686.0,Cardio,22.3,2.5,3,2,36.0118247782854,183.0,36.01,fat_loss,measured,22.3,2394.0539200000003,93.7062,moderate,1.55,3710.7835760000007,0.8124990473550099,2.013617487983509,3015.0081204406174,242.84226905081118,3181.8,240.6,obese
18,Female,65.3,1.55,184,161,59,1.42,1143.0,Yoga,28.5,2.2,3,2,27.180020811654522,155.0,27.18,maintenance,measured,28.5,1378.4932000000001,46.6895,moderate,1.55,2136.6644600000004,0.9793929690860745,1.4083977445093674,2092.6341494200947,91.96837271646169,2050.7,91.0,overweight
39,Male,85.3,1.89,163,140,61,0.77,593.0,Strength,27.6,3.6,2,1,23.879510651997425,189.0,23.88,fat_loss,measured,27.6,1703.95552,61.7572,light,1.35,2300.3399520000003,0.8048924045202996,2.1380918113935596,1874.3510720000002,182.37923151187064,1922.4,179.6,normal
34,Male,68.0,1.68,169,128,57,0.67,472.0,Cardio,25.8,3.4,2,1,24.092970521541954,168.0,24.09,maintenance,measured,25.8,1459.8496000000002,50.456,sedentary,1.2,1751.8195200000002,1.0123068759630902,1.6562489049332512,1773.3789455423605,112.62492553546107,1825.0,104.5,normal
24,Female,52.6,1.57,169,166,60,1.29,1071.0,HIIT,31.9,2.4,2,1,21.33960809769159,157.0,21.34,muscle_gain,measured,31.9,1143.72496,35.820600000000006,light,1.35,1544.028696,1.1085000277285575,2.0505441165640157,1711.5558523296886,107.85862053126723,1695.0,108.5,normal
42,Male,63.3,1.77,183,134,59,1.32,876.0,HIIT,25.7,3.3,3,2,20.204921957291962,177.0,20.2,fat_loss,measured,25.7,1385.88904,47.0319,moderate,1.55,2148.128012,0.7830393800378319,2.237249291710693,1682.0688267583805,141.61788016528686,1712.3,147.4,normal
21,Female,76.3,1.65,180,154,62,1.14,878.0,Strength,31.8,1.7,3,2,28.0257116620753,165.0,28.03,fat_loss,measured,31.8,1493.99056,52.03659999999999,moderate,1.55,2315.685368,0.8212523694907378,2.096480356494374,1901.762095465031,159.96145120052074,1899.4,161.3,overweight
53,Male,61.0,1.63,170,124,74,0.54,331.0,Cardio,20.0,3.4,3,1,22.95908765854944,163.0,22.96,maintenance,measured,20.0,1424.0800000000002,48.800000000000004,light,1.35,1922.5080000000003,0.9893841018647015,1.6914628006582815,1902.0988509077038,103.17923084015517,1849.2,100.9,normal
23,Female,67.8,1.61,186,160,66,1.34,1072.0,HIIT,34.3,1.8,2,1,26.156398287103116,161.0,26.16,fat_loss,measured,34.3,1332.16336,44.5446,light,1.35,1798.420536,0.7920162203669588,2.08015787825112,1465.3796960000002,141.03470414542593,1465.4,141.1,overweight
48,Male,114.9,1.86,175,141,56,1.36,949.0,Cardio,21.1,3.6,3,1,33.21193201526188,186.0,33.21,fat_loss,measured,21.1,2328.17176,90.6561,moderate,1.5250000000000001,3550.4619340000004,0.7938070385069259,2.212148422418601,2818.3816731601128,254.17585373589728,2808.0,263.9,obese
36,Male,88.0,1.71,185,160,73,1.87,1646.0,HIIT,12.0,3.5,5,3,30.094730002393902,171.0,30.09,maintenance,measured,12.0,2042.704,77.44,very_active,1.9,3881.1375999999996,1.0259008160204146,1.7390567672239734,3981.662230927513,153.03699551570966,4126.0,148.8,obese
56,Female,67.7,1.58,189,142,52,1.45,927.0,Strength,32.7,1.9,2,1,27.11905143406505,158.0,27.12,maintenance,measured,32.7,1354.14136,45.56210000000001,light,1.35,1828.0908360000003,1.0082377861014054,1.5262953026558757,1843.1502572809077,103.33019198980278,1824.3,101.2,overweight
44,Male,124.8,1.85,175,126,69,1.35,842.0,Strength,24.4,3.5,4,2,36.46457268078889,185.0,36.46,fat_loss,measured,24.4,2407.93408,94.3488,active,1.725,4153.686288,0.8265582015411312,2.1617213013437286,3433.2634679753373,269.78281840769733,3445.3,272.4,obese
27,Female,53.0,1.58,166,142,62,1.26,895.0,Cardio,34.5,1.8,4,2,21.230572023714146,158.0,21.23,maintenance,measured,34.5,1119.844,34.715,active,1.725,1931.7309000000002,1.0178359244496014,1.5682585490117262,1966.1851063893607,83.11770309762149,2021.0,84.6,normal
43,Male,61.2,1.88,175,163,68,1.03,831.0,Yoga,24.7,2.9,3,1,17.315527387958355,188.0,17.32,muscle_gain,measured,24.7,1365.40576,46.083600000000004,moderate,1.5250000000000001,2082.2437840000002,1.1435267197451982,2.148711665859739,2381.101404027349,131.50115395061604,2457.9,132.0,underweight
36,Female,48.7,1.68,194,144,56,1.23,886.0,Yoga,33.7,1.6,3,1,17.25481859410431,168.0,17.25,muscle_gain,measured,33.7,1067.42296,32.2881,moderate,1.5250000000000001,1627.8200140000004,1.104421428607704,1.857436193566623,1797.7993053780933,90.45714262669455,1732.4,87.3,underweight
56,Female,50.6,1.7,175,146,58,1.29,848.0,Strength,33.1,2.3,2,1,17.508650519031143,170.0,17.51,muscle_gain,measured,33.1,1101.1902400000001,33.851400000000005,light,1.35,1486.6068240000002,1.1056078762749384,1.8456159381177144,1643.6042135384714,93.38816646875635,1776.2,92.1,underweight
20,Female,72.6,1.73,199,160,68,1.27,1016.0,HIIT,34.8,2.5,3,2,24.257409201777538,173.0,24.26,fat_loss,measured,34.8,1392.4403200000002,47.3352,moderate,1.55,2158.2824960000003,0.8250396731546681,2.130618895590019,1780.6686850752815,154.68293181983537,1833.5,151.9,normal
30,Female,70.4,1.56,171,125,62,1.03,644.0,Yoga,34.3,2.4,4,2,28.928336620644313,156.0,28.93,fat_loss,measured,34.3,1369.06048,46.25280000000001,moderate,1.55,2122.043744,0.8158309946080452,2.254324448527407,1731.2290582693001,158.70444117632948,1715.1,153.7,overweight
45,Male,52.5,1.88,194,153,71,1.08,818.0,Strength,29.0,2.9,4,2,14.854006337709372,188.0,14.85,muscle_gain,measured,29.0,1175.1399999999999,37.275,moderate,1.55,1821.4669999999999,1.1388166551877787,2.172430971997364,2074.316956474918,114.0526260298616,2100.2,109.3,underweight
37,Male,76.3,1.77,180,128,57,1.36,957.0,HIIT,27.3,2.1,4,2,24.354431995914325,177.0,24.35,fat_loss,measured,27.3,1568.15416,55.470099999999995,active,1.725,2705.065926,0.8064579458178723,2.1292514515928693,2181.521909983881,162.46188575653593,2270.8,160.5,normal
45,Female,41.2,1.58,195,168,71,1.47,1111.0,HIIT,28.7,2.6,2,1,16.503765422207977,158.0,16.5,muscle_gain,measured,28.7,1004.5129600000001,29.375600000000006,light,1.35,1356.0924960000002,1.113733317044703,1.9928436883184237,1510.3253937895108,82.10515995871906,1476.9,80.4,underweight
25,Female,55.3,1.76,176,152,67,1.56,1186.0,Yoga,15.5,2.7,4,3,17.852530991735538,176.0,17.85,muscle_gain,measured,15.5,1379.3355999999999,46.7285,active,1.75,2413.8372999999997,1.122159964329771,1.981240299051671,2708.7115784658704,109.5625885375574,2688.6,107.9,underweight
58,Female,49.7,1.67,191,125,72,1.38,776.0,Strength,31.9,2.3,4,2,17.820646132883933,167.0,17.82,muscle_gain,measured,31.9,1101.0671200000002,33.84570000000001,active,1.725,1899.3407820000004,1.1479257523887285,2.0017015553660586,2180.3021962199464,99.48456730169312,2144.4,95.8,underweight
56,Male,48.3,1.87,165,156,51,0.68,525.0,HIIT,29.8,3.3,3,1,13.812233692699245,187.0,13.81,maintenance,measured,29.8,1102.38256,33.9066,light,1.35,1488.216456,1.0206221728627805,1.4870061592463657,1518.9067130128667,71.82239749159946,1455.5,72.0,underweight
18,Male,83.2,1.96,183,150,67,1.83,1510.0,HIIT,13.6,3.5,4,3,21.657642648896296,196.0,21.66,muscle_gain,measured,13.6,1922.7116800000001,71.8848,very_active,1.9,3653.152192,1.1178500944953513,1.8552618451501575,4083.6765230331,154.3577855164931,4038.1,154.5,normal
20,Male,120.5,1.73,186,153,67,1.01,850.0,Cardio,29.3,3.4,3,2,40.261953289451704,173.0,40.26,fat_loss,measured,29.3,2210.1796000000004,85.19350000000001,moderate,1.55,3425.7783800000007,0.8054914926083843,2.1366893125880084,2759.435340651733,257.471062166855,2741.8,250.5,obese
30,Male,121.6,2.0,179,160,60,1.24,1091.0,Cardio,28.0,3.3,4,2,30.4,200.0,30.4,fat_loss,measured,28.0,2261.1232,87.55199999999999,moderate,1.55,3504.74096,0.8112871506456198,2.0600717684674583,2843.3513071893944,250.5047270456429,2742.0,247.5,obese
45,Female,73.0,1.75,184,148,50,1.14,759.0,Yoga,26.6,2.0,4,2,23.836734693877553,175.0,23.84,muscle_gain,measured,26.6,1527.3712,53.582,moderate,1.55,2367.42536,1.125722358720596,1.9468890423654661,2665.063660354156,142.12290009267903,2658.5,140.0,normal
42,Female,57.5,1.67,161,133,63,1.76,1053.0,Cardio,16.2,2.7,5,3,20.617447739252036,167.0,20.62,muscle_gain,measured,16.2,1410.796,48.184999999999995,very_active,1.9,2680.5124,1.1186399639012519,1.985847954369696,2998.528294372858,114.18625737625753,3005.7,118.0,normal
50,Female,42.7,1.53,168,155,65,1.41,983.0,Strength,28.4,2.4,4,2,18.24084753727199,153.0,18.24,muscle_gain,measured,28.4,1030.38112,30.5732,active,1.725,1777.4074320000002,1.1283840921396515,1.9213150840123754,2005.5982715195896,82.04015408732843,1985.2,82.7,underweight
55,Male,129.9,1.73,187,155,60,0.69,529.0,Yoga,21.7,3.1,3,1,43.40271977012262,173.0,43.4,fat_loss,measured,21.7,2566.97272,101.71170000000001,light,1.35,3465.4131720000005,0.8092154050976355,2.0086283488038092,2823.6699920000005,260.9208225096148,2877.8,266.1,obese
23,Male,108.6,1.92,197,134,50,0.89,656.0,Yoga,25.8,3.5,2,1,29.459635416666664,192.0,29.46,fat_loss,measured,25.8,2110.5539200000003,80.5812,light,1.35,2849.2477920000006,0.8013794921029297,2.0645752209346084,2321.6093120000005,224.21286899349846,2321.6,229.5,overweight
49,Male,88.6,2.0,162,127,56,1.83,1150.0,Cardio,14.9,3.5,4,3,22.15,200.0,22.15,maintenance,measured,14.9,1998.6097599999998,75.39859999999999,very_active,1.9,3797.3585439999997,0.9761433587697849,1.5586772081080749,3706.7663235932996,138.09880063837542,3765.7,141.5,normal
38,Female,49.7,1.51,179,145,65,1.25,906.0,HIIT,32.6,2.5,3,1,21.797289592561732,151.0,21.8,maintenance,measured,32.6,1093.55248,33.4978,moderate,1.5250000000000001,1667.6675320000002,1.0097675035507052,1.4699431451768086,1683.956480540206,73.0561743152874,1511.5,73.8,normal
33,Female,56.4,1.54,165,155,63,1.06,822.0,Strength,29.2,1.5,3,1,23.781413391803003,154.0,23.78,maintenance,measured,29.2,1232.5139199999999,39.9312,moderate,1.5250000000000001,1879.583728,1.0209138918828695,1.5438653136912999,1918.8931388721928,87.07400369218931,2046.3,81.5,normal
38,Male,46.9,1.74,198,167,64,1.03,946.0,Strength,20.0,2.6,4,2,15.49081780948606,174.0,15.49,muscle_gain,measured,20.0,1180.4320000000002,37.52,moderate,1.55,1829.6696000000004,1.1086419861673191,1.8515477842918926,2028.4485393739649,86.83759108328977,2028.1,86.9,underweight
28,Female,71.3,1.67,192,140,63,1.46,1022.0,Strength,28.1,1.5,4,2,25.565635196672524,167.0,25.57,maintenance,measured,28.1,1477.31752,51.2647,active,1.725,2548.372722,1.0078961696087603,1.638685797462914,2568.4951052392503,116.83829735910577,2528.2,117.7,overweight
54,Male,71.6,1.86,160,147,70,1.14,830.0,Yoga,25.3,2.2,3,2,20.69603422360966,186.0,20.7,maintenance,measured,25.3,1525.28032,53.4852,moderate,1.55,2364.1844960000003,0.9934438744621703,1.6527825707674701,2348.684605649634,118.33923206695086,2391.9,115.7,normal
53,Male,82.3,1.61,196,123,60,1.87,1139.0,Strength,11.6,3.5,5,3,31.750318274757912,161.0,31.75,maintenance,measured,11.6,1941.46912,72.75319999999999,very_active,1.9,3688.791328,0.9995101610986031,1.7952487211159243,3686.98441450841,147.74896974784056,3668.0,151.2,obese
52,Female,70.6,1.69,165,135,65,1.36,826.0,HIIT,26.1,2.2,3,1,24.719022443191765,169.0,24.72,muscle_gain,measured,26.1,1496.94544,52.173399999999994,moderate,1.5250000000000001,2282.841796,1.1318830532946709,1.9657456648786185,2583.9099422451704,138.78164394043046,2565.6,138.0,normal
36,Male,109.8,1.62,193,141,68,0.84,651.0,HIIT,24.4,3.5,3,1,41.83813443072702,162.0,41.84,fat_loss,measured,24.4,2162.99008,83.0088,light,1.35,2920.0366080000003,0.7910287256067788,2.2834437920241655,2379.2890880000004,250.72212836425336,2379.3,248.5,obese
37,Female,73.5,1.69,174,131,66,0.54,354.0,Cardio,27.5,1.6,2,1,25.73439305346452,169.0,25.73,muscle_gain,measured,27.5,1521.0100000000002,53.2875,sedentary,1.2,1825.2120000000002,1.1166030052083222,1.8063677190280614,2038.0372043422924,132.7680273485625,2074.4,140.0,overweight
35,Male,85.6,1.85,185,135,55,1.78,1322.0,Strength,14.5,3.5,5,3,25.01095690284879,185.0,25.01,muscle_gain,measured,14.5,1950.8608,73.18799999999999,very_active,1.9,3706.63552,1.1278457154435564,2.108611020653691,4180.5129899428985,180.49710336795593,4035.7,179.1,overweight
58,Female,74.6,1.68,173,159,60,1.03,737.0,Yoga,26.0,2.0,4,2,26.43140589569161,168.0,26.43,muscle_gain,measured,26.0,1562.4063999999998,55.20399999999999,moderate,1.55,2421.7299199999998,1.1371474157185517,1.9086932742960059,2753.863920096295,142.38851826248202,2813.5,144.6,overweight
31,Female,63.2,1.8,166,157,66,0.59,463.0,Cardio,25.5,2.6,2,1,19.506172839506174,180.0,19.51,maintenance,measured,25.5,1387.0144,47.084,sedentary,1.2,1664.41728,0.9869118008821768,1.7454482127955004,1642.633055224214,110.31232704867563,1620.0,116.5,normal
32,Female,62.6,1.63,190,161,58,1.67,1344.0,HIIT,15.0,2.7,5,3,23.561293236478605,163.0,23.56,muscle_gain,measured,15.0,1519.336,53.21,very_active,1.9,2886.7383999999997,1.1215279113554173,1.8188556180834996,3237.557688381479,113.86036169202708,3293.8,116.6,normal
48,Male,87.1,1.76,183,156,67,1.81,1398.0,Strength,11.6,3.5,5,3,28.11854338842975,176.0,28.12,maintenance,measured,11.6,2033.12224,76.9964,very_active,1.9,3862.9322559999996,0.9847686325918363,1.4146477940062885,3804.094515536017,123.21582285794771,3705.5,120.6,overweight
18,Male,82.3,1.84,190,148,66,1.73,1408.0,HIIT,13.3,3.5,5,3,24.30883742911153,184.0,24.31,muscle_gain,measured,13.3,1911.2485600000002,71.3541,very_active,1.9,3631.372264,1.1157888564296554,1.996061326837107,4051.8447057189287,164.2758471986939,3913.1,157.6,normal
20,Female,64.3,1.78,188,137,61,1.71,1171.0,Cardio,18.7,2.7,4,3,20.294154778437065,178.0,20.29,muscle_gain,measured,18.7,1499.15944,52.27589999999999,active,1.75,2623.52902,1.1182632121927005,1.8262367567710656,2933.7959891859678,117.42702346037952,2922.6,112.3,normal
33,Female,53.7,1.66,191,129,72,1.25,806.0,HIIT,29.5,2.5,3,1,19.487588909856296,166.0,19.49,muscle_gain,measured,29.5,1187.7436000000002,37.85850000000001,moderate,1.5250000000000001,1811.3089900000004,1.1233379462251252,2.1659184912562583,2034.7121208057063,116.30982298046108,1968.4,117.6,normal
40,Male,63.0,2.0,176,161,71,1.42,1257.0,Strength,26.8,2.9,4,2,15.75,200.0,15.75,muscle_gain,measured,26.8,1366.1056,46.116,active,1.725,2356.53216,1.102050690263872,2.1045989784378873,2597.0178935570134,132.5897356415869,2548.5,134.1,underweight
28,Male,128.4,1.86,173,158,71,1.06,921.0,Strength,23.6,3.3,4,2,37.11411723898716,186.0,37.11,fat_loss,measured,23.6,2488.90816,98.0976,moderate,1.55,3857.807648,0.7978370428937895,2.0236383947338137,3077.901845933365,259.83516988382166,3149.4,257.3,obese
29,Male,88.0,1.89,199,137,54,1.75,1319.0,Cardio,13.3,3.5,5,3,24.635368550712467,189.0,24.64,muscle_gain,measured,13.3,2017.9936,76.29599999999999,very_active,1.9,3834.18784,1.1389431943162722,2.0331085135719587,4366.922146098208,178.91354919433235,4459.4,179.9,normal
27,Female,63.7,1.52,195,120,60,1.19,714.0,Strength,25.4,2.1,4,2,27.570983379501385,152.0,27.57,muscle_gain,measured,25.4,1396.43632,47.5202,moderate,1.55,2164.4762960000003,1.1154128318299121,2.162731282807174,2414.2846347500795,137.765982714817,2371.8,137.3,overweight
49,Male,83.7,1.87,183,158,53,1.29,1009.0,HIIT,23.9,2.3,4,2,23.93548571591981,187.0,23.94,fat_loss,measured,23.9,1745.8271200000001,63.6957,active,1.725,3011.5517820000005,0.8220565274393995,2.384022190870738,2475.6658001148558,199.5426573758808,2456.3,199.1,normal
33,Male,102.6,1.75,186,140,53,1.4,1078.0,HIIT,27.9,2.2,3,2,33.50204081632653,175.0,33.5,fat_loss,measured,27.9,1967.8513600000003,73.97460000000001,moderate,1.55,3050.1696080000006,0.7961040775750166,2.3874085673794343,2428.2524622241904,244.94811901312994,2457.0,253.7,obese
25,Female,77.7,1.55,184,120,52,0.55,330.0,Yoga,33.0,1.7,2,1,32.34131113423517,155.0,32.34,fat_loss,measured,33.0,1494.4744,52.059,sedentary,1.2,1793.3692800000001,0.8162467055178068,2.2241781076885463,1643.9218400000002,172.81863896740006,1643.9,170.2,obese
55,Male,87.5,1.88,191,134,73,1.19,789.0,Yoga,27.2,2.6,4,2,24.75667722951562,188.0,24.76,maintenance,measured,27.2,1745.92,63.699999999999996,moderate,1.55,2706.1760000000004,1.019966000625063,1.435334763435402,2760.207511707531,125.59179180059766,2617.6,122.3,normal
29,Male,87.0,1.86,177,123,72,1.52,1028.0,Yoga,11.0,3.5,4,3,25.14741588622962,186.0,25.15,muscle_gain,measured,11.0,2042.4880000000003,77.43,active,1.75,3574.3540000000003,1.1388965964078348,1.960025808683231,4070.8196049567305,170.5222453554411,3945.6,171.8,overweight
41,Male,82.8,1.66,177,139,74,1.97,1355.0,HIIT,11.2,3.5,5,3,30.04790245318624,166.0,30.05,muscle_gain,measured,11.2,1958.17024,73.5264,very_active,1.9,3720.523456,1.1483144329275181,1.802601747005367,4272.3307825701695,149.25542465204438,4407.5,156.9,obese
45,Female,65.4,1.68,196,129,66,0.76,441.0,HIIT,35.0,2.6,3,1,23.171768707483,168.0,23.17,fat_loss,measured,35.0,1288.2160000000001,42.510000000000005,light,1.35,1739.0916000000002,0.8156873143807867,2.172377618922146,1418.5549566661855,142.07349627750835,1490.3,139.1,normal
25,Female,47.2,1.71,185,142,56,0.89,632.0,Cardio,26.0,2.5,2,1,16.141718819465822,171.0,16.14,muscle_gain,measured,26.0,1124.4448000000002,34.928000000000004,light,1.35,1518.0004800000004,1.1442572941210045,2.131181552783505,1736.9831217191866,100.59176929138144,1756.7,100.2,underweight
45,Female,58.2,1.7,168,160,53,0.95,684.0,Yoga,26.8,2.0,3,1,20.138408304498274,170.0,20.14,muscle_gain,measured,26.8,1290.2118400000002,42.6024,light,1.35,1741.7859840000003,1.1099491192108015,2.1269490450497575,1933.2938187945197,123.78843442189589,1858.0,122.4,normal
53,Female,73.5,1.55,194,153,72,1.17,806.0,HIIT,26.3,2.1,4,2,30.59313215400624,155.0,30.59,maintenance,measured,26.3,1540.0612,54.1695,moderate,1.55,2387.09486,1.0298705224497768,1.4056355803913967,2458.398630605377,103.31421515876765,2483.7,104.5,obese
43,Female,55.2,1.73,167,165,62,1.67,1240.0,Cardio,16.6,2.7,5,3,18.443649971599452,173.0,18.44,muscle_gain,measured,16.6,1364.39488,46.0368,very_active,1.9,2592.350272,1.1441838366529467,2.055012781820039,2966.12528016527,113.43670555646615,3001.5,113.1,underweight
25,Female,64.4,1.71,179,167,61,1.12,935.0,HIIT,27.1,1.8,3,1,22.023870592660995,171.0,22.02,muscle_gain,measured,27.1,1384.0681600000003,46.9476,moderate,1.5250000000000001,2110.703944000001,1.1069547507324633,1.833262665677777,2336.4537582005482,118.06211566964885,2367.3,119.1,normal
45,Female,73.5,1.74,181,152,50,1.18,807.0,Cardio,30.0,2.3,4,2,24.276654776060244,174.0,24.28,muscle_gain,measured,30.0,1481.32,51.449999999999996,moderate,1.55,2296.046,1.1248837569797787,2.145101810698667,2582.784850678393,157.664983086352,2717.7,154.4,normal
45,Male,89.6,1.81,178,153,70,1.7,1287.0,Yoga,12.4,3.5,5,3,27.34959250328134,181.0,27.35,muscle_gain,measured,12.4,2065.37536,78.4896,very_active,1.9,3924.2131839999997,1.1327810875624265,2.1914114689900757,4445.274478398332,196.35046762151077,4587.8,195.6,overweight
54,Male,86.5,1.76,189,158,68,1.48,1158.0,Yoga,29.0,3.4,3,2,27.924845041322314,176.0,27.92,fat_loss,measured,29.0,1696.564,61.415,moderate,1.55,2629.6742000000004,0.8148614855424497,2.060461523765358,2142.820225104653,178.22992180570344,2224.9,170.8,overweight
58,Female,46.1,1.67,187,129,70,1.28,743.0,Yoga,25.3,1.8,4,2,16.529814622252502,167.0,16.53,maintenance,measured,25.3,1113.83272,34.4367,active,1.725,1921.3614420000004,0.9737437049792812,1.7396761723569245,1870.9136091374146,80.19907154565422,1832.7,76.0,underweight
53,Male,68.5,1.97,194,139,69,1.3,894.0,HIIT,23.2,2.1,3,2,17.650544976680667,197.0,17.65,muscle_gain,measured,23.2,1506.3328000000001,52.608000000000004,moderate,1.55,2334.81584,1.1282071942608705,2.100948716046859,2634.1560279622377,143.91498704920983,2611.4,142.5,underweight
44,Male,94.6,1.84,170,120,67,1.26,748.0,HIIT,26.0,3.1,4,2,27.941871455576557,184.0,27.94,fat_loss,measured,26.0,1882.0864,70.00399999999999,active,1.725,3246.59904,0.8007363088893701,2.039680004852595,2599.6697317333724,192.95372845905547,2603.2,194.1,overweight
34,Female,54.2,1.52,190,132,60,1.13,746.0,Cardio,31.0,2.2,3,1,23.459141274238227,152.0,23.46,fat_loss,measured,31.0,1177.7968,37.397999999999996,moderate,1.5250000000000001,1796.1401200000003,0.7824622154001173,2.2569847706036272,1405.4117774642327,122.3285745667166,1440.8,120.0,normal
26,Male,47.7,1.77,198,120,69,1.15,759.0,Strength,24.8,2.7,3,2,15.22550991094513,177.0,15.23,muscle_gain,measured,24.8,1144.8006400000002,35.870400000000004,moderate,1.55,1774.4409920000003,1.1210234376214374,1.858520281340355,1989.1899407082337,88.65141741993494,1988.9,91.4,underweight
50,Male,52.2,1.84,195,124,52,1.38,847.0,Strength,28.2,3.1,4,2,15.418241965973536,184.0,15.42,muscle_gain,measured,28.2,1179.55936,37.4796,active,1.725,2034.739896,1.1393058452148692,1.9014436730129534,2318.1910570046953,99.25535973127617,2370.8,98.7,underweight
37,Male,88.8,1.95,189,135,66,1.58,1173.0,Yoga,10.3,3.5,5,3,23.353057199211047,195.0,23.35,muscle_gain,measured,10.3,2090.5177599999997,79.6536,very_active,1.9,3971.983743999999,1.1416870118341047,2.173378464706867,4534.762251740998,192.99600766596976,4678.9,190.5,normal
30,Male,101.0,1.68,182,134,61,1.46,1076.0,Strength,28.2,2.9,4,2,35.785147392290256,168.0,35.79,fat_loss,measured,28.2,1936.3888000000002,72.518,active,1.725,3340.2706800000005,0.829307987541113,2.3556267771126334,2770.1131554733856,237.91830448837598,2805.1,241.2,obese
45,Male,118.4,1.95,178,168,59,1.06,881.0,Yoga,24.9,2.4,3,2,31.137409598948064,195.0,31.14,fat_loss,measured,24.9,2290.6374400000004,88.9184,moderate,1.55,3550.4880320000007,0.7954105896861965,2.349336459759473,2824.095779206904,278.1614368355216,2984.2,279.7,obese
46,Female,47.9,1.72,171,147,57,1.41,933.0,Cardio,26.3,2.0,3,1,16.19118442401298,172.0,16.19,muscle_gain,measured,26.3,1132.52968,35.302299999999995,moderate,1.5250000000000001,1727.1077620000003,1.1018217466641271,2.123249893604413,1902.9648910040119,101.70366990365139,1892.1,99.1,underweight
30,Female,51.5,1.74,174,150,64,1.08,810.0,Strength,33.9,2.0,3,2,17.010173074382347,174.0,17.01,fat_loss,measured,33.9,1105.2964000000002,34.0415,moderate,1.55,1713.2094200000004,0.8138424763161367,2.186872687265834,1394.2825968209327,112.62394339419046,1424.4,109.3,underweight
52,Female,79.9,1.51,190,142,54,0.75,479.0,Strength,31.5,2.6,3,1,35.042322705144514,151.0,35.04,fat_loss,measured,31.5,1552.2004000000004,54.73150000000001,light,1.35,2095.4705400000007,0.8104295944437934,2.3374049811943913,1707.4204400000006,186.75865799743187,1707.4,201.4,obese
23,Male,121.3,1.85,196,167,53,0.72,661.0,Yoga,21.6,3.6,2,1,35.44192841490138,185.0,35.44,fat_loss,measured,21.6,2424.14272,95.0992,sedentary,1.2,2908.971264,0.7874406362581421,2.1759676097133864,2666.556992,263.9448710582338,2670.4,271.2,obese
35,Female,78.9,1.64,196,164,70,1.28,1050.0,Cardio,25.3,2.6,4,2,29.33521713265914,164.0,29.34,muscle_gain,measured,25.3,1643.0672800000002,58.938300000000005,active,1.725,2834.2910580000007,1.1327181073961672,2.0896490014766718,3210.452803027641,164.8733062165094,3295.5,163.6,overweight
22,Male,88.5,1.62,174,162,69,1.88,1675.0,Strength,10.7,3.5,5,3,33.721993598536805,162.0,33.72,fat_loss,measured,10.7,2077.0588000000002,79.0305,very_active,1.9,3946.41172,0.8076334314846209,2.3798454551112522,3187.254039474725,210.61632277734583,3345.5,214.4,obese
42,Male,73.5,1.63,188,136,68,0.52,350.0,Strength,26.1,3.2,3,1,27.663818736121044,163.0,27.66,fat_loss,measured,26.1,1543.2364,54.3165,light,1.35,2083.3691400000002,0.8022674797266973,2.1638820308096567,1697.56004,159.04532926450977,1712.3,160.1,overweight
19,Male,127.9,1.93,185,168,70,1.27,1173.0,Strength,21.8,3.0,4,2,34.336492254825636,193.0,34.34,fat_loss,measured,21.8,2530.38448,100.01780000000001,active,1.725,4364.913228,0.7956729684733395,2.269610874391142,3473.0434652513068,290.28323083462703,3614.2,303.6,obese
27,Male,88.5,1.98,161,153,53,1.8,1515.0,Cardio,11.1,3.5,4,3,22.574227119681666,198.0,22.57,fat_loss,measured,11.1,2069.4124,78.6765,very_active,1.9,3931.88356,0.811150435984465,2.3286141590051797,3189.3490639341508,206.0823530719584,3363.9,207.2,normal
47,Female,43.4,1.62,179,132,64,0.51,303.0,Cardio,25.3,2.3,3,1,16.537113244932172,162.0,16.54,muscle_gain,measured,25.3,1070.26768,32.4198,light,1.35,1444.861368,1.116903702895854,1.9338509286411496,1613.7710120903691,83.92913030302589,1615.1,84.7,underweight
22,Female,42.8,1.56,174,133,66,1.47,978.0,Strength,32.2,2.6,3,2,17.587113740959893,156.0,17.59,muscle_gain,measured,32.2,996.7974399999999,29.018399999999996,moderate,1.55,1545.036032,1.1050294650364694,2.1174768007552314,1707.3103399030294,90.6280070723239,1774.5,95.0,underweight
50,Male,64.5,1.79,163,130,61,1.17,753.0,Yoga,28.1,2.4,4,2,20.130457850878564,179.0,20.13,maintenance,measured,28.1,1371.7107999999998,46.375499999999995,moderate,1.55,2126.15174,1.019190687789992,1.7131953377369649,2166.954054236488,110.50109928403424,2266.5,106.7,normal
18,Female,50.7,1.53,181,147,52,1.29,948.0,Yoga,33.0,2.1,3,2,21.65833653722927,153.0,21.66,fat_loss,measured,33.0,1103.7304,33.969,moderate,1.55,1710.7821199999998,0.7833117106586568,2.307356182948586,1340.0756689814434,116.98295847549332,1333.4,120.7,normal
35,Male,59.2,1.66,197,161,59,1.3,1151.0,Strength,21.3,3.2,3,1,21.48352445928292,166.0,21.48,muscle_gain,measured,21.3,1376.35264,46.5904,moderate,1.5250000000000001,2098.937776,1.1450588676831917,1.9354762062225133,2403.4073131240366,114.58019140837278,2460.7,110.1,normal
49,Female,78.9,1.73,182,151,64,1.38,938.0,Cardio,34.0,2.3,2,1,26.362390992014436,173.0,26.36,fat_loss,measured,34.0,1494.7984000000001,52.074,light,1.35,2017.9778400000002,0.7931860160689366,2.1385790424408886,1644.2782400000003,168.73388644858613,1644.3,173.4,overweight
28,Female,78.7,1.63,185,154,59,1.1,847.0,Strength,31.7,1.8,3,2,29.620986864390833,163.0,29.62,maintenance,measured,31.7,1531.0453600000003,53.752100000000006,moderate,1.55,2373.1203080000005,1.0147600620472639,1.6979861250072454,2408.1477109917023,133.63150803807022,2268.8,127.5,overweight
38,Male,68.7,1.92,170,150,73,1.31,1081.0,Cardio,29.0,3.0,4,2,18.636067708333336,192.0,18.64,fat_loss,measured,29.0,1423.5832,48.777,active,1.725,2455.68102,0.8117336401613086,2.2962031369109845,1993.358893439635,157.74915550578464,1922.3,156.4,normal
43,Female,53.1,1.59,187,136,72,0.82,502.0,Strength,29.5,2.5,2,1,21.00391598433606,159.0,21.0,muscle_gain,measured,29.5,1178.6068,37.435500000000005,light,1.35,1591.1191800000001,1.1029792762118882,1.9008249680664893,1754.9714815232533,100.93380580433059,1772.1,100.6,normal
42,Male,64.8,1.65,161,166,67,1.1,904.0,Cardio,24.4,2.8,3,2,23.801652892561986,165.0,23.8,fat_loss,measured,24.4,1428.15808,48.9888,moderate,1.55,2213.645024,0.7997307157592614,2.230749479193965,1770.3199194804472,144.55256625176892,1807.9,145.7,normal
39,Female,50.3,1.61,167,128,50,1.17,749.0,HIIT,32.8,2.5,2,1,19.40511554338181,161.0,19.41,maintenance,measured,32.8,1100.11456,33.8016,light,1.35,1485.1546560000002,1.0074946171127814,1.529560819285496,1496.2853214999848,76.93690921006043,1416.1,77.2,normal
44,Male,102.3,1.63,188,129,52,1.34,856.0,Yoga,20.9,2.6,4,2,38.50351913884602,163.0,38.5,fat_loss,measured,20.9,2117.8568800000003,80.9193,active,1.725,3653.3031180000007,0.8215115637331203,2.2368699697567784,3001.2307572592645,228.83179790611842,2981.1,226.9,obese
30,Male,62.9,1.92,170,127,70,1.13,789.0,HIIT,25.2,3.6,2,1,17.06271701388889,192.0,17.06,maintenance,measured,25.2,1386.2627200000002,47.0492,light,1.35,1871.4546720000003,0.9819410851472107,1.6711323313148014,1837.6582314274976,105.11422363970101,1829.4,99.7,underweight
50,Female,56.5,1.6,196,140,61,1.88,1184.0,Yoga,19.2,2.7,5,3,22.070312499999996,160.0,22.07,maintenance,measured,19.2,1356.0832,45.652,very_active,1.9,2576.55808,1.0246918638704414,1.630308383436381,2640.1781013656455,92.11242366415553,2540.8,95.6,normal
51,Female,74.6,1.55,177,132,50,0.71,422.0,Cardio,33.3,2.1,2,1,31.050988553590003,155.0,31.05,fat_loss,measured,33.3,1444.7771200000002,49.7582,sedentary,1.2,1733.7325440000002,0.7981201430797032,2.0920087166763706,1589.2548320000003,156.06385026405724,1589.3,154.9,obese
58,Male,52.0,1.79,173,169,52,1.12,937.0,HIIT,29.6,3.0,3,1,16.22920632939047,179.0,16.23,muscle_gain,measured,29.6,1160.7328,36.608,moderate,1.5250000000000001,1770.1175200000002,1.1379090924516473,1.886264667913672,2014.232820715961,98.08576273151095,2075.8,98.4,underweight
52,Female,52.1,1.67,169,124,52,1.5,837.0,Yoga,32.0,1.5,2,1,18.681200473304887,167.0,18.68,muscle_gain,measured,32.0,1135.2448,35.428,moderate,1.5250000000000001,1731.2483200000001,1.1052529518628667,1.9301968626955357,1913.467316087629,100.56325654643742,1913.9,98.0,normal
18,Female,72.2,1.54,194,125,54,0.97,606.0,Strength,27.1,1.7,2,1,30.44358239163434,154.0,30.44,muscle_gain,measured,27.1,1506.8900800000001,52.6338,light,1.35,2034.3016080000002,1.119788498897719,1.9125981468414193,2277.987543927536,138.08958620195048,2346.1,141.1,obese
38,Male,85.8,1.8,168,149,68,1.72,1410.0,Cardio,10.1,3.5,4,3,26.481481481481477,180.0,26.48,maintenance,measured,10.1,2036.09872,77.13419999999999,active,1.75,3563.17276,1.0208571844118566,1.5686453482183982,3637.490511346624,134.58977087713856,3728.1,130.3,overweight
23,Male,81.4,1.85,194,150,74,1.6,1320.0,Cardio,12.4,3.5,4,3,23.783783783783782,185.0,23.78,muscle_gain,measured,12.4,1910.2182400000004,71.30640000000001,active,1.75,3342.8819200000007,1.1261839102871878,2.04756686875745,3764.699832293943,166.67194311685645,3830.7,165.8,normal
45,Female,50.9,1.65,170,136,50,1.45,887.0,Strength,30.1,2.3,2,1,18.696051423324153,165.0,18.7,maintenance,measured,30.1,1138.5085600000002,35.579100000000004,light,1.35,1536.9865560000003,1.0158434328667199,1.7454478812052516,1561.3376993170373,88.84329715334731,1556.2,86.7,normal
34,Male,52.0,1.78,171,130,53,1.38,987.0,Strength,22.4,2.7,4,2,16.41206918318394,178.0,16.41,muscle_gain,measured,22.4,1241.6032,40.352000000000004,active,1.725,2141.76552,1.100960683027996,2.0309692388067564,2357.999629785011,105.61040041795133,2381.4,106.7,underweight
22,Male,71.0,1.93,162,139,53,1.42,1086.0,Yoga,21.2,2.9,4,2,19.060914386963407,193.0,19.06,muscle_gain,measured,21.2,1578.4768000000001,55.948,active,1.725,2722.8724800000005,1.1061893493882629,1.8297050400284387,3012.0125371184063,129.90905784201914,2919.1,129.4,normal
48,Male,80.6,1.77,198,167,66,1.51,1248.0,Cardio,12.9,3.5,4,3,25.726962239458643,177.0,25.73,muscle_gain,measured,12.9,1886.3761599999998,70.20259999999999,active,1.75,3301.1582799999996,1.1060057359864723,2.14348226218214,3651.099993079237,172.76467033188047,3789.3,175.1,overweight
22,Female,58.3,1.72,173,128,63,1.0,640.0,Yoga,32.6,1.6,3,2,19.7065981611682,172.0,19.71,muscle_gain,measured,32.6,1218.75472,39.2942,moderate,1.55,1889.069816,1.1366847614017692,1.9396483393305248,2147.276873071244,113.0814981829696,2265.0,112.6,normal
55,Female,63.0,1.7,187,121,67,1.32,719.0,Strength,34.9,2.5,3,1,21.79930795847751,170.0,21.8,fat_loss,measured,34.9,1255.8808,41.013,moderate,1.5250000000000001,1915.21822,0.8232403248372759,2.380857511326751,1576.6848695670694,149.9940232135853,1518.6,145.7,normal
20,Male,111.0,1.94,170,156,50,1.02,875.0,Cardio,27.6,3.3,4,2,29.4930385800829,194.0,29.49,maintenance,measured,27.6,2105.8624,80.364,moderate,1.55,3264.0867200000002,1.0090593481955865,1.6480788450567572,3293.6572181370702,182.93675180130003,3181.8,190.3,overweight
40,Female,52.6,1.66,198,120,71,1.27,762.0,Strength,32.9,1.7,3,2,19.08840179997097,166.0,19.09,muscle_gain,measured,32.9,1132.36336,35.2946,moderate,1.55,1755.1632080000002,1.1130085420261828,1.8187692232360722,1953.511643154078,95.6672611422174,1952.0,95.3,normal
54,Male,116.4,2.0,184,123,65,1.13,688.0,Yoga,26.2,3.1,3,1,29.1,200.0,29.1,fat_loss,measured,26.2,2225.50912,85.9032,moderate,1.5250000000000001,3393.9014080000006,0.8011696504333798,2.03070023165402,2719.090804652716,236.37350696452793,2613.4,238.4,overweight
54,Female,75.6,1.61,180,155,52,1.41,983.0,Yoga,34.9,2.5,4,2,29.16554145287604,161.0,29.17,fat_loss,measured,34.9,1433.05696,49.215599999999995,active,1.725,2472.023256,0.7911169264163089,2.2501012139957304,1955.6594403163563,170.1076517780772,1989.0,169.9,overweight
27,Male,61.6,1.8,169,144,72,1.48,1172.0,Yoga,26.4,3.1,2,1,19.012345679012345,180.0,19.01,fat_loss,measured,26.4,1349.29216,45.3376,light,1.35,1821.5444160000002,0.8198606776989467,2.0776255158942196,1493.4126393604922,127.98173177908393,1484.2,124.7,normal
27,Male,108.0,1.8,174,122,70,1.38,926.0,Cardio,28.6,2.5,4,2,33.33333333333333,180.0,33.33,fat_loss,measured,28.6,2035.6192,77.112,active,1.725,3511.4431200000004,0.8039378891230361,2.33662118431436,2822.982169668408,252.35508790595085,3020.8,258.1,obese
36,Female,59.3,1.75,178,128,58,0.99,634.0,Strength,34.5,2.3,3,1,19.363265306122447,175.0,19.36,fat_loss,measured,34.5,1208.9764,38.841499999999996,light,1.35,1632.11814,0.8288466141482338,2.2282908528710488,1352.775594228913,132.1376475752532,1432.2,130.0,normal
34,Male,75.7,1.94,181,141,72,1.18,915.0,Strength,29.3,2.4,4,2,20.113720905515997,194.0,20.11,fat_loss,measured,29.3,1526.0298400000001,53.51990000000001,moderate,1.55,2365.3462520000003,0.8006523447761424,2.095171634505666,1893.8200228712606,158.6044927320789,1934.3,161.3,normal
38,Female,56.3,1.6,180,142,53,1.21,859.0,Yoga,28.8,1.9,4,2,21.992187499999993,160.0,21.99,muscle_gain,measured,28.8,1235.84896,40.0856,moderate,1.55,1915.565888,1.1199176594464146,2.016234164779007,2145.276065804353,113.5139834770581,2113.9,113.9,normal
31,Female,58.2,1.73,191,131,70,1.17,766.0,Yoga,25.8,1.8,3,2,19.44602225266464,173.0,19.45,muscle_gain,measured,25.8,1302.7830400000003,43.184400000000004,moderate,1.55,2019.3137120000004,1.1476670682868526,1.9572782165087004,2317.4998478024822,113.91359220080636,2402.0,114.9,normal
26,Male,55.7,1.68,182,129,54,1.13,802.0,Yoga,21.7,2.9,3,1,19.734977324263042,168.0,19.73,maintenance,measured,21.7,1312.0429600000002,43.6131,moderate,1.5250000000000001,2000.8655140000005,1.014020373045397,1.5277192246028601,2028.9183949199505,85.09396081037931,2004.2,83.5,normal
18,Male,125.9,1.67,172,153,60,1.46,1229.0,Yoga,20.6,2.2,3,2,45.14324644124924,167.0,45.14,fat_loss,measured,20.6,2529.23536,99.9646,moderate,1.55,3920.314808,0.7917092822155339,2.372580272690145,3103.7496227006086,298.70785633168924,3016.6,282.3,obese
30,Female,62.7,1.67,164,162,70,1.02,826.0,HIIT,26.1,2.6,4,2,22.481982143497437,167.0,22.48,muscle_gain,measured,26.1,1370.8424800000003,46.335300000000004,moderate,1.55,2124.8058440000004,1.128200189821652,1.885032829706646,2397.2063565349563,118.19155842260672,2255.1,119.0,normal
21,Male,86.6,1.86,163,129,58,1.37,972.0,HIIT,21.8,2.6,3,2,25.031795583304422,186.0,25.03,maintenance,measured,21.8,1832.77792,67.7212,moderate,1.55,2840.805776,0.9807223673732277,1.5329295487136279,2786.0417658862593,132.75169891860017,2712.7,131.9,overweight
18,Male,64.5,1.82,187,149,52,1.2,983.0,HIIT,23.4,2.4,3,2,19.472285955802437,182.0,19.47,maintenance,measured,23.4,1437.1912000000002,49.407000000000004,moderate,1.55,2227.64636,0.9921568153517633,1.4730033268208416,2210.1745182675477,95.00871457994428,2312.9,92.5,normal
57,Male,76.6,1.86,173,141,55,1.14,796.0,Yoga,25.4,2.8,4,2,22.14128801017458,186.0,22.14,muscle_gain,measured,25.4,1604.3017599999998,57.14359999999999,moderate,1.55,2486.667728,1.1155950837092532,2.1869468002304147,2774.1142921752585,167.52012489764974,2896.8,166.0,normal
49,Male,81.4,1.83,167,125,73,1.98,1225.0,Yoga,13.6,3.5,5,3,24.306488697781358,183.0,24.31,maintenance,measured,13.6,1889.1193600000001,70.3296,very_active,1.9,3589.3267840000003,0.9750742365267223,1.5816474206168318,3499.8600735537157,128.74610003821013,3563.6,134.6,normal
51,Male,60.7,1.71,168,169,60,1.14,954.0,Strength,22.1,2.5,2,1,20.758523990287614,171.0,20.76,maintenance,measured,22.1,1391.3624800000002,47.28530000000001,light,1.35,1878.3393480000004,0.9801478465550183,1.5906921935065987,1841.0502670417575,96.55501614585054,1839.8,98.0,normal
45,Female,57.2,1.55,194,121,58,1.67,909.0,Cardio,18.4,2.7,5,3,23.80853277835588,155.0,23.81,muscle_gain,measured,18.4,1378.1843200000003,46.675200000000004,very_active,1.9,2618.5502080000006,1.131964877232461,2.0776877504325237,2964.106864725756,118.84373932474037,2832.3,120.3,normal
48,Female,73.0,1.59,196,149,64,1.19,798.0,Strength,32.0,2.1,3,2,28.875440053795337,159.0,28.88,fat_loss,measured,32.0,1442.224,49.63999999999999,moderate,1.55,2235.4472,0.8126144231096307,2.3821465891697047,1816.5566368200393,173.89670100938844,1783.4,175.1,overweight
25,Male,123.8,1.99,180,121,72,1.13,752.0,HIIT,25.6,2.6,3,1,31.261836822302467,199.0,31.26,fat_loss,measured,25.6,2359.51552,92.10719999999999,moderate,1.5250000000000001,3598.261168,0.810973541831263,2.201754394947904,2918.0946038468574,272.5771940945505,2873.6,271.2,obese
56,Male,93.6,1.66,177,151,52,1.37,1024.0,Strength,29.0,2.2,2,1,33.967194077514876,166.0,33.97,fat_loss,measured,29.0,1805.4496,66.45599999999999,light,1.35,2437.35696,0.7878664212345502,2.261013778414893,1985.99456,211.630889659634,1986.0,209.8,obese
43,Male,76.8,1.92,192,161,50,1.24,988.0,Yoga,21.1,2.5,3,1,20.833333333333332,192.0,20.83,muscle_gain,measured,21.1,1678.8563199999999,60.59519999999999,moderate,1.5250000000000001,2560.255888,1.1357973049314847,2.1943073716015498,2907.9317375253654,168.52280613899902,2826.3,168.6,normal
51,Female,54.7,1.53,167,135,69,1.11,674.0,HIIT,26.8,2.0,4,2,23.367081037207914,153.0,23.37,maintenance,measured,26.8,1234.87264,40.0404,moderate,1.55,1914.0525920000002,0.9797865997177269,1.6963615520125943,1875.3630807965817,92.79097689508892,1915.4,89.7,normal
20,Male,92.3,1.94,176,131,71,1.14,821.0,HIIT,24.3,2.1,3,2,24.52439154001488,194.0,24.52,fat_loss,measured,24.3,1879.21576,69.8711,moderate,1.55,2912.784428,0.7840496788845512,2.3866503301217583,2283.767695433321,220.2878254702383,2235.2,222.2,normal
29,Female,71.8,1.55,190,120,68,1.2,720.0,Cardio,26.3,2.4,4,2,29.885535900104053,155.0,29.89,fat_loss,measured,26.3,1512.99856,52.916599999999995,moderate,1.55,2345.1477680000003,0.8169401257817316,2.0670457558429,1915.8453125666672,148.41388526952022,1881.6,148.4,overweight
18,Female,66.9,1.57,193,127,63,1.07,679.0,Cardio,30.7,2.2,3,2,27.141060489269343,157.0,27.14,fat_loss,measured,30.7,1371.4127200000003,46.361700000000006,moderate,1.55,2125.6897160000003,0.8162781155313434,2.186416028054259,1735.1539955808369,146.27123227682992,1766.2,146.0,overweight
22,Female,48.7,1.76,165,167,66,1.37,1144.0,HIIT,29.0,2.2,4,2,15.72184917355372,176.0,15.72,muscle_gain,measured,29.0,1116.8632,34.577,active,1.725,1926.5890200000001,1.113489228774608,1.8062012494798856,2145.236122045428,87.96200084967043,2174.2,86.3,underweight
47,Male,66.2,1.71,181,169,71,1.42,1188.0,HIIT,22.8,2.9,3,1,22.63944461543723,171.0,22.64,fat_loss,measured,22.8,1473.89824,51.1064,moderate,1.5250000000000001,2247.694816,0.8144913215334044,2.318415393849282,1830.7279210876225,153.47909907282246,1891.4,157.9,normal
47,Female,40.0,1.76,173,132,63,0.8,475.0,Strength,26.7,2.2,3,1,12.913223140495868,176.0,12.91,muscle_gain,measured,26.7,1003.312,29.32,light,1.35,1354.4712000000002,1.1155201774892347,2.002314795056082,1510.939953428057,80.09259180224328,1475.4,82.2,underweight
34,Male,112.4,1.85,162,134,66,1.18,870.0,HIIT,23.4,3.6,4,2,32.841490138787435,185.0,32.84,fat_loss,measured,23.4,2229.72544,86.09840000000001,moderate,1.55,3456.0744320000003,0.8039804966825913,2.0025549737731536,2778.616438411365,225.08717905210247,2850.7,230.4,obese
40,Female,70.0,1.55,171,163,74,0.85,693.0,Yoga,31.1,1.5,3,1,29.1363163371488,155.0,29.14,maintenance,measured,31.1,1411.7680000000003,48.230000000000004,light,1.35,1905.8868000000004,0.9740781232658202,1.7818666667457235,1856.4826373011,124.73066667220064,1761.4,125.6,overweight
32,Male,84.0,1.74,195,127,63,1.45,1013.0,Strength,25.8,2.1,3,1,27.74474831549742,174.0,27.74,fat_loss,measured,25.8,1716.2848000000001,62.328,moderate,1.5250000000000001,2617.3343200000004,0.8100809792709,2.17891156316107,2120.2527490249354,183.02857130552988,2103.0,181.3,overweight
54,Female,43.8,1.65,171,129,61,1.29,749.0,Yoga,26.6,1.7,4,2,16.088154269972453,165.0,16.09,muscle_gain,measured,26.6,1064.42272,32.1492,active,1.725,1836.129192,1.113406554865921,2.055343795430522,2044.3582779534675,90.02405823985686,1978.2,88.8,underweight
38,Male,123.3,1.62,161,165,65,1.34,1216.0,Yoga,21.2,2.3,4,2,46.982167352537715,162.0,46.98,fat_loss,measured,21.2,2468.66464,97.1604,active,1.725,4258.4465040000005,0.8037490141054807,2.3925774883451467,3422.7221792109312,295.0048043129566,3404.6,299.9,obese
31,Female,57.9,1.56,161,124,50,1.8,1116.0,Yoga,15.1,2.7,5,3,23.791913214990135,156.0,23.79,muscle_gain,measured,15.1,1431.7933600000001,49.1571,very_active,1.9,2720.407384,1.1477197996832496,2.024973280229808,3122.265417821313,117.24595292530587,3245.9,120.8,normal
19,Male,82.4,1.96,174,169,62,1.9,1766.0,HIIT,10.1,3.5,5,3,21.4493960849646,196.0,21.45,muscle_gain,measured,10.1,1970.0761600000003,74.0776,very_active,1.9,3743.1447040000003,1.116992599755849,2.1556605542864817,4181.064934183298,177.6264296732061,3893.3,176.7,normal
28,Male,84.8,1.79,182,138,55,1.35,1025.0,Cardio,28.8,2.3,4,2,26.466090321775226,179.0,26.47,maintenance,measured,28.8,1674.15616,60.377599999999994,active,1.725,2887.9193760000003,1.0267825013667569,1.7702837450984026,2965.265080634804,150.12006158434454,3082.1,145.3,overweight
56,Male,109.6,1.66,188,166,66,1.29,1060.0,Cardio,20.5,3.1,3,2,39.773552039483235,166.0,39.77,fat_loss,measured,20.5,2252.0512000000003,87.132,moderate,1.55,3490.6793600000005,0.8296709237690457,2.1699281756642392,2896.1151691927416,237.8241280528006,3003.0,240.5,obese
55,Male,86.4,1.77,176,157,61,1.0,777.0,Yoga,27.3,2.8,3,2,27.57828210284401,177.0,27.58,fat_loss,measured,27.3,1726.7564800000002,62.8128,moderate,1.55,2676.4725440000007,0.7976258605140322,2.218052362149512,2134.8237160501812,191.63972408971784,2105.2,193.1,overweight
51,Female,63.9,1.8,191,130,72,1.07,626.0,HIIT,33.7,2.7,4,2,19.72222222222222,180.0,19.72,muscle_gain,measured,33.7,1285.0991200000003,42.365700000000004,moderate,1.55,1991.9036360000005,1.146231874864568,1.9277550150328902,2283.1834392418305,123.18354546060168,2224.2,123.5,normal
55,Female,70.8,1.62,166,162,68,0.54,394.0,Strength,26.0,1.8,3,1,26.97759487882944,162.0,26.98,fat_loss,measured,26.0,1501.6672,52.391999999999996,light,1.35,2027.2507200000002,0.8054615177404735,2.062333911670681,1651.8339200000003,146.0132409462842,1665.7,140.7,overweight
51,Male,115.3,1.67,189,139,55,1.38,950.0,Yoga,24.4,2.5,3,2,41.34246477105669,167.0,41.34,fat_loss,measured,24.4,2252.80288,87.1668,moderate,1.55,3491.8444640000002,0.8136846367746884,2.3123212142554523,2841.260194363547,266.61063600365367,2678.1,266.0,obese
35,Female,55.3,1.56,187,139,56,1.71,1188.0,Strength,19.8,2.7,5,3,22.723537146614067,156.0,22.72,muscle_gain,measured,19.8,1327.97296,44.3506,very_active,1.9,2523.148624,1.1360533690349843,2.161254106155766,2866.431494871185,119.51735207041385,2981.5,122.9,normal
47,Male,73.9,1.8,173,140,50,1.36,942.0,Strength,28.3,3.7,3,1,22.808641975308642,180.0,22.81,fat_loss,measured,28.3,1514.5040800000002,52.9863,moderate,1.5250000000000001,2309.6187220000006,0.7835395290350892,2.3352900239801717,1809.677565686505,172.57793277213472,1909.9,170.7,normal
32,Male,97.3,1.96,189,137,50,1.36,1025.0,HIIT,24.9,3.4,3,2,25.327988338192423,196.0,25.33,fat_loss,measured,24.9,1948.36168,73.0723,moderate,1.55,3019.960604,0.8185777445450085,2.3845422056686596,2472.0725398371014,232.01595661156057,2412.5,230.2,overweight
44,Female,60.4,1.65,176,169,54,1.27,966.0,HIIT,32.6,2.1,4,2,22.18549127640037,165.0,22.19,fat_loss,measured,32.6,1249.32736,40.709599999999995,active,1.725,2155.089696,0.7961743538603625,2.250462372086634,1715.827146223925,135.9279272740327,1685.5,135.0,normal
51,Male,49.3,1.61,191,129,55,1.36,868.0,Cardio,28.3,2.9,2,1,19.019327958026306,161.0,19.02,muscle_gain,measured,28.3,1133.5189599999999,35.348099999999995,light,1.35,1530.2505959999999,1.1015702178251094,2.0623271864725647,1685.6784823627233,101.67273029309743,1716.1,101.9,normal
55,Male,91.8,1.78,165,153,65,1.44,1091.0,Cardio,23.5,3.4,3,1,28.973614442620878,178.0,28.97,fat_loss,measured,23.5,1886.9032000000002,70.227,moderate,1.5250000000000001,2877.5273800000004,0.7977580906897982,2.318374837842198,2295.570748576418,212.82681011391378,2238.6,207.6,overweight
50,Female,73.6,1.55,183,145,74,0.89,581.0,HIIT,33.9,2.1,3,1,30.634755463059307,155.0,30.63,fat_loss,measured,33.9,1420.8313600000001,48.6496,light,1.35,1918.1223360000004,0.7819655121005094,2.2135428015237957,1562.9144960000003,162.91675019215134,1562.9,159.9,obese
41,Male,47.1,1.78,165,149,65,1.26,929.0,Yoga,24.7,2.4,3,1,14.865547279383916,178.0,14.87,maintenance,measured,24.7,1136.0720800000001,35.466300000000004,moderate,1.5250000000000001,1732.5099220000004,0.9985270027514517,1.407618093544311,1729.9579396518118,66.29881220593705,1768.4,66.1,underweight
32,Male,65.2,1.62,186,128,63,0.58,408.0,Cardio,25.3,3.4,2,1,24.84377381496723,162.0,24.84,fat_loss,measured,25.3,1422.01504,48.7044,sedentary,1.2,1706.418048,0.7988367174666763,2.3660201657111593,1564.216544,154.2645148043676,1564.2,158.6,normal
47,Male,87.2,1.64,177,165,50,2.0,1634.0,Strength,15.0,3.5,4,3,32.4211778703153,164.0,32.42,fat_loss,measured,15.0,1970.9920000000002,74.12,very_active,1.9,3744.8848000000003,0.8276111655977008,2.24589952889691,3099.3084743571126,195.84243891981055,3161.7,201.9,obese
59,Male,96.7,1.71,183,150,62,0.57,423.0,Yoga,28.4,2.9,3,1,33.070004445812394,171.0,33.07,fat_loss,measured,28.4,1865.5235200000002,69.2372,light,1.35,2518.4567520000005,0.815131126686356,2.2120970825011783,2052.872489768621,213.90978787786395,2143.7,212.6,obese
34,Female,46.9,1.61,196,161,69,1.02,821.0,Strength,28.6,1.7,3,2,18.0934377531731,161.0,18.09,muscle_gain,measured,28.6,1093.31056,33.486599999999996,moderate,1.55,1694.6313679999998,1.1425479326842916,2.0575860777941593,1936.1975661703527,96.50078704854607,1884.3,93.2,underweight
22,Female,72.1,1.62,183,123,59,1.38,849.0,HIIT,25.1,2.1,3,1,27.472946197226026,162.0,27.47,fat_loss,measured,25.1,1536.46264,54.0029,moderate,1.5250000000000001,2343.1055260000003,0.8292498567562602,2.036196358829544,1943.019921800302,146.8097574716101,1955.0,141.9,overweight
46,Female,62.5,1.54,197,125,73,1.61,906.0,Strength,18.1,2.7,4,3,26.353516613256875,154.0,26.35,maintenance,measured,18.1,1475.65,51.1875,active,1.75,2582.3875000000003,1.0188574018611032,1.5251120978878616,2631.08461884859,95.31950611799135,2537.3,94.6,overweight
21,Male,110.7,1.69,193,133,59,1.06,775.0,Yoga,27.0,2.7,3,1,38.75914708868738,169.0,38.76,fat_loss,measured,27.0,2115.5176,80.811,moderate,1.5250000000000001,3226.1643400000003,0.8294274462763316,2.069441514834561,2675.869249793967,229.08717569218592,2756.1,219.2,obese
27,Male,102.6,1.83,199,123,58,1.41,954.0,HIIT,26.5,3.5,3,2,30.63692555764579,183.0,30.64,fat_loss,measured,26.5,1998.8776,75.411,moderate,1.55,3098.26028,0.7828485512925811,2.182617643167541,2425.468571725347,223.9365701889897,2415.5,226.5,obese
34,Female,64.3,1.62,174,145,62,1.76,1276.0,Yoga,19.8,2.7,5,3,24.500838286846513,162.0,24.5,muscle_gain,measured,19.8,1483.8817600000002,51.5686,very_active,1.9,2819.3753440000005,1.1396037645178814,2.096021297307939,3212.970755611297,134.77416941690046,3230.5,137.3,normal
27,Male,80.7,1.61,170,166,52,1.75,1598.0,Strength,14.3,3.5,4,3,31.13305813818911,161.0,31.13,fat_loss,measured,14.3,1863.8538400000002,69.15990000000001,very_active,1.9,3541.3222960000003,0.7899085458536883,2.014881952092292,2797.320745232605,162.60097353384796,2915.7,164.6,obese
34,Male,115.3,1.81,181,167,67,1.36,1249.0,Yoga,24.5,2.2,2,1,35.19428588870913,181.0,35.19,fat_loss,measured,24.5,2250.3124000000003,87.0515,light,1.35,3037.9217400000007,0.8085177017122147,2.256467376445475,2475.3436400000005,260.17068850416325,2475.3,257.7,obese
37,Male,87.8,1.69,183,158,69,1.81,1573.0,HIIT,10.3,3.5,5,3,30.74122054549911,169.0,30.74,fat_loss,measured,10.3,2071.1425600000002,78.7566,very_active,1.9,3935.170864,0.8097960239301073,2.034734717782597,3186.685719152805,178.64970822131204,3220.1,177.2,obese
41,Male,74.3,1.61,160,136,51,1.06,714.0,Strength,24.8,3.5,4,2,28.664017591913886,161.0,28.66,fat_loss,measured,24.8,1576.86976,55.873599999999996,moderate,1.55,2444.1481280000003,0.8239146167205154,2.379492766503921,2013.7693680892853,176.79631255124133,1945.6,182.8,overweight
22,Female,78.5,1.7,177,138,66,1.36,938.0,Strength,31.9,2.1,4,2,27.16262975778547,170.0,27.16,fat_loss,measured,31.9,1524.7036,53.4585,active,1.725,2630.11371,0.7960052461648703,2.125422811060852,2093.5843111701506,166.8456906682769,2124.5,171.1,overweight
51,Female,77.3,1.58,171,168,68,0.97,733.0,Cardio,31.1,2.0,2,1,30.96458900817176,158.0,30.96,fat_loss,measured,31.1,1520.4095200000002,53.2597,light,1.35,2052.5528520000003,0.8050827336135199,2.228816264038014,1672.4504720000002,172.28749721013847,1672.5,172.8,obese
23,Female,64.5,1.7,187,125,72,0.51,319.0,Cardio,30.4,1.7,2,1,22.318339100346023,170.0,22.32,muscle_gain,measured,30.4,1339.6671999999999,44.891999999999996,sedentary,1.2,1607.6006399999999,1.137168154230977,1.8666124795676031,1828.1122525293372,120.3965049321104,1801.7,121.0,normal
19,Male,72.0,1.94,199,148,62,1.17,952.0,Yoga,24.7,3.2,3,2,19.130619619513233,194.0,19.13,fat_loss,measured,24.7,1541.0656000000001,54.216,moderate,1.55,2388.6516800000004,0.8134229213338918,2.1016158922861083,1942.9840275947088,151.3163442445998,1916.3,150.3,normal
30,Female,77.9,1.77,166,130,62,1.41,916.0,Cardio,27.9,2.6,4,2,24.86514092374477,177.0,24.87,maintenance,measured,27.9,1583.1834400000002,56.16590000000001,active,1.725,2730.9914340000005,0.9918911242214552,1.6024168794384834,2708.8461637094247,124.82827490825787,2806.7,123.9,normal
28,Female,69.6,1.58,182,135,50,1.49,1006.0,Cardio,27.8,2.0,3,2,27.88014741227367,158.0,27.88,fat_loss,measured,27.8,1455.42592,50.2512,moderate,1.55,2255.910176,0.7964473801615801,2.273802034207018,1796.713749555049,158.25662158080843,1817.9,151.4,overweight
40,Male,68.9,1.99,180,149,51,1.16,951.0,Cardio,25.0,2.4,4,2,17.398550541652988,199.0,17.4,maintenance,measured,25.0,1486.18,51.675000000000004,moderate,1.55,2303.579,0.997318962961602,1.4200733809529766,2297.4030193801245,97.8430559476601,2213.3,95.1,underweight
33,Male,45.9,1.89,193,144,50,1.45,1148.0,Cardio,21.6,2.9,3,2,12.849584278155707,189.0,12.85,muscle_gain,measured,21.6,1147.2889599999999,35.9856,moderate,1.55,1778.2978879999998,1.1312051015532347,2.0619964541270352,2011.6196429869426,94.64563724443092,1968.7,95.9,underweight
48,Female,68.2,1.69,170,159,73,0.75,537.0,HIIT,28.4,2.5,3,1,23.878715731241908,169.0,23.88,muscle_gain,measured,28.4,1424.75392,48.8312,light,1.35,1923.4177920000002,1.1143238340379022,1.817768014556169,2143.3102884381565,123.97177859273073,2212.2,118.7,normal
28,Female,79.6,1.59,181,130,54,1.49,968.0,HIIT,28.2,1.5,3,2,31.486096277837106,159.0,31.49,maintenance,measured,28.2,1604.50048,57.15279999999999,moderate,1.55,2486.975744,0.9942982204969985,1.781620842949212,2472.7955566783985,141.81701909875727,2447.1,145.6,obese
33,Female,53.6,1.52,194,126,73,1.02,643.0,Cardio,30.9,2.3,2,1,23.1994459833795,152.0,23.2,fat_loss,measured,30.9,1170.0121600000002,37.037600000000005,light,1.35,1579.5164160000004,0.7998322798956805,2.1632290178719993,1287.0133760000003,115.94907535793917,1294.1,123.4,normal
25,Female,57.7,1.58,188,145,52,1.36,986.0,Yoga,25.7,2.2,3,2,23.11328312770389,158.0,23.11,maintenance,measured,25.7,1296.01576,42.8711,moderate,1.55,2008.8244280000001,0.9919200704279663,1.4474683569504074,1992.593268099179,83.51892419603851,1962.2,84.8,normal
21,Male,74.2,1.93,187,141,56,1.32,1024.0,HIIT,28.3,2.5,3,2,19.91999785229134,193.0,19.92,fat_loss,measured,28.3,1519.1502400000002,53.2014,moderate,1.55,2354.6828720000003,0.794469421195211,2.154986906695629,1870.7235384161174,159.90002847681566,1919.4,160.8,normal
57,Female,64.4,1.56,177,144,73,1.52,985.0,Cardio,17.8,2.7,5,3,26.46285338593031,156.0,26.46,muscle_gain,measured,17.8,1513.4348800000002,52.936800000000005,very_active,1.9,2875.5262720000005,1.1419912516328106,2.1830817521307346,3283.8258464643104,140.59046483721932,3388.7,144.0,overweight
21,Female,54.9,1.78,173,138,71,0.55,380.0,HIIT,31.7,2.0,2,1,17.327357656861505,178.0,17.33,muscle_gain,measured,31.7,1179.92872,37.496700000000004,sedentary,1.2,1415.9144640000002,1.1209655275211345,2.031740280517331,1587.1913040625648,111.54254140040146,1692.9,108.0,underweight
42,Male,50.3,1.64,177,150,62,0.63,468.0,Strength,27.0,2.4,3,1,18.70166567519334,164.0,18.7,fat_loss,measured,27.0,1163.1304,36.718999999999994,light,1.35,1570.22604,0.8015200204584342,2.2545569557782197,1279.44344,113.40421487564444,1279.4,117.3,normal
20,Female,46.5,1.68,187,145,72,0.91,660.0,HIIT,27.9,2.4,2,1,16.475340136054424,168.0,16.48,muscle_gain,measured,27.9,1094.1724000000002,33.526500000000006,light,1.35,1477.1327400000002,1.114671026842876,1.9449023091181328,1646.517068079031,90.43795737399317,1613.5,89.1,underweight
49,Male,57.8,1.99,183,161,67,0.93,741.0,HIIT,24.7,3.1,3,1,14.595591020428776,199.0,14.6,muscle_gain,measured,24.7,1310.1054399999998,43.523399999999995,light,1.35,1768.6423439999999,1.1473122784043563,1.8238221538828538,2029.1850773770611,105.41692049442895,2037.9,105.5,underweight
20,Male,83.0,1.8,167,160,73,0.79,695.0,Yoga,29.6,2.9,2,1,25.61728395061728,180.0,25.62,fat_loss,measured,29.6,1632.1312,58.431999999999995,light,1.35,2203.37712,0.8226293128584522,2.0919259115901996,1812.5626061936355,173.62985066198655,1795.3,171.5,overweight
44,Male,82.5,1.79,167,155,70,1.51,1159.0,HIIT,13.8,3.5,5,3,25.748260041821418,179.0,25.75,maintenance,measured,13.8,1906.084,71.115,very_active,1.9,3621.5596,0.9791809100661685,1.5062466906854692,3546.1620249868693,124.2653519815512,3376.1,122.0,overweight
46,Female,66.5,1.73,163,142,56,1.11,709.0,Yoga,34.7,2.0,3,1,22.219252230278325,173.0,22.22,maintenance,measured,34.7,1307.9692,43.4245,moderate,1.5250000000000001,1994.6530300000002,1.0224178948559675,1.4303217308110223,2039.368951900677,95.11639509893298,2094.7,91.3,normal
49,Female,70.2,1.67,186,166,50,0.93,695.0,Strength,32.5,1.8,3,1,25.17121445731292,167.0,25.17,fat_loss,measured,32.5,1393.516,47.385000000000005,light,1.35,1881.2466000000002,0.8023321269682531,2.236728451474117,1532.8676000000003,157.01833729348303,1583.2,155.3,overweight
36,Male,121.9,1.93,195,132,54,1.49,1082.0,Cardio,21.8,3.4,3,2,32.72571075733577,193.0,32.73,fat_loss,measured,21.8,2429.03728,95.3258,moderate,1.55,3765.007784,0.7881903265602886,2.163014226709837,2967.542714772989,263.67143423592915,2836.5,264.3,obese
38,Female,70.3,1.52,164,144,66,1.19,857.0,Yoga,25.6,2.0,4,2,30.427631578947366,152.0,30.43,fat_loss,measured,25.6,1499.74912,52.3032,moderate,1.55,2324.611136,0.8255028736924076,2.1753542643922916,1918.9731729853722,152.92740478677808,1890.6,150.0,obese
22,Female,40.3,1.56,192,121,57,1.45,877.0,HIIT,30.8,2.1,4,2,16.559829059829056,156.0,16.56,muscle_gain,measured,30.8,972.3721599999999,27.887599999999996,active,1.725,1677.341976,1.1380914529593267,1.9933924544928232,1908.968566575508,80.33371591606077,1974.9,79.0,underweight
35,Male,101.4,1.76,193,121,64,0.84,559.0,HIIT,23.6,2.9,2,1,32.73502066115703,176.0,32.74,fat_loss,measured,23.6,2043.34336,77.4696,light,1.35,2758.5135360000004,0.8055356492606682,2.0661839163466875,2247.677696,209.51104911755414,2247.7,211.0,obese
45,Male,79.2,1.95,189,135,69,1.47,982.0,Yoga,22.8,2.8,3,2,20.82840236686391,195.0,20.83,fat_loss,measured,22.8,1690.67584,61.1424,moderate,1.55,2620.5475520000005,0.8078621258031994,2.3271580980486175,2117.0411161270904,184.31092136545053,2125.3,177.9,normal
59,Female,75.8,1.77,167,128,53,1.46,841.0,Strength,33.1,1.8,3,1,24.19483545596731,177.0,24.19,fat_loss,measured,33.1,1465.34032,50.7102,moderate,1.5250000000000001,2234.6439880000003,0.7849190894661604,2.327878723940621,1754.0147243419897,176.45320727469905,1763.4,175.1,normal
39,Male,71.7,1.88,198,147,51,0.55,445.0,Cardio,23.7,2.2,2,1,20.286328655500228,188.0,20.29,fat_loss,measured,23.7,1551.6733600000002,54.707100000000004,sedentary,1.2,1862.0080320000002,0.7871800505763565,2.114018899350282,1706.8406960000004,151.5751550834152,1706.8,156.5,normal
38,Female,57.7,1.56,185,132,54,1.64,1082.0,HIIT,16.6,2.7,5,3,23.70973044049967,156.0,23.71,muscle_gain,measured,16.6,1409.4308800000001,48.1218,very_active,1.9,2677.9186720000002,1.1186317788202569,1.9520972304610598,2995.60492759534,112.63601019760316,3024.6,110.3,normal
23,Female,47.4,1.6,196,154,50,0.76,585.0,Strength,33.5,1.6,3,1,18.515624999999996,160.0,18.52,maintenance,measured,33.5,1050.8536,31.521,light,1.35,1418.65236,1.0149335660580725,1.572125095391767,1439.8378987315004,74.51872952156975,1459.1,77.9,normal
18,Female,57.2,1.75,193,160,74,1.29,1032.0,Cardio,33.5,2.4,3,2,18.677551020408163,175.0,18.68,muscle_gain,measured,33.5,1191.6208000000001,38.038000000000004,moderate,1.55,1847.0122400000002,1.1384750354948583,2.077004759853751,2102.777325493438,118.80467226363457,2010.8,114.6,normal
22,Female,44.8,1.72,166,132,54,1.48,977.0,Cardio,28.6,1.8,4,2,15.143320713899406,172.0,15.14,muscle_gain,measured,28.6,1060.92352,31.987199999999998,active,1.725,1830.0930720000001,1.1247882070287192,2.1570954511319997,2058.4671051505607,96.63787621071359,2122.0,91.6,underweight
58,Male,90.2,1.72,199,150,55,0.9,668.0,HIIT,28.3,2.1,2,1,30.48945375878854,172.0,30.49,fat_loss,measured,28.3,1766.9454400000002,64.6734,light,1.35,2385.3763440000002,0.8147151355667505,2.18545364175427,1943.6399840000004,197.12791848623516,1943.6,199.5,obese
29,Male,84.9,1.72,187,140,51,1.79,1378.0,Yoga,14.3,3.5,4,3,28.697944835045977,172.0,28.7,fat_loss,measured,14.3,1941.6008800000004,72.75930000000001,very_active,1.9,3689.0416720000007,0.808884317679985,2.2090039677076487,2984.0079557487516,187.54443685837938,3118.3,188.9,overweight
43,Male,95.7,1.77,198,151,50,1.08,807.0,HIIT,24.2,3.4,3,1,30.546777745858467,177.0,30.55,fat_loss,measured,24.2,1936.87696,72.5406,moderate,1.5250000000000001,2953.7373640000005,0.7824898183078028,2.2461903895495676,2311.269413285329,214.96042027989364,2212.9,224.8,obese
51,Male,59.0,1.65,198,153,53,1.22,924.0,HIIT,20.7,2.3,3,2,21.6712580348944,165.0,21.67,muscle_gain,measured,20.7,1380.5992,46.787,moderate,1.55,2139.9287600000002,1.1376406784558133,1.932892932982345,2434.4700063735077,114.04068304595836,2398.0,108.8,normal
31,Female,60.5,1.77,187,127,56,1.72,1092.0,HIIT,15.0,2.7,4,3,19.311181333588685,177.0,19.31,muscle_gain,measured,15.0,1480.78,51.425,active,1.75,2591.365,1.135900340318825,1.8605043889655413,2943.532385390292,112.56051553241525,2873.4,111.8,normal
43,Female,53.8,1.72,173,160,71,1.03,742.0,Strength,30.2,2.3,4,2,18.18550567874527,172.0,18.19,muscle_gain,measured,30.2,1181.13184,37.5524,moderate,1.55,1830.7543520000002,1.1182037679529853,2.169663035817044,2047.156414602726,116.72787132695696,2009.8,116.1,underweight
44,Male,86.6,1.97,197,167,50,1.66,1372.0,Yoga,11.7,3.5,5,3,22.31441160555541,197.0,22.31,muscle_gain,measured,11.7,2021.70448,76.4678,very_active,1.9,3841.238512,1.1117804572783156,2.102404637668254,4270.613909386437,182.0682416220708,4550.8,189.6,normal
26,Female,72.8,1.67,163,121,50,1.37,829.0,Strength,35.0,1.9,2,1,26.10348165943562,167.0,26.1,fat_loss,measured,35.0,1392.112,47.32,light,1.35,1879.3512000000003,0.8289093513151994,2.1281876153956967,1557.8117840854418,154.9320584008067,1537.0,158.7,overweight
43,Female,66.3,1.77,177,157,57,1.48,1046.0,HIIT,32.7,1.7,4,2,21.16250119697405,177.0,21.16,muscle_gain,measured,32.7,1333.7898400000001,44.6199,active,1.725,2300.787474,1.1173456471703784,2.18400988637149,2570.7748691380307,144.7998554664298,2568.8,142.8,normal
39,Female,56.0,1.6,184,151,69,0.89,672.0,Yoga,32.6,2.0,2,1,21.874999999999996,160.0,21.87,maintenance,measured,32.6,1185.2703999999999,37.744,light,1.35,1600.11504,1.0096297827811895,1.7864897529318504,1615.5238002601143,100.04342616418363,1608.2,104.4,normal
47,Male,45.9,1.93,166,159,65,1.29,1015.0,Cardio,29.6,2.0,3,2,12.322478455797471,193.0,12.32,muscle_gain,measured,29.6,1067.9737599999999,32.313599999999994,moderate,1.55,1655.3593279999998,1.113314625134585,2.1535334032229225,1842.935749715358,98.84718320793215,1813.7,97.1,underweight
34,Male,88.0,1.64,197,147,70,1.9,1536.0,Yoga,14.4,3.5,4,3,32.718619869125526,164.0,32.72,muscle_gain,measured,14.4,1997.0848,75.328,very_active,1.9,3794.46112,1.132047268973447,2.1387309489520665,4295.509348121927,188.20832350778184,4210.3,190.5,obese
43,Male,94.0,1.79,187,156,62,1.31,1012.0,HIIT,23.2,3.4,2,1,29.33741144159046,179.0,29.34,fat_loss,measured,23.2,1929.3472000000002,72.19200000000001,light,1.35,2604.6187200000004,0.7808415156602818,2.270909141904742,2122.2819200000004,213.46545933904574,2164.7,213.1,overweight
53,Female,44.7,1.79,164,160,72,1.34,965.0,Yoga,26.7,2.1,3,2,13.950875440841424,179.0,13.95,muscle_gain,measured,26.7,1077.7261600000002,32.765100000000004,moderate,1.55,1670.4755480000003,1.1037080491400553,1.9678091981112609,1843.717308219245,87.96107115557336,1801.1,86.8,underweight
18,Male,63.2,1.63,162,120,73,0.66,436.0,Cardio,27.5,2.2,3,1,23.787120328202043,163.0,23.79,fat_loss,measured,27.5,1359.712,45.82,light,1.35,1835.6112,0.8216263207182597,2.1661317641935973,1508.1864765252296,136.89952749703536,1524.8,135.9,normal
25,Male,95.6,1.9,190,160,72,1.47,1294.0,Cardio,23.8,2.4,4,2,26.481994459833793,190.0,26.48,maintenance,measured,23.8,1943.49952,72.8472,active,1.725,3352.536672,1.0271004996565758,1.7918949604483005,3443.3920909281937,171.3051582188575,3508.6,170.5,overweight
52,Male,47.8,1.86,179,129,67,1.01,645.0,Yoga,24.7,2.8,3,2,13.81662619956064,186.0,13.82,muscle_gain,measured,24.7,1147.4574400000001,35.9934,moderate,1.55,1778.5590320000003,1.1267237160814334,1.995506845301044,2003.9446418052373,95.3852272053899,1988.9,93.1,underweight
32,Male,85.3,1.64,178,123,69,1.77,1197.0,Cardio,13.2,3.5,4,3,31.71475312314099,164.0,31.71,fat_loss,measured,13.2,1969.27264,74.04039999999999,very_active,1.9,3741.6180159999994,0.7906184139676268,2.1994485714676713,2958.192101482618,187.61296314619236,2983.4,185.4,obese
39,Male,59.7,1.83,170,154,59,1.35,1143.0,Strength,29.1,2.3,4,2,17.826749081788048,183.0,17.83,maintenance,measured,29.1,1284.26968,42.3273,active,1.725,2215.3651980000004,0.9978669528413849,1.5107194496160847,2210.6397195591117,90.18995114208026,2157.3,93.4,underweight
31,Male,70.2,1.98,199,129,61,0.71,504.0,Yoga,24.2,2.5,2,1,17.906336088154273,198.0,17.91,maintenance,measured,24.2,1519.37056,53.211600000000004,sedentary,1.2,1823.244672,0.9770915238391895,1.445280884458362,1781.4769148961634,101.45871808897702,1772.7,99.8,underweight
43,Female,72.7,1.8,162,166,50,0.79,590.0,Cardio,32.8,2.1,3,1,22.438271604938272,180.0,22.44,fat_loss,measured,32.8,1425.2550400000002,48.854400000000005,light,1.35,1924.0943040000004,0.7808907362045536,2.3652847372227845,1567.7805440000004,171.95620039609645,1567.8,172.6,normal
45,Female,50.4,1.79,182,130,59,0.74,433.0,Cardio,27.7,2.5,2,1,15.729846134639992,179.0,15.73,maintenance,measured,27.7,1157.0867200000002,36.43920000000001,sedentary,1.2,1388.5040640000002,1.0241378624943251,1.6011340544923636,1422.0195841696438,80.69715634641513,1383.8,82.7,underweight
40,Male,81.7,1.74,166,133,58,0.91,666.0,Yoga,27.0,2.7,2,1,26.98507068304928,174.0,26.99,fat_loss,measured,27.0,1658.2456,59.641,light,1.35,2238.6315600000003,0.7941727482748153,2.2715996799132356,1824.0701600000002,185.58969384891137,1837.1,184.0,overweight
31,Male,49.3,1.62,182,157,52,0.56,484.0,Strength,20.0,3.2,2,1,18.78524615150129,162.0,18.79,fat_loss,measured,20.0,1221.904,39.44,sedentary,1.2,1466.2848,0.8143295147024213,2.004679297898814,1344.0944000000002,98.83068938641152,1400.2,100.9,normal
41,Female,61.9,1.64,166,131,68,1.93,1138.0,Yoga,19.4,2.7,4,3,23.014574657941704,164.0,23.01,maintenance,measured,19.4,1447.65424,49.891400000000004,very_active,1.9,2750.543056,1.018424313014749,1.6578535718949827,2801.2199222242884,102.62113610029942,2843.9,105.0,normal
19,Female,49.1,1.68,193,164,58,1.42,1164.0,Cardio,25.3,2.6,4,2,17.39654195011338,168.0,17.4,muscle_gain,measured,25.3,1162.23832,36.6777,active,1.725,2004.861102,1.1331143821257046,2.0899816219916096,2271.7369488405893,102.61809763978803,2301.6,102.0,underweight
43,Male,66.5,1.83,178,136,59,1.11,747.0,Yoga,27.1,2.4,3,2,19.85726656514079,183.0,19.86,muscle_gain,measured,27.1,1417.1356,48.4785,moderate,1.55,2196.56018,1.1164411971086299,1.8510531152801912,2452.3302768803474,123.09503216613271,2507.3,126.4,normal
31,Male,75.5,1.93,168,135,68,0.6,446.0,Cardio,20.5,3.4,2,1,20.269000510080808,193.0,20.27,muscle_gain,measured,20.5,1666.486,60.0225,sedentary,1.2,1999.7832,1.1153915545115571,1.9826124635571207,2230.5412921340962,149.68724099856263,2175.2,153.5,normal
24,Male,88.2,1.79,177,154,65,1.76,1491.0,HIIT,11.3,3.5,4,3,27.527230735619987,179.0,27.53,maintenance,measured,11.3,2059.84144,78.2334,very_active,1.9,3913.6987360000003,0.97496844199615,1.5875999714232838,3815.7327590802215,140.02631747953365,3781.7,142.2,overweight
20,Male,74.8,1.75,184,121,73,1.33,885.0,Yoga,25.0,3.3,3,2,24.424489795918365,175.0,24.42,muscle_gain,measured,25.0,1581.76,56.099999999999994,moderate,1.55,2451.728,1.1366737025247895,1.8694150419667577,2786.814743343697,139.83224513911347,2750.7,143.2,normal
40,Female,72.2,1.6,173,130,67,0.87,566.0,Yoga,29.2,1.9,3,1,28.203124999999996,160.0,28.2,fat_loss,measured,29.2,1474.14016,51.117599999999996,light,1.35,1990.089216,0.822043656684595,2.2735432573934617,1635.9402162492188,164.14982318380794,1621.6,163.4,overweight
35,Male,62.8,1.63,184,160,63,1.41,1241.0,Cardio,21.9,3.7,4,2,23.63656893371975,163.0,23.64,fat_loss,measured,21.9,1429.41088,49.0468,active,1.725,2465.733768,0.8258311014095534,2.2786548592260036,2036.2796334101683,143.099525159393,1951.2,146.9,normal
55,Male,84.7,1.79,178,122,52,1.19,719.0,Cardio,23.3,2.4,3,2,26.434880309603322,179.0,26.43,fat_loss,measured,23.3,1773.2418400000001,64.9649,moderate,1.55,2748.5248520000005,0.8009656044383272,2.3165695121780305,2201.4738693959443,196.2134376814792,2225.5,205.8,overweight
52,Male,116.5,1.69,198,148,51,0.53,388.0,Cardio,27.3,2.4,2,1,40.78988830923287,169.0,40.79,fat_loss,measured,27.3,2199.4228000000003,84.6955,sedentary,1.2,2639.3073600000002,0.8236563743287197,2.0860677774853924,2419.3650800000005,243.0268960770482,2503.9,241.1,obese
32,Male,77.4,1.92,174,137,50,1.39,1047.0,Cardio,26.7,3.3,3,2,20.996093750000004,192.0,21.0,fat_loss,measured,26.7,1595.45872,56.7342,moderate,1.55,2472.961016,0.8237523718703509,2.3691998493127704,2037.107502472913,183.37606833680843,2057.5,186.6,normal
42,Female,72.9,1.62,175,139,67,1.17,732.0,Yoga,25.7,2.0,4,2,27.777777777777775,162.0,27.78,maintenance,measured,25.7,1539.9575200000002,54.1647,moderate,1.55,2386.9341560000003,1.0255418086921204,1.6529040021377042,2447.90077157324,120.49670175583864,2365.0,121.3,overweight
54,Female,58.4,1.59,186,166,73,1.08,807.0,Cardio,32.5,1.9,2,1,23.10035204303627,159.0,23.1,muscle_gain,measured,32.5,1221.4720000000002,39.42,light,1.35,1648.9872000000005,1.1458162521062352,2.1513709267623704,1889.4363332751554,125.64006212292243,1944.7,121.0,normal
45,Female,64.3,1.54,199,133,58,1.67,999.0,Yoga,15.3,2.7,4,3,27.11249789171867,154.0,27.11,fat_loss,measured,15.3,1546.38136,54.4621,active,1.75,2706.1673800000003,0.805457145282515,2.046600381454337,2179.701852551463,131.59640452751387,2145.3,136.6,overweight
27,Male,89.3,1.87,169,153,62,1.62,1363.0,Strength,12.7,3.5,5,3,25.536904115073344,187.0,25.54,fat_loss,measured,12.7,2053.91224,77.9589,very_active,1.9,3902.433256,0.8083341407612926,2.0720389642479886,3154.4700328670533,185.03307950734538,3025.7,180.8,overweight
56,Male,90.2,1.61,163,168,51,1.38,1148.0,Yoga,22.6,2.3,3,2,34.79804019906639,161.0,34.8,maintenance,measured,22.6,1877.9996800000001,69.8148,moderate,1.55,2910.8995040000004,1.0034759316247241,1.6268181388095446,2921.0175916423477,146.73899612062093,2975.9,154.9,obese
34,Female,59.0,1.62,178,150,56,1.13,847.0,Cardio,30.9,2.4,4,2,22.481329065691202,162.0,22.48,maintenance,measured,30.9,1250.6104,40.769000000000005,moderate,1.55,1938.44612,0.9926833282671019,1.4114226577050288,1924.2631460680502,83.2739368045967,1964.1,79.6,normal
56,Male,58.7,1.86,187,159,65,1.09,858.0,Cardio,22.6,3.3,3,2,16.96727945427217,186.0,16.97,maintenance,measured,22.6,1351.3700800000001,45.433800000000005,moderate,1.55,2094.6236240000003,1.0276950299121663,1.708630930619611,2152.6342879214103,100.29663562737117,2269.7,100.6,underweight
39,Male,127.5,1.82,180,161,70,1.26,1116.0,Strength,29.8,3.0,3,2,38.49172805216761,182.0,38.49,fat_loss,measured,29.8,2303.308,89.505,moderate,1.55,3570.1274000000003,0.7825885286315836,2.083089945126796,2793.9407489933014,265.59396800366653,2759.9,274.7,obese
43,Female,68.6,1.52,173,137,68,1.42,875.0,Yoga,28.1,2.6,4,2,29.691828254847643,152.0,29.69,maintenance,measured,28.1,1435.38544,49.32339999999999,active,1.725,2476.0398840000003,0.9874939045823117,1.7410562410812098,2445.074292952694,119.43645813817098,2540.4,121.0,overweight
42,Female,56.7,1.53,192,149,74,1.07,717.0,Strength,27.4,1.9,3,1,24.22145328719723,153.0,24.22,maintenance,measured,27.4,1259.1467200000002,41.1642,moderate,1.5250000000000001,1920.1987480000005,1.029053937701481,1.5355594690263807,1975.988082798854,87.0662218937958,1965.2,87.2,normal
34,Female,64.5,1.78,169,144,64,1.33,958.0,Yoga,27.8,1.8,4,2,20.357278121449312,178.0,20.36,muscle_gain,measured,27.8,1375.8904,46.568999999999996,active,1.725,2373.41094,1.101594815946655,2.1215496382750567,2614.537187615078,136.83995166874115,2657.7,139.7,normal
30,Female,61.6,1.52,178,138,71,1.78,1228.0,Cardio,19.5,2.7,4,3,26.662049861495845,152.0,26.66,maintenance,measured,19.5,1441.1008,49.587999999999994,very_active,1.9,2738.09152,0.9817145967738782,1.4879115816521078,2688.024412486775,91.65535342976985,2820.4,93.2,overweight
37,Male,75.1,1.82,189,127,60,1.23,859.0,Yoga,26.4,3.2,4,2,22.672382562492448,182.0,22.67,fat_loss,measured,26.4,1563.90976,55.273599999999995,moderate,1.55,2424.060128,0.8168137137225017,2.2805000571808454,1980.0055554383227,171.2655542942815,2005.1,165.7,normal
42,Male,79.3,1.93,181,147,50,1.22,888.0,Cardio,27.3,3.3,2,1,21.289162125157723,193.0,21.29,maintenance,measured,27.3,1615.26376,57.6511,light,1.35,2180.606076,0.987376845489847,1.418315371932773,2153.079948576874,112.47240899426889,2210.8,104.5,normal
21,Female,72.6,1.68,162,127,70,1.19,756.0,Cardio,34.2,1.8,3,2,25.72278911564626,168.0,25.72,fat_loss,measured,34.2,1401.8492799999997,47.77079999999999,moderate,1.55,2172.8663839999995,0.7901775744377588,2.132357969364133,1716.9502888864633,154.80918857583603,1783.2,156.4,overweight
27,Male,76.7,1.7,196,150,56,0.96,792.0,HIIT,29.1,2.1,3,1,26.539792387543258,170.0,26.54,fat_loss,measured,29.1,1544.61448,54.3803,light,1.35,2085.2295480000002,0.8132397268724962,2.1594472653569667,1699.0759280000002,165.62960525287934,1761.4,165.0,overweight
20,Female,44.2,1.61,177,122,69,1.08,659.0,HIIT,32.4,2.5,2,1,17.051811272713245,161.0,17.05,muscle_gain,measured,32.4,1015.39072,29.879199999999997,light,1.35,1370.777472,1.1162502426729908,2.1434419374632103,1530.1306857706688,94.7401336358739,1504.0,94.4,underweight
58,Female,56.5,1.7,170,122,57,0.74,406.0,Yoga,27.0,2.7,2,1,19.550173010380625,170.0,19.55,fat_loss,measured,27.0,1260.892,41.245,sedentary,1.2,1513.0704,0.7879351168608336,2.2481973008263574,1386.9812000000002,127.02314749668919,1453.8,129.2,normal
35,Male,100.9,1.63,161,163,59,1.1,986.0,Cardio,28.4,3.1,2,1,37.97658925815801,163.0,37.98,fat_loss,measured,28.4,1930.4790400000002,72.2444,light,1.35,2606.146704,0.8080872211367066,2.0152353024097427,2123.526944,203.33724201314305,2123.5,211.3,obese
53,Female,55.8,1.55,171,141,54,1.12,711.0,Strength,27.0,1.8,4,2,23.2258064516129,155.0,23.23,maintenance,measured,27.0,1249.8544,40.733999999999995,moderate,1.55,1937.27432,1.0244000987917354,1.6062927887176812,1984.544004794692,89.6311376104466,1946.3,91.5,normal
39,Male,58.3,1.93,165,136,58,1.35,1010.0,Cardio,27.4,3.7,4,2,15.651426883943193,193.0,15.65,muscle_gain,measured,27.4,1284.2372799999998,42.325799999999994,active,1.725,2215.309308,1.1471292897925112,1.9741451653184767,2541.246193156779,115.09266313806718,2545.7,111.7,underweight
51,Male,48.6,1.77,199,155,74,1.47,1128.0,Strength,26.9,3.5,2,1,15.512783682849754,177.0,15.51,maintenance,measured,26.9,1137.3745600000002,35.52660000000001,light,1.35,1535.4556560000003,1.0113088394928846,1.4470258620603955,1552.8198775621463,70.32545689613522,1640.2,70.6,underweight
25,Male,81.7,1.95,188,136,74,1.94,1451.0,Yoga,13.8,3.5,4,3,21.485864562787643,195.0,21.49,muscle_gain,measured,13.8,1891.18864,70.4254,very_active,1.9,3593.258416,1.1095737906723686,1.9114445263182758,3986.985361506511,156.16501780020315,3914.6,157.8,normal
57,Male,85.6,1.69,189,133,50,1.76,1159.0,Yoga,12.7,3.5,5,3,29.970939392878403,169.0,29.97,maintenance,measured,12.7,1984.1420799999999,74.72879999999999,very_active,1.9,3769.8699519999996,1.0024784175011625,1.5424759431288466,3779.213263666143,132.03594073182927,3879.1,132.0,overweight
36,Female,60.0,1.72,161,128,51,1.63,1043.0,Strength,18.2,2.7,5,3,20.281233098972418,172.0,20.28,muscle_gain,measured,18.2,1430.1280000000002,49.080000000000005,very_active,1.9,2717.2432000000003,1.1221645776531148,1.9448078563040798,3049.194067908799,116.68847137824478,3024.2,113.5,normal
59,Male,126.4,1.69,168,149,68,1.24,915.0,Strength,29.5,2.9,3,1,44.25615349602606,169.0,44.26,fat_loss,measured,29.5,2294.8192000000004,89.11200000000001,moderate,1.5250000000000001,3499.599280000001,0.7959347192503269,2.0805847867402716,2785.4525704154466,262.98591704397035,2977.0,268.7,obese
58,Female,75.4,1.78,161,140,63,1.05,662.0,Cardio,26.0,2.5,4,2,23.797500315616716,178.0,23.8,muscle_gain,measured,26.0,1575.1936000000003,55.79600000000001,moderate,1.55,2441.5500800000004,1.1022331915237893,2.0777573943516767,2691.1575369435636,156.66290753411644,2577.1,154.4,normal
54,Female,64.2,1.69,188,131,69,1.69,996.0,Yoga,16.5,2.7,4,3,22.478204544658805,169.0,22.48,muscle_gain,measured,16.5,1527.9112,53.607,active,1.75,2673.8446,1.1177235469001938,1.824141370872131,2988.6190701719297,117.10987600999081,2867.8,115.9,normal
23,Female,65.2,1.62,192,156,59,1.37,1069.0,Cardio,31.1,2.5,3,2,24.84377381496723,162.0,24.84,maintenance,measured,31.1,1340.33248,44.9228,moderate,1.55,2077.515344,0.9782914324560646,1.4527315517705297,2032.4154618312139,94.71809717543854,1942.3,95.7,normal
43,Female,70.1,1.66,169,151,58,0.99,673.0,Strength,34.6,2.6,2,1,25.439105820873856,166.0,25.44,muscle_gain,measured,34.6,1360.26064,45.84539999999999,light,1.35,1836.351864,1.1011384806485225,2.1674095939786637,2022.0777014610421,151.9354125379043,2009.2,155.2,overweight
51,Male,102.6,1.77,193,130,59,1.21,779.0,HIIT,21.0,3.4,2,1,32.74920999712726,177.0,32.75,fat_loss,measured,21.0,2120.7664000000004,81.054,light,1.35,2863.0346400000008,0.8287073477753486,2.1230408794745332,2372.6178431033504,217.8239942340871,2399.6,215.4,obese
23,Male,107.2,1.93,167,139,55,1.15,879.0,HIIT,20.2,3.1,4,2,28.779296088485598,193.0,28.78,fat_loss,measured,20.2,2217.78496,85.54560000000001,moderate,1.55,3437.566688,0.8298525949197513,2.275950724511321,2852.673636246495,243.98191766761363,2734.9,246.2,overweight
54,Female,56.5,1.75,196,154,66,1.76,1220.0,HIIT,15.3,2.7,5,3,18.448979591836736,175.0,18.45,maintenance,measured,15.3,1403.6788000000001,47.8555,very_active,1.9,2666.98972,0.978636210626253,1.7308518991633761,2610.0127133599713,97.79313230273075,2447.6,98.1,underweight
50,Female,61.6,1.75,192,166,74,1.22,911.0,Strength,25.5,2.2,4,2,20.114285714285714,175.0,20.11,muscle_gain,measured,25.5,1361.2672000000002,45.892,moderate,1.55,2109.9641600000004,1.1249901699168385,2.0836851859520804,2373.68893887684,128.35500745464816,2336.1,131.0,normal
39,Male,81.7,1.75,165,165,55,1.32,1198.0,Cardio,29.1,2.8,4,2,26.677551020408163,175.0,26.68,fat_loss,measured,29.1,1621.18648,57.9253,active,1.725,2796.546678,0.8163148505540533,2.103027402673712,2282.862583519004,171.81733879844228,2362.4,167.4,overweight
38,Female,76.6,1.58,199,130,53,0.74,481.0,Yoga,32.2,2.3,2,1,30.68418522672648,158.0,30.68,fat_loss,measured,32.2,1491.7916799999998,51.93479999999999,sedentary,1.2,1790.1500159999998,0.7957027165686725,2.2518014236280712,1640.970848,172.48798904991025,1641.0,166.8,obese
23,Male,116.8,1.79,178,127,69,1.0,698.0,Strength,26.8,3.4,4,2,36.45329421678474,179.0,36.45,fat_loss,measured,26.8,2216.74816,85.49759999999999,moderate,1.55,3435.9596480000005,0.800141835393137,2.2286764918260364,2749.255059087477,260.30941424528106,2672.9,255.3,obese
23,Female,60.1,1.59,191,123,52,1.8,1107.0,HIIT,17.6,2.7,4,3,23.772793797713696,159.0,23.77,muscle_gain,measured,17.6,1439.68384,49.5224,very_active,1.9,2735.3992959999996,1.1378313700593556,2.1757870807158497,3112.4231286270765,130.76480355102257,3203.7,130.5,normal
21,Male,93.7,1.73,186,146,72,1.0,803.0,Cardio,27.8,3.6,2,1,31.30742757860269,173.0,31.31,fat_loss,measured,27.8,1831.27024,67.6514,light,1.35,2472.214824,0.8242216039885742,2.0106115885324476,2037.6528676416108,188.39430584549035,2023.6,187.6,obese
47,Female,41.6,1.58,160,163,68,1.03,756.0,Yoga,26.6,2.1,4,2,16.663996154462424,158.0,16.66,muscle_gain,measured,26.6,1029.54304,30.5344,moderate,1.55,1595.7917120000002,1.1313451512689143,1.967056608472808,1805.39121580632,81.82955491246882,1808.8,79.3,underweight
28,Female,55.1,1.79,192,159,67,1.99,1582.0,Yoga,17.0,2.7,5,3,17.196716706719517,179.0,17.2,muscle_gain,measured,17.0,1357.8328000000001,45.733,very_active,1.9,2579.88232,1.1336742420579715,2.1768050261391068,2924.7461337247614,119.94195694026479,2802.2,123.0,underweight
47,Male,127.1,1.76,199,157,73,0.71,552.0,Strength,24.9,3.0,2,1,41.03176652892562,176.0,41.03,fat_loss,measured,24.9,2431.7653600000003,95.4521,sedentary,1.2,2918.118432,0.7870262803055385,2.184548805872076,2674.9418960000007,277.65615322634085,2698.1,266.3,obese
48,Female,69.1,1.6,191,166,53,1.34,1001.0,Strength,26.1,2.0,4,2,26.992187499999993,160.0,26.99,fat_loss,measured,26.1,1473.00184,51.064899999999994,active,1.725,2540.928174,0.80621796804309,2.3952237909720946,2048.541949385719,165.50996395617173,2067.3,159.6,overweight
41,Female,66.8,1.74,164,149,57,1.34,898.0,Yoga,29.2,2.3,3,1,22.063680803276522,174.0,22.06,maintenance,measured,29.2,1391.55904,47.294399999999996,moderate,1.5250000000000001,2122.1275360000004,0.9907598991473111,1.682725152586474,2102.5188635450922,112.40604019277646,2156.3,109.4,normal
26,Male,125.5,1.76,176,163,66,1.15,1031.0,Yoga,23.2,3.1,4,2,40.515237603305785,176.0,40.52,fat_loss,measured,23.2,2451.8944,96.384,moderate,1.55,3800.4363200000003,0.8035534413856498,2.1235229544048635,3053.8536837030147,266.50213077781035,3130.7,271.6,obese
20,Female,71.3,1.58,167,167,54,1.07,893.0,HIIT,25.4,1.5,3,2,28.561128024355067,158.0,28.56,muscle_gain,measured,25.4,1518.89968,53.1898,moderate,1.55,2354.294504,1.1117891866052871,2.1954556960510794,2617.479171631458,156.53599112844196,2608.8,152.4,overweight
48,Male,129.2,1.61,193,167,62,1.06,876.0,Yoga,21.4,2.9,4,2,49.84375602793101,161.0,49.84,fat_loss,measured,21.4,2563.50592,101.5512,moderate,1.55,3973.434176,0.8036159541923531,2.2226836665628444,3193.1150967667463,287.17072971991945,3255.1,285.9,obese
57,Male,96.3,1.86,168,146,74,1.1,795.0,Strength,27.6,2.2,3,2,27.83558792924037,186.0,27.84,fat_loss,measured,27.6,1875.97792,69.7212,moderate,1.55,2907.765776,0.7914834266017359,2.005963002468358,2301.448420143736,193.17423713770285,2213.6,185.1,overweight
54,Female,67.5,1.54,182,140,50,0.72,454.0,Cardio,25.2,1.5,3,1,28.461797942317425,154.0,28.46,maintenance,measured,25.2,1460.584,50.49,light,1.35,1971.7884000000001,0.9858017625822546,1.7631333877488784,1943.7924801592437,119.01150367304929,1916.6,119.2,overweight
53,Female,64.4,1.55,194,139,62,1.77,1107.0,HIIT,19.7,2.7,4,3,26.8054110301769,155.0,26.81,muscle_gain,measured,19.7,1487.0051200000003,51.71320000000001,very_active,1.9,2825.309728,1.135344680187265,1.9467555445615674,3207.700369566129,125.37105706976496,3275.7,121.5,overweight
41,Female,64.9,1.57,166,123,53,1.04,576.0,HIIT,25.9,2.4,4,2,26.329668546391336,157.0,26.33,maintenance,measured,25.9,1408.7634400000002,48.090900000000005,moderate,1.55,2183.583332,0.9763286517717018,1.674151327350683,2131.8949705627206,108.65242114505934,2013.2,111.7,overweight
48,Female,52.3,1.66,174,130,71,0.74,433.0,Yoga,33.0,1.8,3,1,18.97953258818406,166.0,18.98,muscle_gain,measured,33.0,1126.8856,35.041,light,1.35,1521.2955600000003,1.1149945673714432,2.034303601249128,1696.2362847662978,106.39407834532938,1631.8,109.1,normal
23,Female,56.7,1.55,179,132,73,1.38,911.0,Cardio,34.0,1.9,4,2,23.600416233090527,155.0,23.6,maintenance,measured,34.0,1178.3152,37.422,active,1.725,2032.59372,0.9910625549686035,1.6873108522920046,2014.4275253563383,95.67052532495667,1972.8,99.9,normal
19,Female,46.8,1.63,184,128,63,1.35,864.0,HIIT,34.4,1.6,4,2,17.614513154428092,163.0,17.61,muscle_gain,measured,34.4,1033.13728,30.7008,active,1.725,1782.161808,1.107309930939505,2.1102262400408978,1973.4054685395033,98.75858803391401,2005.2,98.2,underweight
37,Female,70.3,1.77,162,123,52,1.01,621.0,Strength,33.7,1.7,2,1,22.43927351655016,177.0,22.44,maintenance,measured,33.7,1376.75224,46.6089,light,1.35,1858.615524,0.9801189152454161,1.799821305123027,1821.6642312411707,126.52743775014879,1844.2,123.4,normal
45,Male,80.8,1.76,183,131,54,1.7,1102.0,Yoga,11.4,3.5,4,3,26.084710743801654,176.0,26.08,muscle_gain,measured,11.4,1916.31808,71.58879999999999,active,1.75,3353.55664,1.1242436676079715,2.089200400681588,3770.2148164846653,168.80739237507228,3646.2,163.1,overweight
28,Female,56.0,1.5,193,128,56,1.94,1242.0,Strength,16.7,2.7,5,3,24.88888888888889,150.0,24.89,maintenance,measured,16.7,1377.5968,46.647999999999996,very_active,1.9,2617.43392,0.9988259861117544,1.794524580569589,2614.361016226355,100.49337651189698,2625.1,105.2,normal
21,Male,101.2,1.84,181,132,50,1.3,944.0,Yoga,24.3,3.3,2,1,29.891304347826086,184.0,29.89,maintenance,measured,24.3,2024.7414400000002,76.6084,light,1.35,2733.4009440000004,0.9714035000087468,1.4115603068949372,2655.235243928813,142.84990305776765,2754.2,145.2,overweight
32,Female,56.6,1.57,170,167,72,1.65,1378.0,HIIT,15.7,2.7,4,3,22.962391983447603,157.0,22.96,muscle_gain,measured,15.7,1400.61808,47.7138,active,1.75,2451.08164,1.1150281399175885,2.1210193353774236,2733.025001835352,120.04969438236218,2837.0,117.0,normal
23,Female,40.9,1.75,167,145,61,0.82,594.0,Yoga,25.2,2.1,3,1,13.355102040816327,175.0,13.36,muscle_gain,measured,25.2,1030.81312,30.5932,light,1.35,1391.5977120000002,1.1291924858604623,2.1742196034961,1571.381679731012,88.92558178299049,1486.2,88.1,underweight
47,Male,127.8,1.65,198,157,60,0.77,598.0,Cardio,28.7,3.5,2,1,46.94214876033058,165.0,46.94,fat_loss,measured,28.7,2338.22224,91.12140000000001,light,1.35,3156.6000240000003,0.8235700514580184,2.1535198501629123,2599.6812441980624,275.2198368508202,2572.0,277.6,obese
55,Female,49.3,1.76,194,161,73,1.28,927.0,Strength,30.5,2.0,2,1,15.915547520661157,176.0,15.92,maintenance,measured,30.5,1110.0916000000002,34.2635,light,1.35,1498.6236600000004,1.0032484389106215,1.5941568563393935,1503.4918474095225,78.5919330175321,1546.8,77.8,underweight
19,Female,64.3,1.63,197,132,57,1.87,1234.0,Cardio,18.0,2.7,5,3,24.201136663028343,163.0,24.2,muscle_gain,measured,18.0,1508.8816000000002,52.726,very_active,1.9,2866.8750400000004,1.147934112892225,1.8151621495542416,3290.9836558152624,116.71492621633773,3405.0,120.8,normal
32,Male,49.3,1.62,167,158,74,1.18,1025.0,Strength,29.3,2.5,3,2,18.78524615150129,162.0,18.79,fat_loss,measured,29.3,1122.87016,34.8551,moderate,1.55,1740.448748,0.781245769068572,2.090077380592505,1359.7182206556934,103.04081486321049,1343.8,106.6,normal
28,Female,63.0,1.62,196,147,55,0.68,500.0,Strength,31.7,1.9,2,1,24.005486968449926,162.0,24.01,muscle_gain,measured,31.7,1299.4264000000003,43.029,sedentary,1.2,1559.3116800000003,1.123838653627241,1.8989079848846266,1752.4147390364315,119.63120304773147,1735.2,114.7,normal
25,Female,41.1,1.67,186,138,71,1.03,711.0,Yoga,31.9,2.4,3,2,14.736993079708846,167.0,14.74,muscle_gain,measured,31.9,974.5645600000001,27.989100000000004,moderate,1.55,1510.5750680000003,1.1192175558810393,2.115228581835989,1690.6621355817952,86.93589471345915,1731.7,90.2,underweight
43,Female,40.5,1.74,187,143,51,1.5,965.0,HIIT,32.9,2.2,3,2,13.3769322235434,174.0,13.38,muscle_gain,measured,32.9,956.9908000000001,27.175500000000003,moderate,1.55,1483.3357400000002,1.1424717649456035,2.1152070696762877,1694.669200884693,85.66588632188964,1776.5,87.3,underweight
22,Male,71.0,1.62,199,138,68,0.91,691.0,HIIT,21.2,3.5,2,1,27.053802773967377,162.0,27.05,maintenance,measured,21.2,1578.4768000000001,55.948,light,1.35,2130.9436800000003,1.024001828301581,1.4285751606006245,2182.0902243276996,101.42883640264434,2150.8,99.1,overweight
23,Female,60.9,1.62,193,168,69,1.59,1336.0,Cardio,16.8,2.7,5,3,23.205304069501594,162.0,23.21,muscle_gain,measured,16.8,1464.44608,50.6688,very_active,1.9,2782.4475519999996,1.123446209622297,2.166750589975906,3125.930155767239,131.95511092953265,2985.5,131.0,normal
43,Female,64.7,1.66,191,132,69,1.88,1117.0,Yoga,19.8,2.7,4,3,23.47946000870954,166.0,23.48,muscle_gain,measured,19.8,1490.81104,51.8894,very_active,1.9,2832.540976,1.1199678257250483,2.192566646302841,3172.354758167826,141.8590620157938,3135.9,136.7,normal
21,Female,51.0,1.71,174,132,73,1.07,706.0,HIIT,34.2,2.2,3,2,17.441263978660103,171.0,17.44,muscle_gain,measured,34.2,1094.8528,33.55799999999999,moderate,1.55,1697.0218399999999,1.131268739152009,2.1764128990534655,1919.7877572502223,110.99705785172674,1963.8,110.8,underweight
36,Female,57.7,1.77,176,147,63,1.65,1213.0,Strength,19.4,2.7,4,3,18.41744070988541,177.0,18.42,muscle_gain,measured,19.4,1374.5339200000003,46.50620000000001,active,1.75,2405.4343600000007,1.104866437151278,2.053490677579945,2657.6836911344653,118.48641209636284,2466.1,115.8,underweight
37,Male,76.9,1.82,192,121,50,1.49,992.0,Strength,24.5,2.8,4,2,23.215795193817172,182.0,23.22,fat_loss,measured,24.5,1624.0852000000002,58.05950000000001,active,1.725,2801.5469700000003,0.7824039655646711,2.3567536751222953,2191.9414590436886,181.23435761690453,2126.1,178.6,normal
50,Male,80.5,1.77,175,129,59,1.85,1181.0,Yoga,14.3,3.5,4,3,25.695042931469242,177.0,25.7,muscle_gain,measured,14.3,1860.1516000000001,68.9885,very_active,1.9,3534.28804,1.144347564312223,2.0263126365427997,4044.4539101518203,163.11816724169537,4091.3,161.3,overweight
37,Female,73.3,1.74,188,141,65,1.03,726.0,Cardio,25.5,2.4,3,2,24.210595851499537,174.0,24.21,muscle_gain,measured,25.5,1549.5436,54.6085,moderate,1.55,2401.79258,1.1357761737643763,2.106116805356286,2727.89878668807,154.37836183261578,2659.9,151.5,normal
29,Female,49.0,1.57,168,132,53,1.33,878.0,Yoga,26.5,2.6,3,2,19.879102600511175,157.0,19.88,muscle_gain,measured,26.5,1147.924,36.015,moderate,1.55,1779.2822,1.1123736401440616,1.838661992901749,1979.2266176575342,90.0944376521857,1961.8,91.5,normal
18,Male,114.5,1.97,192,128,60,1.03,725.0,Cardio,24.1,2.6,3,1,29.503465690947976,197.0,29.5,fat_loss,measured,24.1,2247.1588,86.9055,moderate,1.5250000000000001,3426.9171700000006,0.8096911558692338,2.3953856756040177,2774.744524445424,274.27165985666005,2793.3,262.0,overweight
43,Male,81.0,1.78,188,152,65,1.58,1189.0,Yoga,12.4,3.5,5,3,25.5649539199596,178.0,25.56,maintenance,measured,12.4,1902.6496000000002,70.956,very_active,1.9,3615.0342400000004,0.9729136349655035,1.5050315970343373,3517.116102963157,121.90755935978132,3514.1,124.2,overweight
31,Female,53.5,1.76,172,133,69,1.22,811.0,Strength,27.6,1.8,4,2,17.271435950413224,176.0,17.27,muscle_gain,measured,27.6,1206.6544000000001,38.734,moderate,1.55,1870.3143200000002,1.11973563715579,2.1390929735871773,2094.2575967867983,114.44147408691398,2074.9,114.8,underweight
55,Male,52.1,1.68,180,167,50,0.77,637.0,Yoga,23.6,3.0,3,1,18.459467120181408,168.0,18.46,fat_loss,measured,23.6,1229.77504,39.8044,light,1.35,1660.196304,0.8101656135214209,2.0426119426251477,1352.7525440000002,106.42008221077019,1352.8,104.9,underweight
54,Female,70.1,1.52,180,139,65,0.76,475.0,HIIT,26.6,2.1,2,1,30.341066481994456,152.0,30.34,fat_loss,measured,26.6,1481.39344,51.453399999999995,light,1.35,1999.8811440000002,0.8147547099196477,2.2827350212454096,1629.5327840000002,160.0197249893032,1681.2,154.7,obese
28,Male,86.9,1.78,164,134,68,1.29,951.0,HIIT,24.9,3.7,4,2,27.427092538820858,178.0,27.43,fat_loss,measured,24.9,1779.6570400000003,65.26190000000001,active,1.725,3069.9083940000005,0.8095481433147624,2.0114486938859306,2485.2386405091047,174.79489149868738,2578.2,162.8,overweight
53,Male,73.4,1.76,169,151,70,1.09,815.0,Yoga,27.9,2.8,3,2,23.69576446280992,176.0,23.7,fat_loss,measured,27.9,1513.1022400000004,52.92140000000001,moderate,1.55,2345.3084720000006,0.7873351931759721,2.1895672495771663,1846.5438988593644,160.714236118964,1913.5,166.0,normal
30,Male,90.0,1.66,165,152,71,1.32,1104.0,Cardio,26.6,2.1,4,2,32.660763536072004,166.0,32.66,fat_loss,measured,26.6,1796.8960000000002,66.06,active,1.725,3099.6456000000003,0.8265057746384434,2.0270818139330644,2561.874987732643,182.4373632539758,2648.0,175.3,obese
20,Male,85.7,1.92,172,136,58,1.72,1287.0,Cardio,10.5,3.5,5,3,23.247612847222225,192.0,23.25,muscle_gain,measured,10.5,2026.7524000000003,76.70150000000001,very_active,1.9,3850.8295600000006,1.1400534102966642,1.9778049782801719,4390.1513723492035,169.49788663861074,4533.3,171.8,normal
50,Female,70.4,1.55,160,143,58,0.73,470.0,Strength,29.9,2.7,2,1,29.30280957336108,155.0,29.3,fat_loss,measured,29.9,1435.9686400000003,49.35040000000001,sedentary,1.2,1723.1623680000002,0.7886588786918383,2.079059751005184,1579.5655040000004,146.36580647076497,1579.6,142.6,overweight
23,Male,57.7,1.71,179,149,58,1.15,942.0,Strength,27.0,3.4,3,2,19.732567285660547,171.0,19.73,muscle_gain,measured,27.0,1279.8136,42.121,moderate,1.55,1983.71108,1.1119473624630223,1.850965832306628,2205.7823032946735,106.80072852409245,2203.5,107.4,normal
27,Male,75.7,1.76,167,132,66,0.68,494.0,Cardio,25.3,2.3,3,1,24.43827479338843,176.0,24.44,maintenance,measured,25.3,1591.43464,56.5479,light,1.35,2148.436764,1.0247196343659146,1.5494666851196055,2201.545335264369,117.29462806355414,2332.4,112.9,normal
22,Female,61.8,1.52,169,166,61,1.83,1519.0,Yoga,17.0,2.7,5,3,26.74861495844875,152.0,26.75,muscle_gain,measured,17.0,1477.9504,51.294,very_active,1.9,2808.10576,1.1065583333755549,2.124201524673496,3107.332829727896,131.27565422482203,2982.8,132.7,overweight
40,Male,80.3,1.76,168,167,74,1.63,1497.0,Strength,13.1,3.5,5,3,25.923295454545453,176.0,25.92,maintenance,measured,13.1,1877.26312,69.7807,very_active,1.9,3566.799928,1.018158047728074,1.6466384251401718,3631.566051329115,132.22506553875579,3530.5,128.0,overweight
27,Male,104.3,1.68,162,135,62,1.28,950.0,Cardio,29.7,3.5,3,2,36.95436507936508,168.0,36.95,fat_loss,measured,29.7,1953.77464,73.3229,moderate,1.55,3028.3506920000004,0.8252740258648626,2.328769482614504,2499.219167317483,242.89065703669274,2488.7,247.3,obese
19,Female,65.7,1.58,170,121,57,1.46,883.0,Cardio,25.9,1.9,3,2,26.31789777279282,158.0,26.32,maintenance,measured,25.9,1421.5679200000002,48.6837,moderate,1.55,2203.4302760000005,1.0048675172020052,1.6786743384358243,2214.1555107718495,110.28890403523366,2175.7,111.2,overweight
30,Male,120.3,1.96,171,136,65,0.66,494.0,Yoga,23.9,2.6,2,1,31.315077051228656,196.0,31.32,fat_loss,measured,23.9,2347.4432800000004,91.5483,sedentary,1.2,2816.9319360000004,0.8280670708385721,2.0520767834604547,2582.1876080000006,246.8648370502927,2676.1,227.9,obese
57,Female,51.9,1.57,169,151,67,1.05,713.0,HIIT,29.1,2.6,3,2,21.055620917684287,157.0,21.06,maintenance,measured,29.1,1164.81736,36.7971,moderate,1.55,1805.466908,0.9781271253189282,1.7824809510303843,1765.9761565804938,92.51076135847694,1743.5,89.9,normal
19,Female,59.1,1.57,184,162,50,1.65,1336.0,Cardio,17.9,2.7,5,3,23.976631912045114,157.0,23.98,maintenance,measured,17.9,1418.05576,48.5211,very_active,1.9,2694.3059439999997,1.0064228847795467,1.661567974902351,2711.6111606391596,98.19866731672896,2660.5,104.7,normal
37,Female,66.9,1.75,184,127,50,1.38,876.0,Strength,26.5,2.1,4,2,21.844897959183676,175.0,21.84,muscle_gain,measured,26.5,1432.1044000000002,49.1715,active,1.725,2470.3800900000006,1.1100969489167731,2.120754524331951,2742.361400573744,141.87847767780752,2662.3,144.6,normal
18,Female,66.9,1.75,170,122,61,0.94,573.0,Yoga,26.8,1.7,2,1,21.844897959183676,175.0,21.84,muscle_gain,measured,26.8,1427.7692800000002,48.970800000000004,light,1.35,1927.4885280000003,1.1300968477455586,2.0313902133162385,2178.2487095585275,135.90000527085635,2162.6,140.8,normal
54,Male,78.7,1.66,195,131,55,1.42,921.0,Yoga,22.9,2.6,3,2,28.560023225431852,166.0,28.56,fat_loss,measured,22.9,1680.63832,60.6777,moderate,1.55,2604.989396,0.8223469614463305,2.0641850104550428,2142.205114400512,162.45136032281187,2114.7,160.2,overweight
26,Female,62.4,1.61,198,139,58,1.88,1307.0,Yoga,19.8,2.7,4,3,24.0731453261834,161.0,24.07,muscle_gain,measured,19.8,1450.9676800000002,50.0448,very_active,1.9,2756.838592,1.1011824277570308,2.1337463408117996,3035.7822136728346,133.1457716666563,3013.8,128.7,normal
34,Male,102.1,1.71,185,135,72,0.96,713.0,HIIT,27.3,3.2,2,1,34.916726514141104,171.0,34.92,fat_loss,measured,27.3,1973.29672,74.2267,light,1.35,2663.950572,0.8208065263166477,2.1454379567507416,2186.588015282567,219.04921538425072,2176.1,211.5,obese
26,Male,51.9,2.0,173,133,54,0.75,549.0,HIIT,26.6,2.3,2,1,12.975,200.0,12.97,muscle_gain,measured,26.6,1192.84336,38.0946,light,1.35,1610.3385360000002,1.1270658773799256,2.084461452797516,1814.957614955545,108.18354940019108,1810.5,107.1,underweight
28,Male,58.3,2.0,198,135,65,1.32,980.0,Strength,28.2,3.0,4,2,14.575,200.0,14.57,maintenance,measured,28.2,1274.16304,41.859399999999994,active,1.725,2197.931244,0.9980429237348509,1.571112559738258,2193.6297249299378,91.59586223274044,2223.0,89.9,underweight
32,Male,89.8,1.92,199,168,67,1.93,1783.0,Strength,10.6,3.5,4,3,24.35980902777778,192.0,24.36,muscle_gain,measured,10.6,2104.07392,80.2812,very_active,1.9,3997.7404479999996,1.1023631038930175,1.96539382368645,4406.961568815942,176.49236536704322,4351.8,177.0,normal
41,Male,101.1,1.83,160,162,66,0.79,634.0,Yoga,28.6,3.2,2,1,30.189017289259155,183.0,30.19,fat_loss,measured,28.6,1929.20464,72.18539999999999,light,1.35,2604.426264,0.7963959124883948,2.2051259958406755,2122.125104,222.9382381794923,2215.1,215.9,obese
55,Male,118.6,1.72,163,168,67,0.77,640.0,Strength,25.9,2.6,3,1,40.08923742563548,172.0,40.09,fat_loss,measured,25.9,2268.2641599999997,87.8826,light,1.35,3062.1566159999998,0.8187889841635541,2.009730958926645,2507.2601049643463,238.3540917287001,2495.1,240.9,obese
52,Male,84.8,1.85,189,152,50,1.19,895.0,Cardio,23.4,3.2,2,1,24.777209642074503,185.0,24.78,muscle_gain,measured,23.4,1773.06688,64.9568,light,1.35,2393.640288,1.1056639213000876,2.1230931384727683,2646.561707011951,180.03829814249073,2724.8,172.9,normal
47,Male,80.0,1.77,171,149,68,0.72,531.0,HIIT,28.2,3.5,3,1,25.53544639152223,177.0,25.54,muscle_gain,measured,28.2,1610.704,57.44,light,1.35,2174.4504,1.1018897123286144,1.8793960815868251,2396.0045257288407,150.35168652694603,2430.3,146.5,overweight
48,Male,73.1,1.83,194,131,71,1.05,681.0,Yoga,28.0,2.8,4,2,21.828062946041978,183.0,21.83,muscle_gain,measured,28.0,1506.8511999999998,52.63199999999999,moderate,1.55,2335.6193599999997,1.1043579651581243,2.081078320717907,2579.35984379352,152.126825244479,2581.2,153.6,normal
22,Male,117.3,1.68,172,134,57,1.24,914.0,Yoga,28.5,2.7,3,2,41.56037414965987,168.0,41.56,fat_loss,measured,28.5,2181.5812,83.8695,moderate,1.55,3381.4508600000004,0.8038296056660307,2.3336688275015853,2718.1103113728605,273.73935346593595,2683.4,282.2,obese
31,Female,77.4,1.71,190,137,52,1.26,863.0,Cardio,26.2,1.8,4,2,26.469682979378273,171.0,26.47,fat_loss,measured,26.2,1603.8179200000002,57.1212,active,1.725,2766.5859120000005,0.8110897815346793,2.2816312363127538,2243.949562961002,176.59825769060714,2222.0,182.0,overweight
28,Female,72.9,1.67,197,147,74,1.13,831.0,Cardio,34.7,2.2,3,2,26.139338090286497,167.0,26.14,fat_loss,measured,34.7,1398.2399200000002,47.6037,moderate,1.55,2167.2718760000002,0.7830928380303384,2.283456604039432,1697.1750841601759,166.4639864344746,1702.1,167.2,overweight
26,Female,71.2,1.5,182,142,54,1.15,816.0,Cardio,34.6,2.6,2,1,31.644444444444446,150.0,31.64,fat_loss,measured,34.6,1375.79968,46.5648,light,1.35,1857.3295680000003,0.8177456617718372,2.384549297650372,1518.8231967125607,169.7799099927065,1597.9,172.1,obese
51,Male,88.2,1.62,163,133,72,1.56,1027.0,Cardio,11.8,3.5,4,3,33.6076817558299,162.0,33.61,fat_loss,measured,11.8,2050.31584,77.7924,active,1.75,3588.0527200000006,0.8180387114140125,2.331086788342958,2935.166023554343,205.6018547318489,3048.7,197.9,obese
29,Female,75.6,1.8,175,149,57,1.31,976.0,Yoga,25.7,1.9,4,2,23.33333333333333,180.0,23.33,muscle_gain,measured,25.7,1583.28928,56.17079999999999,active,1.725,2731.174008,1.1064911782335567,1.9454901612949396,3022.0199460727854,147.07905619389743,2922.5,150.1,normal
52,Female,57.9,1.56,166,152,68,1.66,1135.0,HIIT,15.8,2.7,4,3,23.791913214990135,156.0,23.79,muscle_gain,measured,15.8,1423.03888,48.751799999999996,active,1.75,2490.31804,1.1435616244463032,1.9926412959112607,2847.832143210334,115.373931033262,2920.2,116.8,normal
52,Female,70.6,1.58,181,164,67,1.02,753.0,HIIT,34.9,2.0,3,2,28.280724242909784,158.0,28.28,fat_loss,measured,34.9,1362.74896,45.9606,moderate,1.55,2112.260888,0.805803711249837,2.001821715244239,1702.067662678276,141.32861309624326,1679.9,140.2,overweight
18,Male,118.6,1.64,188,134,67,0.94,693.0,Cardio,25.6,2.7,3,1,44.0957763236169,164.0,44.1,fat_loss,measured,25.6,2275.9494400000003,88.2384,light,1.35,3072.531744000001,0.7809502021644076,2.0210673955343794,2503.5443840000007,239.69859311037737,2506.1,245.2,obese
57,Male,55.7,1.99,170,126,70,1.13,705.0,Strength,23.6,3.0,3,2,14.065301381278251,199.0,14.07,muscle_gain,measured,23.6,1289.18368,42.5548,moderate,1.55,1998.2347040000002,1.1202018805354794,2.0152071762325265,2238.4262731720573,112.24703971615173,2317.0,113.0,underweight
39,Male,102.3,1.94,192,134,50,0.89,656.0,Yoga,22.9,2.4,3,1,27.18142204272505,194.0,27.18,fat_loss,measured,22.9,2073.66328,78.8733,light,1.35,2799.4454280000004,0.8130595781146457,2.2939669579987676,2281.0296080000003,234.6728198032739,2281.0,234.6,overweight
46,Male,72.6,1.87,188,161,64,1.31,1044.0,HIIT,22.6,3.4,4,2,20.76124567474048,187.0,20.76,muscle_gain,measured,22.6,1583.75584,56.1924,active,1.725,2731.9788240000003,1.1261508258896997,2.0472812247265146,3076.620208960771,148.63261691514495,3117.3,147.8,normal
25,Female,63.8,1.68,198,165,67,0.95,784.0,Cardio,31.6,1.9,2,1,22.604875283446713,168.0,22.6,maintenance,measured,31.6,1312.60672,43.639199999999995,light,1.35,1772.019072,1.0096442489878712,1.605802062682481,1789.1088651416246,102.45017159914228,1832.2,102.1,normal
28,Female,67.3,1.67,171,157,74,0.61,479.0,Strength,29.2,2.3,3,1,24.1313779626376,167.0,24.13,maintenance,measured,29.2,1399.20544,47.648399999999995,light,1.35,1888.927344,0.973034452957419,1.727257040166298,1837.9913848453502,116.24439880319186,1817.6,116.9,normal
58,Female,59.3,1.58,166,165,56,1.97,1463.0,Strength,19.8,2.7,4,3,23.754206056721674,158.0,23.75,muscle_gain,measured,19.8,1397.26576,47.5586,very_active,1.9,2654.804944,1.1428346368495501,1.9368122610237715,3034.0030440826304,114.85296707870964,2943.5,108.5,normal
54,Female,70.7,1.57,198,163,65,1.14,836.0,Cardio,31.8,2.1,3,1,28.682705180737557,157.0,28.68,fat_loss,measured,31.8,1411.49584,48.2174,moderate,1.5250000000000001,2152.5311560000005,0.816629405176606,2.087939962791969,1757.8202375483925,147.61735536939221,1770.7,149.8,overweight
31,Male,86.9,1.69,185,130,65,1.72,1230.0,Yoga,14.0,3.5,4,3,30.426105528517915,169.0,30.43,fat_loss,measured,14.0,1984.2544000000003,74.73400000000001,active,1.75,3472.4452000000006,0.8177316815000566,2.035979290008683,2839.5284523128007,176.92660030175458,2830.7,182.3,obese
47,Male,98.2,1.9,199,148,64,0.76,557.0,HIIT,22.9,3.0,3,1,27.202216066481995,190.0,27.2,maintenance,measured,22.9,2005.3835200000003,75.71220000000001,light,1.35,2707.2677520000007,1.0212006086002352,1.7136836171104446,2764.6634759861913,168.28373120024565,2678.9,162.9,overweight
52,Male,63.6,1.62,168,150,55,1.3,965.0,Strength,20.8,2.3,4,2,24.234110653863738,162.0,24.23,muscle_gain,measured,20.8,1458.01792,50.3712,active,1.725,2515.0809120000004,1.119132249878898,2.1777690841681516,2814.7081596740313,138.50611375309444,2942.6,134.4,normal
38,Female,45.2,1.68,193,144,58,1.01,727.0,HIIT,29.9,2.4,3,2,16.014739229024947,168.0,16.01,muscle_gain,measured,29.9,1054.4003200000002,31.685200000000005,moderate,1.55,1634.3204960000003,1.1240025719688849,1.8735825669252149,1836.9804409254639,84.68593202501971,1949.6,84.5,underweight
54,Male,117.2,1.62,172,143,56,1.04,736.0,HIIT,23.1,2.3,4,2,44.657826550830656,162.0,44.66,fat_loss,measured,23.1,2316.73888,90.1268,moderate,1.55,3590.945264,0.7803341637371277,2.268853967537865,2802.1372696092394,265.9096849954378,2880.8,275.0,obese
22,Male,107.4,1.74,195,138,63,1.34,1017.0,Strength,22.0,2.2,2,1,35.47364248910028,174.0,35.47,fat_loss,measured,22.0,2179.4752000000003,83.772,light,1.35,2942.2915200000007,0.7887215537473037,2.089126952768728,2397.4227200000005,224.37223472736142,2397.4,223.6,obese
36,Female,59.1,1.78,184,121,60,0.85,514.0,Cardio,34.5,2.2,2,1,18.652947860118672,178.0,18.65,muscle_gain,measured,34.5,1206.1468,38.7105,light,1.35,1628.29818,1.1319186583389356,1.9057194436354616,1843.1010912813306,112.62801911885579,1917.8,111.0,normal
31,Female,53.3,1.64,183,141,70,0.57,402.0,Strength,29.4,2.4,3,1,19.81707317073171,164.0,19.82,fat_loss,measured,29.4,1182.80368,37.629799999999996,light,1.35,1596.7849680000002,0.8086712256660609,2.1214187687433053,1301.0840480000002,113.07162037401817,1301.1,110.5,normal
43,Male,46.2,1.63,176,139,65,1.18,812.0,Strength,21.7,2.1,2,1,17.388686062704657,163.0,17.39,maintenance,measured,21.7,1151.37136,36.174600000000005,light,1.35,1554.3513360000002,0.9907546874545841,1.597855626479756,1539.9808720932954,73.82092994336473,1508.0,78.3,underweight
21,Male,67.0,1.61,161,152,74,1.32,1104.0,Yoga,22.0,2.1,3,2,25.847768218818715,161.0,25.85,maintenance,measured,22.0,1498.8160000000003,52.260000000000005,moderate,1.55,2323.1648000000005,0.9957861717573406,1.438080878407312,2313.375382553408,96.3514188532899,2242.0,99.5,overweight
42,Male,86.3,1.77,172,127,55,1.77,1113.0,HIIT,11.4,3.5,4,3,27.546362794854605,177.0,27.55,fat_loss,measured,11.4,2021.5748800000001,76.4618,very_active,1.9,3840.992272,0.818442357662446,2.3391160816146934,3143.630770858915,201.86571784334802,3196.2,199.6,overweight
59,Male,85.5,1.67,190,144,71,1.99,1418.0,Cardio,15.0,3.5,5,3,30.657248377496504,167.0,30.66,fat_loss,measured,15.0,1939.78,72.675,very_active,1.9,3685.582,0.8170683122272803,2.132114038606051,3011.372264315244,182.29575030081736,3116.2,192.4,obese
42,Male,70.2,1.87,188,165,65,1.38,1127.0,HIIT,22.7,3.4,3,2,20.074923503674682,187.0,20.07,maintenance,measured,22.7,1542.11536,54.2646,moderate,1.55,2390.278808,1.0017426486363026,1.7256322753280051,2394.4442241051443,121.13938572802597,2378.3,122.0,normal
35,Male,127.1,1.62,187,128,69,1.02,718.0,Strength,23.3,3.4,4,2,48.4301173601585,162.0,48.43,fat_loss,measured,23.3,2475.69112,97.4857,moderate,1.55,3837.321236,0.8101418550602619,2.3726588241142563,3108.7745445951773,301.564936544922,3268.8,289.7,obese
57,Female,75.6,1.67,186,153,65,1.05,723.0,Cardio,31.6,1.8,3,2,27.107461723260066,167.0,27.11,maintenance,measured,31.6,1486.94464,51.71039999999999,moderate,1.55,2304.764192,1.0240595710999794,1.6394738540994696,2360.2158299461107,123.94422336991988,2258.6,120.8,overweight
25,Female,62.6,1.65,174,142,61,1.2,852.0,Cardio,27.9,2.2,3,1,22.99357208448118,165.0,22.99,muscle_gain,measured,27.9,1344.9073600000002,45.134600000000006,moderate,1.5250000000000001,2050.9837240000006,1.101256319748965,2.1084148727870153,2258.658787757268,131.98677103646716,2166.8,131.8,normal
56,Female,55.7,1.53,190,124,66,1.91,1066.0,Cardio,16.1,2.7,5,3,23.794267162202573,153.0,23.79,muscle_gain,measured,16.1,1379.41768,46.7323,very_active,1.9,2620.893592,1.1367856177998787,1.8600129196249697,2979.394141169463,103.60271962311081,2974.5,99.1,normal
57,Male,96.1,1.74,199,144,54,1.21,862.0,Cardio,21.6,2.8,3,2,31.741313251420266,174.0,31.74,fat_loss,measured,21.6,1997.3958400000001,75.3424,moderate,1.55,3095.963552,0.8211972357194065,2.163441977887996,2542.396710790435,207.90677407503642,2647.5,200.7,obese
31,Female,76.7,1.62,174,127,74,1.39,883.0,Yoga,28.1,2.3,4,2,29.22572778539856,162.0,29.23,fat_loss,measured,28.1,1561.1816800000001,55.1473,active,1.725,2693.0383980000006,0.8263524787424199,2.0336395597498553,2225.398955535816,155.9801542328139,2214.2,155.1,overweight
49,Male,57.2,1.89,192,135,62,1.14,762.0,Cardio,21.1,3.5,2,1,16.012989557963106,189.0,16.01,muscle_gain,measured,21.1,1344.82528,45.1308,light,1.35,1815.5141280000003,1.1179757812959292,1.8851907110599435,2029.700825704598,107.83290867262878,1999.9,108.7,underweight
55,Male,69.9,1.81,179,167,57,1.2,992.0,Strength,20.2,2.1,4,2,21.336345044412564,181.0,21.34,maintenance,measured,20.2,1574.8523200000002,55.78020000000001,moderate,1.55,2441.0210960000004,0.9956000222227371,1.712474968306909,2430.2806574237707,119.70200028465294,2462.4,118.7,normal
50,Female,67.9,1.77,171,164,73,1.03,760.0,Yoga,33.0,2.4,3,2,21.673210124804495,177.0,21.67,fat_loss,measured,33.0,1352.6488000000002,45.493,moderate,1.55,2096.60564,0.811050223481717,2.109388207259378,1700.4524728750284,143.2274592729118,1729.5,148.0,normal
40,Male,87.9,1.87,196,134,54,1.96,1445.0,Strength,10.7,3.5,5,3,25.136549515284965,187.0,25.14,muscle_gain,measured,10.7,2065.48552,78.49470000000001,very_active,1.9,3924.422488,1.1231324738677966,2.031647470615739,4407.6463374498535,178.58181266712344,4296.7,176.2,overweight
32,Male,102.8,1.98,168,120,61,1.24,818.0,Strength,27.8,2.8,3,2,26.22181410060198,198.0,26.22,maintenance,measured,27.8,1973.18656,74.2216,moderate,1.55,3058.4391680000003,1.0269778548010329,1.7979981496155037,3140.949295792096,184.83420978047377,3053.6,183.6,overweight
50,Female,51.8,1.5,182,141,58,1.32,838.0,HIIT,33.0,2.2,3,1,23.022222222222222,150.0,23.02,maintenance,measured,33.0,1119.6496,34.705999999999996,moderate,1.5250000000000001,1707.4656400000001,0.9856171640985102,1.7776736390532555,1682.9074418924479,92.08349450295863,1666.1,91.7,normal
42,Female,57.7,1.57,167,122,52,1.83,1005.0,Cardio,17.7,2.7,4,3,23.40865755203051,157.0,23.41,muscle_gain,measured,17.7,1395.72136,47.4871,very_active,1.9,2651.870584,1.1009426551598653,1.9311385382654565,2919.5574418893025,111.42669365791684,2986.9,108.5,normal
34,Female,66.5,1.69,191,157,52,0.81,636.0,Cardio,28.1,2.3,3,1,23.283498476944086,169.0,23.28,maintenance,measured,28.1,1402.7716,47.8135,light,1.35,1893.7416600000001,1.0098218801435275,1.7684444344058368,1912.341763607325,117.60155488798814,1865.9,118.6,normal
50,Male,95.4,1.61,173,133,50,1.16,764.0,Strength,21.5,3.6,4,2,36.80413564291501,161.0,36.8,fat_loss,measured,21.5,1987.6024000000002,74.88900000000001,moderate,1.55,3080.7837200000004,0.826854564640805,2.314330178597727,2547.36008155308,220.78709903822315,2596.1,218.9,obese
19,Female,69.2,1.6,186,155,74,1.17,907.0,Cardio,32.4,1.6,3,1,27.031249999999996,160.0,27.03,fat_loss,measured,32.4,1380.4307199999998,46.779199999999996,moderate,1.5250000000000001,2105.156848,0.8293740553342096,2.152143733569426,1745.9624721403422,148.92834636300427,1769.5,152.6,overweight
31,Female,66.6,1.67,184,137,71,1.02,699.0,Yoga,31.0,1.5,4,2,23.880382946681486,167.0,23.88,maintenance,measured,31.0,1362.6064,45.95399999999999,moderate,1.55,2112.0399199999997,0.9720430598276256,1.7323444579153338,2052.9937463148935,115.37414089716121,2124.5,111.2,normal
57,Male,83.4,1.65,172,166,67,1.57,1290.0,HIIT,13.3,3.5,4,3,30.633608815427003,165.0,30.63,fat_loss,measured,13.3,1931.84848,72.3078,active,1.75,3380.73484,0.780531863716854,2.144258719792535,2638.7712653977005,178.83117723069745,2624.1,176.7,obese
57,Female,43.8,1.75,180,160,73,1.39,1001.0,Cardio,25.1,1.7,2,1,14.30204081632653,175.0,14.3,muscle_gain,measured,25.1,1078.61392,32.8062,light,1.35,1456.1287920000002,1.1188382815060822,2.0512440925398256,1629.1726352928076,89.84449125324436,1660.3,86.1,underweight
56,Female,64.2,1.69,190,137,61,1.99,1227.0,Cardio,19.6,2.7,5,3,22.478204544658805,169.0,22.48,muscle_gain,measured,19.6,1484.92288,51.616800000000005,very_active,1.9,2821.3534720000002,1.1269081090580524,1.840003887715862,3179.406106115891,118.12824959135834,3143.5,114.1,normal
23,Female,44.1,1.62,196,122,58,0.58,354.0,Yoga,25.7,2.7,2,1,16.80384087791495,162.0,16.8,muscle_gain,measured,25.7,1077.7520800000002,32.7663,sedentary,1.2,1293.3024960000002,1.1186228688336712,2.0650022932392553,1446.7177483452679,91.06660113185116,1407.9,90.0,underweight
23,Male,87.3,1.91,164,129,58,1.87,1327.0,HIIT,11.8,3.5,5,3,23.930265069488225,191.0,23.93,muscle_gain,measured,11.8,2033.16976,76.9986,very_active,1.9,3863.022544,1.101710118742997,1.8225206885902119,4255.931025657114,159.1060561139255,4235.3,155.5,normal
20,Male,55.0,1.6,172,168,67,1.12,1035.0,Yoga,24.0,3.2,4,2,21.484374999999996,160.0,21.48,fat_loss,measured,24.0,1272.88,41.8,moderate,1.55,1972.9640000000002,0.8136301437639374,2.2315133976276575,1605.262982961073,122.73323686952116,1702.2,125.7,normal
24,Male,87.1,1.74,187,158,67,1.57,1364.0,Strength,10.0,3.5,4,3,28.7686616461884,174.0,28.77,muscle_gain,measured,10.0,2063.224,78.39,active,1.75,3610.6420000000003,1.1206838054610682,2.1756840629969516,4046.3880167175626,189.50208188703448,3879.4,195.6,overweight
25,Male,66.6,1.61,184,166,56,1.38,1260.0,Strength,25.0,3.0,2,1,25.69345318467651,161.0,25.69,fat_loss,measured,25.0,1448.92,49.949999999999996,light,1.35,1956.0420000000001,0.813446733948264,2.0119871722802043,1593.8120000000001,133.9983456738616,1593.8,131.4,overweight
59,Female,60.4,1.76,194,120,53,1.72,929.0,Cardio,18.8,2.7,5,3,19.498966942148762,176.0,19.5,muscle_gain,measured,18.8,1429.36768,49.0448,very_active,1.9,2715.798592,1.1022701894645035,2.091746387591344,2993.543828551272,126.34148181051718,2999.0,125.7,normal
32,Male,126.4,1.83,198,146,62,1.1,883.0,HIIT,28.2,2.1,3,2,37.74373674938039,183.0,37.74,fat_loss,measured,28.2,2330.31232,90.7552,moderate,1.55,3611.984096,0.8125493305087237,2.2317010123530707,2934.9152590129574,282.0870079614281,2958.7,282.4,obese
46,Male,88.7,1.63,166,146,66,0.75,542.0,Strength,28.8,3.5,2,1,33.38477172644812,163.0,33.38,fat_loss,measured,28.8,1734.1350400000001,63.1544,light,1.35,2341.0823040000005,0.8146528898767498,2.1854938632243273,1907.5485440000002,193.85330566799783,1977.6,194.3,obese
